DBRep_DrawableShape

CASCADE Topology V1, (c) Matra-Datavision
Locations 177
1
              1               0               0               0 
              0               1               0               0 
              0               0               1               0 
1
              1               0               0               0 
              0               1               0               0 
              0               0               1               0 
1
              1               0               0               0 
              0               1               0               0 
              0               0               1               0 
1
              1               0               0               0 
              0               1               0               0 
              0               0               1               0 
2  2 1 3 -1 4 1 0
1
              1               0               0               0 
              0               1               0               0 
              0               0               1               0 
1
              1               0               0               0 
              0               1               0               0 
              0               0               1               0 
2  6 1 7 -1 0
2  4 -1 3 1 2 -1 0
1
              1               0               0               0 
              0               1               0               0 
              0               0               1               0 
1
              1               0               0               0 
              0               1               0               0 
              0               0               1              18 
2  10 1 11 1 7 -1 2 1 3 -1 4 1 0
2  7 1 11 -1 10 -1 0
2  6 1 11 -1 10 -1 0
1
              1               0               0               0 
              0               1               0               0 
              0               0               1               0 
1
              1               0               0               0 
              0               1               0               0 
              0               0               1               2 
1
              1               0               0               0 
              0               1               0               0 
              0               0               1               0 
1
              1               0               0               0 
              0               1               0               0 
              0               0               1               0 
2  15 -1 16 1 17 1 18 -1 6 1 11 -1 10 -1 0
1
              1               0               0               0 
              0               1               0               0 
              0               0               1               0 
2  20 -1 3 1 2 -1 7 1 11 -1 10 -1 0
2  4 -1 3 1 2 -1 7 1 11 -1 10 -1 0
2  6 1 7 -1 2 1 3 -1 4 1 0
2  15 -1 16 1 17 1 18 -1 0
2  10 1 11 1 6 -1 0
1
              1               0               0              -0 
              0               1               0              -0 
              0               0               1              -6 
2  18 -1 26 1 0
1
              1               0               0               0 
              0               1               0               0 
              0               0               1               0 
2  28 -1 4 -1 3 1 2 -1 0
1
              1               0               0               0 
              0               1               0               0 
              0               0               1               0 
2  30 -1 4 -1 3 1 2 -1 0
1
              1               0               0               0 
              0               1               0               0 
              0               0               1               0 
2  32 -1 4 -1 3 1 2 -1 0
2  10 1 11 1 7 -1 0
2  15 -1 16 1 17 1 18 -1 6 1 7 -1 0
2  15 -1 16 1 17 1 18 -1 6 1 7 -1 2 1 3 -1 4 1 0
2  18 -1 26 1 6 1 7 -1 2 1 3 -1 4 1 0
1
              1               0               0               0 
              0               1               0               0 
              0               0               1               0 
1
              1               0               0               0 
              0               1               0               0 
              0               0               1              16 
2  38 1 39 1 0
2  26 -1 18 1 39 -1 38 -1 0
1
              1               0               0               0 
              0               1               0               0 
              0               0               1               0 
1
              1               0               0               0 
              0               1               0               0 
              0               0               1              16 
1
              1               0               0               0 
              0               1               0               0 
              0               0               1               0 
2  42 1 43 -1 44 -1 0
1
              1               0               0               0 
              0               1               0               0 
              0               0               1              10 
2  46 -1 42 1 43 -1 44 -1 0
2  43 -1 44 -1 0
2  15 -1 17 1 43 -1 44 -1 0
1
              1               0               0               0 
              0               1               0               0 
              0               0               1               0 
1
              1               0               0               0 
              0               1               0               0 
              0               0               1              16 
1
              1               0               0               0 
              0               1               0               0 
              0               0               1               0 
2  50 1 51 -1 52 -1 0
1
              1               0               0              -0 
              0               1               0              -0 
              0               0               1             -10 
2  54 -1 50 1 51 -1 52 -1 0
1
              1               0               0               0 
              0               1               0               0 
              0               0               1               0 
1
              1               0               0               0 
              0               1               0               0 
              0               0               1              16 
1
              1               0               0               0 
              0               1               0               0 
              0               0               1               0 
2  56 1 57 -1 58 -1 0
1
              1               0               0              -0 
              0               1               0              -0 
              0               0               1              -6 
2  60 -1 56 1 57 -1 58 -1 0
2  18 1 39 -1 38 -1 0
2  39 -1 38 -1 0
2  15 -1 17 1 39 -1 38 -1 0
2  28 -1 0
2  30 -1 0
2  32 -1 0
2  38 1 39 1 18 -1 0
2  38 1 39 1 18 -1 26 1 0
2  2 1 3 -1 0
2  4 -1 0
1
              1               0               0               0 
              0               1               0               0 
              0               0               1               0 
1
              1               0               0               0 
              0               1               0               0 
              0               0               1              31 
2  72 1 73 1 3 -1 0
1
              1               0               0               0 
              0               1               0               0 
              0               0               1               0 
1
              1               0               0               0 
              0               1               0               0 
              0               0               1              31 
1
              1               0               0               0 
              0               1               0               0 
              0               0               1               0 
2  75 1 76 -1 77 -1 0
1
              1               0               0              -0 
              0               1               0              -0 
              0               0               1              -5 
2  79 -1 75 1 76 -1 77 -1 0
2  76 -1 77 -1 0
2  2 1 76 -1 77 -1 0
2  3 1 73 -1 72 -1 0
1
              1               0               0              -0 
              0               1               0              -0 
              0               0               1              -1 
2  84 -1 3 1 73 -1 72 -1 0
2  73 -1 72 -1 0
2  2 1 73 -1 72 -1 0
2  15 -1 17 1 18 -1 0
1
              1               0               0               0 
              0               1               0               0 
              0               0               1               0 
1
              1               0               0               0 
              0               1               0               0 
              0               0               1               0 
1
              1               0               0               0 
              0               1               0               0 
              0               0               1               0 
1
              1               0               0               0 
              0               1               0               0 
              0               0               1              10 
1
              1               0               0               0 
              0               1               0               0 
              0               0               1               0 
1
              1               0               0               0 
              0               1               0               0 
              0               0               1               0 
1
              1               0               0               0 
              0               1               0               0 
              0               0               1               0 
1
              1               0               0               0 
              0               1               0               0 
              0               0               1               6 
1
              1               0               0               0 
              0               1               0               0 
              0               0               1               0 
2  89 1 90 1 91 -1 92 1 93 1 94 1 95 -1 96 1 97 1 15 -1 17 1 18 -1 0
2  96 -1 95 1 94 -1 93 -1 92 -1 91 1 90 -1 89 -1 0
2  97 -1 96 -1 95 1 94 -1 93 -1 92 -1 91 1 90 -1 89 -1 0
2  72 1 73 1 3 -1 84 1 0
2  97 1 15 -1 17 1 18 -1 6 1 7 -1 2 1 3 -1 4 1 0
2  89 1 90 1 91 -1 92 1 93 1 95 -1 0
1
              1               0               0               0 
              0               1               0               0 
              0               0               1               0 
1
              1               0               0               0 
              0               1               0               0 
              0               0               1               0 
2  104 1 105 -1 89 -1 0
1
              1               0               0               0 
              0               1               0               0 
              0               0               1              10 
2  107 -1 104 1 105 -1 89 -1 0
2  91 1 90 -1 89 -1 0
2  92 -1 91 1 90 -1 89 -1 0
1
              1               0               0               0 
              0               1               0               0 
              0               0               1               0 
1
              1               0               0               0 
              0               1               0               0 
              0               0               1               0 
2  111 1 112 -1 93 -1 92 -1 91 1 90 -1 89 -1 0
1
              1               0               0               0 
              0               1               0               0 
              0               0               1              10 
2  114 -1 111 1 112 -1 93 -1 92 -1 91 1 90 -1 89 -1 0
2  90 -1 89 -1 0
2  111 1 93 -1 91 1 90 -1 89 -1 0
1
              1               0               0               0 
              0               1               0               0 
              0               0               1               0 
1
              1               0               0               0 
              0               1               0               0 
              0               0               1               0 
2  118 1 119 -1 93 -1 92 -1 91 1 90 -1 89 -1 0
1
              1               0               0               0 
              0               1               0               0 
              0               0               1               0 
1
              1               0               0               0 
              0               1               0               0 
              0               0               1               0 
2  121 1 122 -1 93 -1 92 -1 91 1 90 -1 89 -1 0
1
              1               0               0               0 
              0               1               0               0 
              0               0               1               0 
1
              1               0               0               0 
              0               1               0               0 
              0               0               1               0 
2  124 1 125 -1 93 -1 92 -1 91 1 90 -1 89 -1 0
1
              1               0               0               0 
              0               1               0               0 
              0               0               1               0 
1
              1               0               0               0 
              0               1               0               0 
              0               0               1               0 
2  127 1 128 -1 93 -1 92 -1 91 1 90 -1 89 -1 0
1
              1               0               0               0 
              0               1               0               0 
              0               0               1               0 
1
              1               0               0               0 
              0               1               0               0 
              0               0               1               0 
2  130 1 131 -1 93 -1 92 -1 91 1 90 -1 89 -1 0
1
              1               0               0               0 
              0               1               0               0 
              0               0               1               0 
1
              1               0               0               0 
              0               1               0               0 
              0               0               1               0 
2  133 1 134 -1 93 -1 92 -1 91 1 90 -1 89 -1 0
1
              1               0               0               0 
              0               1               0               0 
              0               0               1               0 
1
              1               0               0               0 
              0               1               0               0 
              0               0               1               0 
2  136 1 137 -1 93 -1 92 -1 91 1 90 -1 89 -1 0
1
              1               0               0               0 
              0               1               0               0 
              0               0               1               0 
1
              1               0               0               0 
              0               1               0               0 
              0               0               1               0 
2  139 1 140 -1 93 -1 92 -1 91 1 90 -1 89 -1 0
2  95 1 94 -1 93 -1 92 -1 91 1 90 -1 89 -1 0
2  95 1 93 -1 92 -1 91 1 90 -1 89 -1 0
2  89 1 90 1 91 -1 92 1 93 1 94 1 95 -1 96 1 0
2  3 -1 84 1 4 1 0
2  72 1 73 1 0
2  93 1 95 -1 0
2  89 1 90 1 91 -1 0
2  95 1 93 -1 0
2  89 1 90 1 91 -1 93 1 95 -1 0
2  91 -1 93 1 95 -1 97 1 15 -1 17 1 18 -1 6 1 7 -1 2 1 3 -1 4 1 0
2  89 1 90 1 0
1
              1               0               0               0 
              0               1               0               0 
              0               0               1               6 
2  153 -1 118 1 119 -1 93 -1 92 -1 91 1 90 -1 89 -1 0
1
              1               0               0               0 
              0               1               0               0 
              0               0               1               6 
2  155 -1 121 1 122 -1 93 -1 92 -1 91 1 90 -1 89 -1 0
1
              1               0               0               0 
              0               1               0               0 
              0               0               1               6 
2  157 -1 124 1 125 -1 93 -1 92 -1 91 1 90 -1 89 -1 0
1
              1               0               0               0 
              0               1               0               0 
              0               0               1               6 
2  159 -1 127 1 128 -1 93 -1 92 -1 91 1 90 -1 89 -1 0
1
              1               0               0               0 
              0               1               0               0 
              0               0               1               6 
2  161 -1 130 1 131 -1 93 -1 92 -1 91 1 90 -1 89 -1 0
2  130 1 93 -1 91 1 90 -1 89 -1 0
1
              1               0               0               0 
              0               1               0               0 
              0               0               1               6 
2  164 -1 133 1 134 -1 93 -1 92 -1 91 1 90 -1 89 -1 0
1
              1               0               0               0 
              0               1               0               0 
              0               0               1               6 
2  166 -1 136 1 137 -1 93 -1 92 -1 91 1 90 -1 89 -1 0
1
              1               0               0               0 
              0               1               0               0 
              0               0               1               6 
2  168 -1 139 1 140 -1 93 -1 92 -1 91 1 90 -1 89 -1 0
1
              1               0               0               0 
              0               1               0               0 
              0               0               1               6 
2  170 -1 95 1 94 -1 93 -1 92 -1 91 1 90 -1 89 -1 0
2  95 1 93 -1 91 1 90 -1 89 -1 0
2  97 -1 170 -1 95 1 94 -1 93 -1 92 -1 91 1 90 -1 89 -1 0
2  89 1 90 1 91 -1 92 1 93 1 94 1 95 -1 170 1 0
2  17 1 18 -1 6 1 7 -1 2 1 3 -1 4 1 0
2  15 -1 0
2  89 1 90 1 91 -1 92 1 93 1 94 1 95 -1 170 1 97 1 15 -1 0
Curve2ds 118
1 6.2831853071795862 0 -1 0 
2 0 0 1 0 -0 1 16.75
8 4.3820476048838337 5.0427303558855456
1 0 -2 1 0 
2 9.7999999999999995e-16 -1.2800000000000001e-15 1 0 -0 1 16.75
7 0 0  11 42 5  0.025382803323952249 -0.21776869064621474  0.0019610045168083098 -0.21652230071564008  -0.021657646640153381 -0.21526335429563137  -0.044839006960340461 -0.21402563533907246  -0.06812798283297497 -0.21278013795013004  -0.09160127138419126 -0.211522780138132  -0.11500607674916349 -0.21026701902811129  -0.13826546522448066 -0.20901694449996266  -0.16158912841654979 -0.207761384799767  -0.18508642885076224 -0.20649451425485854  -0.20843670785203805 -0.20523340979212726  -0.25522317386053539 -0.20270250930243838  -0.27867322308765485 -0.20143189321566643  -0.30184070438261917 -0.20017467543276118  -0.32553090188495332 -0.19888681244556167  -0.34889112659873794 -0.19761491825790539  -0.37190499058502413 -0.19635992685657191  -0.39538593660624005 -0.19507737575890224  -0.4192179368757008 -0.19377354648063749  -0.44242691841276222 -0.19250166137776017  -0.4657921865354604 -0.19121925158500469  -0.51245361763099628 -0.18865410358705492  -0.53577652616371985 -0.18736993015071593  -0.55912988992202939 -0.18608202318961709  -0.58252065209862713 -0.18478999073125971  -0.60593390877018261 -0.1834946570097496  -0.62934238084059102 -0.182197536558695  -0.6527158859671135 -0.18090030830230738  -0.67603081050758174 -0.17960428964874256  -0.69927958144628866 -0.17830991058115414  -0.72248013833751135 -0.17701618775063113  -0.76889067213719919 -0.17442420938521375  -0.79210039096207274 -0.17312593239936741  -0.81521247977799471 -0.17183127812822932  -0.83904344512262696 -0.17049357310354357  -0.86077718355901911 -0.16927352261345063  -0.88753875628562018 -0.16776523919070538  -0.90645510742474555 -0.16670104416958395  -0.93477141292549137 -0.16510068431897754  -0.95500816039701852 -0.16395699787186924  -0.98014976076275839 -0.16253285760549172  -1.0033959054011394 -0.16121417308812799 
 0 12 0.25002900879295215 10 0.50005801758590429 10 0.75008702637885638 10 1.0001160351718086 12
8 0 1.0001160351718086
1 4.3820476048838337 -2 -0.015232529579227922 0.99988397829079045 
1 0 -2 1 0 
1 0 0 1 0 
1 1.7105863958931291 -1 1 0 
1 6.2831853071795862 0 0 1 
1 0 0 0 1 
7 0 0  9 42 6  0.025640002131709801 0.21779007330240341  -0.0029863718845316999 0.21626200659028483  -0.032050050559283109 0.21470741335401294  -0.059381212902436399 0.21324221924266601  -0.089684101439727479 0.21161518445897215  -0.11653656497894378 0.2101693027378648  -0.1461263999797342 0.20857408192832488  -0.17431956845049965 0.20705029416853904  -0.20297665151577649 0.20549857842873254  -0.26015917210353628 0.20239588708043318  -0.28883883514968545 0.20083654745138638  -0.31693052996098614 0.19930632033165335  -0.34679164968191911 0.19767588966340208  -0.37344081332311069 0.19621842789872343  -0.4035188951401979 0.19456998003461906  -0.43177826140450132 0.19301785610966662  -0.4603433149492912 0.19144597831176938  -0.51737178863141309 0.188301522490988  -0.54587305523381136 0.1867269109740686  -0.57443819908768767 0.18514561788092024  -0.60306075194673125 0.18355799283374724  -0.63168610908154621 0.18196707419712077  -0.66024670852994094 0.180376630227986  -0.68869721035073272 0.17878920022615535  -0.71704967587445689 0.17720413568442123  -0.7595882824970327 0.17482139431610969  -0.773763571394535 0.1740266153561541  -0.78794523811959671 0.17323070776745098  -0.8021419740423642 0.17243318205897928  -0.81636053743167247 0.17163365604008235  -0.83060575345584298 0.17083185482074176  -0.84488051418181842 0.17002761081126261  -0.85918577857588119 0.16922086372254735  -0.88785536643049212 0.16760245740928276  -0.90227087929659988 0.1667878843694621  -0.91650273673657667 0.16598298507828066  -0.93100923475292474 0.16516166723608627  -0.9455836272708833 0.16433568741086846  -0.95982474498240544 0.16352787489560588  -0.97400992589418034 0.16272245321473808  -0.98891423799738876 0.16187531787068626  -1.0031199744753332 0.1610671289215404 
 0 10 0.25002900879295215 8 0.50005801758590429 8 0.75008702637885638 8 0.87510153077533248 8 1.0001160351718086 10
8 0 1.0001160351718086
1 1.710586395893134 -2 0.01523252957923547 0.99988397829079034 
2 8.4000000000000004e-16 -1.03e-15 1 0 -0 1 16.75
1 0 6 1 0 
2 0 0 1 0 -0 1 16.749999999999968
8 1.4310062576966529 1.7105863958931287
1 0 -2 1 0 
2 9.7999999999999995e-16 -1.2800000000000001e-15 1 0 -0 1 16.749999999999968
7 0 0  11 72 8  0.96613061988129634 -0.15739366112901157  0.96385461080907842 -0.15753973015250322  0.96265878282025674 -0.15761647564035092  0.9623503776443767 -0.15763626837467326  0.96273663701322421 -0.15761147913744  0.96362480265427675 -0.15755447871093178  0.96482211630153925 -0.1574776378769224  0.96613581968100337 -0.15739332741784803  0.96737315452670447 -0.15731391811544154  0.96834136256610492 -0.15725178075204299  0.96884768553095568 -0.15721928610957178  0.96855104477079079 -0.15723832383077654  0.96811867702380139 -0.15726607219756597  0.96564460969075649 -0.15742485214440494  0.96239590567530731 -0.15763334649040295  0.95958387622545593 -0.15781381606802533  0.95735312268344885 -0.1579569806957033  0.95508569641828667 -0.15810249889442055  0.95226598657188954 -0.15828346138213631  0.94915194527116575 -0.15848331338512928  0.94649825994373393 -0.15865362080137063  0.93773472725784235 -0.15921604415785157  0.93159788386916287 -0.15960989264114137  0.92511240374574766 -0.16002611582769533  0.9182496523790934 -0.16046655141407223  0.91100650922291271 -0.16093139967020531  0.90340536769295243 -0.16141922343767603  0.89549413516573573 -0.16192694813182532  0.88734623298152804 -0.16244986173967133  0.87906059644040369 -0.16298161482158582  0.87076167480587685 -0.16351422051018816  0.84627494429567085 -0.16508572251244519  0.8305423065515869 -0.16609540699052192  0.81575814952320624 -0.16704422015948789  0.80204605789300731 -0.16792423063866768  0.78935452429087694 -0.16873874405283709  0.7775149040103787 -0.16949858363072948  0.76629936972646484 -0.17021837080595731  0.75547886621279259 -0.17091280581555179  0.74488106505807283 -0.17159294830036259  0.73444831938428168 -0.17226249790432194  0.70399021692037866 -0.17421722881406521  0.68449408304318382 -0.17546844581141208  0.66512144761958891 -0.17671173696232109  0.64542167745468559 -0.17797602286784334  0.62514851699885532 -0.17927710764260127  0.60422932987567202 -0.180619652921715  0.58273434040906613 -0.18199915187004254  0.56084587515324347 -0.18340390318874183  0.53882760441795619 -0.18481698512438094  0.51699378379920991 -0.18621822947609074  0.47436320761111439 -0.18895416173166477  0.45403019062735672 -0.19025908796058574  0.43081697462766788 -0.19174885873264225  0.41365257244257497 -0.19285043055744247  0.39289962134191081 -0.1941823071907243  0.36697809608137533 -0.19584589101823974  0.34440629797497435 -0.19729449706587568  0.32606130760956298 -0.1984718363226699  0.30332216418916824 -0.19993118220777978  0.28211470264890209 -0.20129222827560325  0.23933977746350299 -0.20403742451756871  0.21831145198802809 -0.20538697404502701  0.19447124091272694 -0.20691698391803445  0.18107112432216557 -0.20777697255738078  0.14290960285083176 -0.21022609116775992  0.14506432973776162 -0.21008780575580757  0.099801600227241091 -0.21299266355308435  0.094957371901824447 -0.21330355497690959  0.065761981904936997 -0.2151772479069369  0.046483275992169608 -0.21641451087800434  0.025382803323951389 -0.21776869064621479 
 0 12 0.00233643765278324 10 0.0046728753055664801 10 0.0093457506111329497 10 0.01869150122226591 10 0.03738300244453182 10 0.056074503666797733 10 0.074766004889063639 12
8 0 0.074766004889063639
1 1.9011377022957525 0.074766004889063639 0 -1 
1 32.578717714571368 0 0 1 
1 1.2404549512940406 0 0 1 
7 0 0  1 2 2  16.289358857285681 -6.503962037942344  15.927249099528218 6.5039620379423404 
 0 2 1 2
1 1.9011377022957525 0 0 1 
7 0 0  1 2 2  -16.289358857285951 -6.5039620379425074  -15.927249099528616 6.5039620379421841 
 0 2 1 2
7 0 0  5 6 2  1.9011377022957527 0.92574158891899971  1.7690011417117217 0.92575751692250341  1.6368657384636656 0.92576548213696641  1.5047270441029605 0.92576548214720999  1.3725916602164383 0.92575751694128805  1.240454951294041 0.92574158891904923 
 -0.027205357099316711 6 10.079358962312973 6
7 0 0  7 8 2  2.6562269119022899 1.1e-16  2.6562269119022952 0.22439844798565017  2.656226911902257 0.44880073046616842  2.6562269119023569 0.67319635718048532  2.6562269119022202 0.89759996961441346  2.656226911902333 1.1219955963287263  2.656226911902277 1.3463978788092452  2.6562269119022899 1.5707963267948966 
 0 8 1.5707963267948966 8
7 0 0  10 65 8  -1.003395905401139 -0.16121417308812694  -0.96567522509236559 -0.15965551177898021  -0.93036614356945235 -0.15662801999982709  -0.8949362894873899 -0.15225402843403682  -0.85851205072247216 -0.14676075215390652  -0.81916215143312709 -0.13901064395503004  -0.77798622176104437 -0.12870696637470569  -0.73911201900518531 -0.11712499594315258  -0.70393027425640675 -0.10513383921717159  -0.66712145376150989 -0.091188406161671232  -0.59538662514302843 -0.060582898732275063  -0.55995805669045273 -0.043807954843254601  -0.52513743173555649 -0.025639143347470909  -0.49103223610148228 -0.00612983388525649  -0.45770695493146552 0.014682718588146879  -0.42520168382433782 0.03676853556112377  -0.39355073997281609 0.060096076723202781  -0.36280127329939443 0.084623401723857017  -0.33303187759379022 0.11028933192993201  -0.27571052570562232 0.16371989243873517  -0.24810935530936806 0.19153168373056348  -0.2216490724062975 0.22032611234777547  -0.1963867091088502 0.2500419905627293  -0.17236461908165782 0.28064706656476346  -0.14962014891746922 0.31211427437858319  -0.12819530952545011 0.34439798380191144  -0.10814644750613361 0.37741025032227032  -0.089553916537986084 0.41099706505192002  -0.064020664864788648 0.46187337444931459  -0.055521181230084253 0.47988555343320988  -0.050459383772494967 0.490396545896922  -0.034827552869625522 0.52734358869417441  -0.040501423924011022 0.51584646591597494  -0.025386482674073271 0.55054693855281622  -0.02140030098904365 0.56505694538419915  -0.015075407143294981 0.58313769960816131  -0.0097165715369719793 0.60057468045456008  -0.0022071761181701398 0.62672322831168037  0.00020299576244820001 0.63534955214047129  0.0025713879536251199 0.64449725889578502  0.0048254588392885401 0.65339182974193333  0.0070920814904428297 0.66247506449926141  0.0095861959140938896 0.6730747929041796  0.012337874449052769 0.68581042850632967  0.015030697746260681 0.69940257582580645  0.01722433877093112 0.71155490135644139  0.020239209010675819 0.72958726786735351  0.021181778521169169 0.73546586752388476  0.022154610834832739 0.74195566878597863  0.023008184926884251 0.74771326181444531  0.023887054525642101 0.75403511848496141  0.02485032412902578 0.76160618876047126  0.025676388312314179 0.76863542535061702  0.026182990306126058 0.77335382272998276  0.026624678708169761 0.77746112830018199  0.027296849450762301 0.78397478230190698  0.027535368283053911 0.78638223280274755  0.027714811505183259 0.78827122845944086  0.027861252520188701 0.78985992665424831  0.027991837532941832 0.79129280528195711  0.028118275878101711 0.79267974753881409  0.028250330347569481 0.79413512670642017  0.02839930751855994 0.79581689094227415  0.028581548081068681 0.79796564806354675  0.028821917165809119 0.80094375033627296 
 0 11 0.39269908169872414 9 0.78539816339744828 9 1.1780972450961724 9 1.3744467859455345 9 1.4726215563702154 9 1.521708941582556 9 1.5707963267948966 11
7 0 0  6 7 2  0.02882191716581051 0.80094375033627319  0.027950308455240609 0.5427613586049076  0.090522443791995269 0.28750079366317238  0.23225985671304411 0.051698504251696087  0.45964062084897345 -0.10933681011060203  0.71368336909047436 -0.17359514461883005  0.96613061988129445 -0.15739366112901726 
 0 7 1 7
7 0 0  9 10 2  -15.259200895900145 -6.5039620379424949  -15.433256324846109 -6.5039620379424967  -15.607311120313321 -6.4766262593885022  -15.776461667600254 -6.418010453113836  -15.933321032269836 -6.3259040309733283  -16.068469071429405 -6.2006200931401434  -16.171508944331261 -6.0486114808088018  -16.237793494067194 -5.8803423436646307  -16.267128759961999 -5.7053991381730231  -16.262285357367091 -5.5314115228883445 
 0 10 1 10
1 -16.289358857285688 -6.5039620379423413 1 -6.0000000000000001e-17 
1 2.3338651801168795 16.586608252473948 0.09513157527869523 -0.99546470725234348 
1 2.3338651801168804 16.586608252473948 0.09513157527869523 -0.99546470725234348 
7 0 0  7 8 2  0.015234297088427161 0  0.015234297088427219 0.22439844798565167  0.015234297088426919 0.44880073046617097  0.015234297088427599 0.67319635718047566  0.015234297088426749 0.89759996961442545  0.0152342970884274 1.1219955963287196  0.015234297088427089 1.3463978788092452  0.015234297088427161 1.5707963267948966 
 0 8 1.5707963267948966 8
7 0 0  10 65 8  -1.0031199744753339 0.16106712892154659  -0.9653969296422068 0.15951369147488884  -0.92987520977534022 0.15647925012272898  -0.89472522980339175 0.15211613982195041  -0.85826269362833907 0.14662690867525702  -0.8187635121519834 0.13888225901291101  -0.77770353393372404 0.12859483021613169  -0.73896534895971866 0.11702574656367663  -0.70360836130660209 0.10503205202532537  -0.66685226189378111 0.091094352591189379  -0.59510367377684525 0.060496018149278817  -0.55967558320076416 0.043728564814975772  -0.5248549645284728 0.025566497643960639  -0.49074658671906402 0.0060618877916646299  -0.45741561356274962 -0.01474716267250238  -0.42490449796814106 -0.03682888873071679  -0.39324987625723801 -0.060150230381162323  -0.36249946245279629 -0.08466920060389127  -0.33272894257167057 -0.11032725332515815  -0.27538879525734322 -0.1637560494411093  -0.24778303104284236 -0.19156098462058938  -0.22131998530767866 -0.22034696945666224  -0.19605453980338142 -0.25005562647436202  -0.17202772126457239 -0.28065608979724577  -0.1492763736685398 -0.3121214067414716  -0.12784283050648684 -0.34440493942985617  -0.10778458704219322 -0.37741676638386518  -0.08918397258163388 -0.41100008413527517  -0.063644747811565566 -0.46186137116798864  -0.055147041491935507 -0.47985618708074806  -0.050027215580378523 -0.49050140818896276  -0.034557067553897383 -0.52704915875905378  -0.039984295308323231 -0.51610705014590852  -0.0250191014805386 -0.5504969468059141  -0.020990613930420749 -0.5650543462319475  -0.0146748345277349 -0.58310980845508464  -0.0093092192523598193 -0.60055122134372685  -0.0017871306377298 -0.62672338528598137  0.00062855279003293002 -0.63536564318222244  0.0030005835303971999 -0.64451712373027614  0.0052583711836146603 -0.65341689310831941  0.0075296945769629097 -0.66251483244677845  0.01002767003688022 -0.67312919392384085  0.01277912136429687 -0.68585862883817439  0.01546577132806237 -0.69940837176933801  0.017649674490633802 -0.71149026488163414  0.020656629525933841 -0.7294393272709816  0.02160437300728375 -0.73534214168165957  0.022571005316421922 -0.74177160026768618  0.02341663692073772 -0.74745315589230621  0.024301976166483819 -0.75379870105762092  0.02528189194181385 -0.76146696790259127  0.026114369394056518 -0.76852720785224549  0.026612590739232261 -0.77317824347442055  0.027059823743590269 -0.77731636057890374  0.027737678257771101 -0.78385740774381374  0.02797670805691474 -0.78626340708229481  0.02815623981795427 -0.78814964970963952  0.028303238356278161 -0.7897403452119115  0.028435025064362102 -0.79118067245412926  0.028563069093671879 -0.79257830681522412  0.028696778536012529 -0.79404494740857778  0.028847291605545049 -0.7957378443201506  0.029031267820161591 -0.79790132582960815  0.029274679183352689 -0.80090832564449488 
 0 11 0.39269908169872414 9 0.78539816339744828 9 1.1780972450961724 9 1.3744467859455345 9 1.4726215563702154 9 1.521708941582556 9 1.5707963267948966 11
1 0 1.5707963267948966 1 0 
2 9.7999999999999995e-16 -1.2800000000000001e-15 -0.13933523463383268 0.99024526880441832 -0.99024526880441832 -0.13933523463383268 15.75
7 0 0  6 7 2  0.029274679183350191 -0.80090832564449654  0.02835405058760786 -0.54288185914573361  0.090666188345955828 -0.28776179346209196  0.23194430935375182 -0.051952071595221062  0.45900076373430221 0.10935668861074495  0.71288024862526489 0.17378387348002475  0.96517127699161076 0.15762886878604218 
 0 7 1 7
7 0 0  9 10 2  15.259200895899642 -6.5039620379421894  15.433153604563133 -6.5039620379421876  15.607105607816619 -6.4767193258349431  15.776184234011165 -6.41827541757878  15.933029271274876 -6.3263921721597622  16.06823941257008 -6.2013381880425955  16.171386265511302 -6.0495083438347876  16.237767674634661 -5.8813683494785192  16.26716013739215 -5.7065262970278079  16.262319593408368 -5.5326413704886983 
 0 10 1 10
7 0 0  10 83 10  0.96517127699164451 0.1576288687848551  0.96267309026690551 0.1577888357029269  0.96150109487193369 0.15786388233152759  0.96138722768669815 0.15787117361306124  0.9620634255903594 0.15782787448988533  0.96326162546346161 0.15775114990441555  0.96471376418472432 0.15765816479902953  0.96615177863476132 0.15756608411609033  0.9673076056926595 0.15749207279803543  0.96791318223841039 0.15745329578719527  0.96748770806494022 0.15748054026480227  0.96710250650784191 0.15750520595739678  0.96311841327225467 0.15776032024098893  0.95979194894824615 0.15797332443322074  0.95759732193053737 0.15811385344878898  0.954959044512526 0.15828279082350663  0.95166560793465749 0.15849368014355517  0.94871524903506987 0.15868260109787938  0.94561269115627222 0.15888126784170664  0.93598539294502037 0.15949773466100231  0.92921008481066425 0.15993157939741942  0.92200676838042417 0.16039283087961023  0.91434329830369343 0.16088354747702427  0.90622628285688567 0.16140330604146674  0.89770108392997183 0.16194920190425727  0.88885181704269844 0.16251584887970291  0.87980135132923798 0.16309537926175174  0.87071130954962361 0.16367744382653909  0.8439235851502741 0.16539274783958466  0.82675875240333685 0.16649186719941317  0.81078112085964404 0.16751496625405055  0.79612047699338884 0.16845373435832203  0.78264790031287645 0.16931642670607483  0.77008082091783248 0.17012113715444535  0.75808807708374304 0.17088907105295814  0.74639497281703227 0.17163781806754763  0.7348883354354393 0.17237462500880019  0.70138804852239889 0.17451975595473559  0.68004202151338367 0.17588661060965208  0.65875117061840494 0.17724993216098908  0.6369459864618161 0.17864618812229721  0.61436504620009758 0.18009211823864679  0.59100028792495973 0.18158823873876348  0.56704228509260401 0.18312234659338375  0.54282552092436864 0.18467302376694664  0.51877366283261794 0.18621314147504356  0.47191601082472706 0.18921358740065694  0.44877057431365286 0.19069566402428359  0.42743454787153584 0.19206187831070906  0.39891984455306423 0.19388776632976773  0.39113064847645723 0.19438653356667232  0.34230764375611755 0.19751282733778969  0.33674679573052718 0.19786890629349299  0.30659560039274325 0.19979958415146393  0.28417693928021182 0.20123512301244778  0.24893330857530824 0.20349188585954173  0.23718111646213669 0.20424441645873109  0.22542405994476256 0.2049972585414318  0.21366158983027356 0.20575044727395192  0.20189315692616727 0.20650401782332212  0.19011821203939974 0.20725800535552488  0.17833620597750544 0.20801244503774477  0.1665465895475142 0.20876737203605764  0.15474881355681561 0.20952282151736321  0.13703908644047888 0.21065683221342729  0.13113489862833264 0.2110348963184023  0.1252305569973215 0.21141297027269249  0.11932685316900657 0.21179100338683693  0.11342457876423732 0.21216894496981037  0.10752452540481965 0.21254674433276163  0.10162748471156979 0.21292435078448366  0.095734248306106356 0.21330171363578995  0.089845607809537084 0.2136787821961279  0.078079101876904422 0.21443222935517783  0.071859785462719053 0.21483047215639961  0.068098038499830801 0.21507134889404725  0.056010938598628178 0.21584532471434142  0.061483099062513848 0.21549492470785025  0.04186863714214354 0.21675090168985983  0.047381916526843468 0.21639786870679717  0.035462068192582907 0.21716113487223404  0.031435448301562537 0.21741897227398246  0.025640002131709361 0.21779007330236294 
 0 11 0.0023334830892958601 9 0.0046669661785917098 9 0.0093339323571834196 9 0.01866786471436685 9 0.037335729428733692 9 0.056003594143100542 9 0.06533752650028396 9 0.070004492678875679 9 0.074671458857467385 11
8 0 0.074671458857467385
1 4.5725989112864518 0.074671458857467385 0 -1 
1 0 -10 1 0 
2 8.4000000000000004e-16 -1.03e-15 1 0 -0 1 15.75
2 9.7999999999999995e-16 -1.2800000000000001e-15 1 0 -0 1 15.75
1 0 -6 1 0 
1 4.8521790494829329 0 0 1 
7 0 0  1 2 2  -16.289358857285684 -6.5039620379423404  -15.927249099528218 6.503962037942344 
 0 2 1 2
1 32.578717714572697 0 0 1 
1 4.5725989112864518 0 0 1 
7 0 0  1 2 2  16.28935885728675 -6.5039620379421805  15.927249099527815 6.5039620379425038 
 0 2 1 2
7 0 0  11 22 3  4.8521790494829338 0.92574196487951188  4.8394708835609741 0.92574551647783487  4.8267625494176851 0.92574871303540007  4.8140548882072771 0.92575155429838663  4.8013455533466711 0.92575404088123325  4.7886389366662341 0.92575617157288037  4.7759291786798581 0.92575794795255062  4.7632220795452174 0.92575936843049533  4.7505133760222771 0.92576043415891407  4.7378053550814849 0.92576114450898461  4.7250971565117306 0.92576149971167732  4.6996808053613615 0.92576149971183874  4.6869726068565321 0.92576114450912195  4.674264585854182 0.92576043415957354  4.6615558826543042 0.92575936843055029  4.6488487833028449 0.92575794795360833  4.6361390256422066 0.92575617157307566  4.6234324088387773 0.92575404088211555  4.6107230739279119 0.92575155429883282  4.5980154124960544 0.9257487130358979  4.585307077912165 0.92574551647811376  4.5725989112864518 0.92574196487954596 
 -0.02720446845326592 12 1.9208470310420642 10 3.8688985305373942 12
1 -15.927249099528218 5.5382732631352667 1 -6.0000000000000001e-17 
1 -16.289358857285951 -6.5039620379425056 1 1.0029999999999999e-14 
1 -5.4331299168639875 -15.844355439918578 0.095131575278694591 0.99546470725234359 
1 -5.4331299168639866 -15.84435543991858 0.095131575278694591 0.99546470725234359 
1 -15.927249099528606 5.5382732631351068 1 1.0029999999999999e-14 
7 0 0  11 52 6  0 -0.0271961071020052  0.12104805079273369 -0.02674663336286531  0.24569625458157016 -0.02604439177291995  0.36632809814151285 -0.025128089985837279  0.48530500435264906 -0.023980775879730128  0.60559494956625726 -0.022581616752589389  0.72750598763819019 -0.020924253736725199  0.84932737097556965 -0.019013669057814219  0.96968095890976258 -0.016853503764538289  1.0893856037503331 -0.01443576355450777  1.2106372048316514 -0.011744850322290459  1.4519770369677922 -0.0058308637884875699  1.5725928573792396 -0.0026039158560909  1.6931544528660019 0.00089478314691680003  1.8136616941647112 0.0046670296256644296  1.9341144520020426 0.0087146199852564405  2.0545125971209139 0.01303935063083304  2.1748560002431381 0.017643017967491698  2.2951445321126096 0.022527418400373121  2.415378063454694 0.027694348334579809  2.5355564650070019 0.033145604175244293  2.895925892489061 0.050357738631946189  3.1359392581475758 0.062967982600817804  3.3757088854582382 0.076714381485220556  3.6152268191271104 0.091590781915538252  3.854487967581254 0.10758420990071134  4.0934901029725479 0.12467487082944284  4.3322338611745561 0.14283614946853254  4.5707227417839942 0.16203460996474983  4.8089631081212039 0.18222999584311736  5.0469641872282667 0.20337523000817992  5.5225119525144235 0.24745759947835114  5.7600472891738468 0.27041380442027313  5.9973685744744518 0.29421941056350137  6.2345003030299573 0.31880879890249147  6.4714669694773219 0.34411635043178407  6.7082930684161388 0.37007644614569751  6.9450030944936536 0.39662346703894402  7.181621542308454 0.42369179410572005  7.4181729064987616 0.45121580834073582  7.6546816816774808 0.4791298907383108  8.1276630432618653 0.53560695384766122  8.3636086905066271 0.56409073369893703  8.6039688134486561 0.5933606060397455  8.8266244228294166 0.62062099635318357  9.0953212993684307 0.65362047856393135  9.2800900342314989 0.67642363768058367  9.5777857711323833 0.71284349893138654  9.7633910350199358 0.73565877918858258  10.030438776788348 0.76808962055990038  10.257801064082127 0.79553135073790127  10.495362786756935 0.82392059019918296 
 0 12 0.125 10 0.25 10 0.5 10 0.75 10 1 12
7 0 0  6 22 5  0 -0.026882578602563129  0.062717482974421992 -0.025120038080931599  0.12727422277139519 -0.019506815965263349  0.19353131207952606 -0.00964063191386807  0.26129188627496958 0.0048067770615739898  0.33029641232276558 0.02399059841548782  0.48543968303352436 0.076901859711874701  0.57204196296896581 0.11289118055915384  0.65949742309319648 0.15569993182591071  0.74720064826915378 0.20474199257955528  0.83456727930776631 0.25895410110939326  1.008269932698433 0.37573398683410325  1.0945950585344262 0.4383643729894367  1.1795467177508894 0.50377297456705561  1.2626878550714926 0.57054753420412696  1.343684823617493 0.63740719662779832  1.4415999558838095 0.71950405629626657  1.4607591855600888 0.73563155128221791  1.4797709189430071 0.75168642651755768  1.4986318469511433 0.76765421159827296  1.5173389252777423 0.78352136892215307  1.5358893743907167 0.79927529368878858 
 0 7 0.26688066944089311 5 0.59195524635659225 5 0.91955737824780659 5 1 7
1 10.497321660287531 0 0 1 
7 0 0  5 6 2  -4.8526079618169513 -14.541747822219923  -2.9792104042598822 -15.167155107772489  -1.0051043872370442 -15.490788196228646  1.0051025518149448 -15.490788516757691  2.9792078256822978 -15.167155968557065  4.8526079618174176 -14.541747822224439 
 -0.22258416123488758 6 10.274737499052643 6
7 0 0  6 27 6  0 31.881380779488691  0.062717482915724057 31.879618239000692  0.12727422265332972 31.874005016995977  0.19353131191644884 31.864138833142814  0.26129188610111959 31.849691424465146  0.33029641219644712 31.830507603523063  0.48543968268473736 31.777596343590453  0.5720419623690074 31.74160702383973  0.65949742239540066 31.698798273957184  0.74720064765720862 31.649756214880263  0.83456727894469807 31.595544108328568  1.0082699325339215 31.478764227541966  1.0945950583317443 31.416133844402427  1.1795467176038705 31.350725246173738  1.2626878550089058 31.283950690187247  1.3436848236189436 31.217091031644522  1.4346075823621209 31.140856926301865  1.4468598304349714 31.130558240712656  1.4590526085133255 31.120286820529767  1.4711850288418953 31.110046505231278  1.4832562553953696 31.099840984014421  1.5020866383404161 31.083898933360349  1.508887785587161 31.078136438785723  1.5156687831509872 31.072386955993377  1.5224294925249013 31.066651116258175  1.529169799162579 31.060929538208224  1.5358896124783623 31.055222827824867 
 0 7 0.26688064122006638 5 0.59195518181725593 5 0.91955727503790108 5 0.97086035663439119 5 1 7
7 0 0  11 52 6  2.2e-16 10.079349712236043  0.1210480634794226 10.078900238946401  0.24569627993603924 10.078197998036043  0.36632813617295318 10.077281697117048  0.48530505506287253 10.076134384078486  0.60559501294703577 10.074735226252221  0.72750606368221815 10.073077864755314  0.84932745968204615 10.071167281831745  0.96968106028467838 10.069007118500005  1.0893857177968576 10.066589380483729  1.2106373315460275 10.063898469682174  1.4519771890280444 10.057984488472931  1.5725930221155429 10.054757543437432  1.6931546302832914 10.051258847567411  1.8136618842674983 10.047486604456809  1.9341146547990682 10.043439017703198  2.0545128126176992 10.039114290899896  2.1748562284515898 10.034510627643785  2.2951447730409389 10.029626231530047  2.4153783171159384 10.024459306153519  2.5355567314133691 10.019008055110548  2.8959261971734431 10.001795935766921  3.1359395884067545 9.989185702826342  3.3757092413624483 9.9754393159123023  3.6152272007552511 9.9605629283817301  3.8544883750287777 9.944569514200337  4.0934905363370699 9.9274788679549104  4.3322343205711116 9.9093176048439098  4.5707232273286333 9.8901191606790171  4.8089636199415926 9.8699237918921199  5.0469647254562124 9.8487785755242374  5.5225125438326028 9.8046962429455711  5.7600479071906259 9.7817400571067559  5.9973692193382497 9.7579344706580571  6.2345009748952105 9.7333451025524003  6.4714676684813082 9.7080375717136143  6.708293794715825 9.6820774971137933  6.9450038482194145 9.6555304976614167  7.1816223236107151 9.6284621923325435  7.4181737155102123 9.60093820004567  7.6546825185374132 9.5730241397577736  8.1276639360863747 9.5165471210551296  8.3636095990550121 9.4880633762708051  8.6039698003997227 9.4587934253273662  8.8266253987289378 9.4315334500350119  9.0953221248322098 9.3985330154151487  9.2800914400114021 9.3757315751300716  9.5777865137288138 9.3393095564062989  9.7633922722224753 9.3164964425364172  10.030439827560018 9.2840639705526442  10.257802283952671 9.256623230160816  10.495363948955557 9.2282336142653207 
 0 12 0.125 10 0.25 10 0.5 10 0.75 10 1 12
1 0 0 0 -1 
1 6.2831853071795862 0 0 -1 
7 0 0  7 26 5  0 -0.02688243227083955  0.041196666567239207 -0.025724892232192261  0.083044938182065778 -0.022955915671313741  0.1254858740520797 -0.01848865104300625  0.16845229624022334 -0.012255074719923251  0.21186952492712827 -0.0042104946188904297  0.25565611367346192 0.0056619461727732403  0.37808810147052152 0.038124966960738492  0.45736734642729632 0.064640955323219396  0.53704694880448467 0.096811401571871611  0.61666891442122296 0.13426325616248683  0.69586158116037644 0.17638805179110692  0.77432686041326881 0.22246926294019345  0.9411571160251303 0.3285570135093695  1.0292166046319049 0.38962267480911106  1.11574197844222 0.45385721033897158  1.2005707069459572 0.52013914375576842  1.2835957701556535 0.58741916050400977  1.3647375223200284 0.65477171163092251  1.4572396204311657 0.73259002625053804  1.4704884503043785 0.74376139251349771  1.4836816515248237 0.75490807359743672  1.4968188104290596 0.76602627614358432  1.5098995030299722 0.7771122954733326  1.5229232950167753 0.78816251558823702  1.5358897417550101 0.79917340917001489 
 0 8 0.19334749758747075 6 0.53716223693098952 6 0.93343265430873001 6 1 8
7 0 0  11 42 5  2.2e-16 -0.02719549283339703  0.10457995165303999 -0.026244564963356871  0.21587119789677117 -0.02416896154132071  0.29861302773743859 -0.021342544210816359  0.43924141234830388 -0.016885936500433189  0.4979875926813942 -0.01180376832723363  0.63934915272905346 -0.0053889935392029001  0.71772022564441751 0.0023766742395828601  0.83012233449497774 0.01106352503106533  0.92874688198123079 0.02104340241173441  1.0301892168464306 0.032145148321598351  1.231284894630716 0.056673026925385117  1.331337339107399 0.070085584492125361  1.4308866020174453 0.084624786178598671  1.5299297720466991 0.10026386649987461  1.6284688137163683 0.11697126862987457  1.7265105673860186 0.13471064440368044  1.8240667492492157 0.15344085431434681  1.921153951338713 0.17311596751648098  2.0177936415213327 0.19368526182294446  2.1140121635021858 0.21509322370734527  2.3056693101413388 0.2594658728976712  2.4010880614105035 0.28243308464512551  2.4961409939781229 0.30612513432349409  2.590872111198844 0.33048597271235786  2.6853254164152109 0.355459550589448  2.7795449129893677 0.38098981873523247  2.8735746042580881 0.40702072792697902  2.967458493584695 0.43349622894494549  3.0612405843100987 0.46036027256716555  3.1549648797902559 0.48755680957296171  3.3423858869564094 0.54250277190925789  3.4365413081048586 0.57038740377476793  3.5279940026619956 0.59769172301517037  3.6272595190005967 0.62743641701693809  3.7145593651071676 0.65375141893490618  3.8111344610375704 0.6828060340300468  3.9108893797470574 0.71275016151300508  3.9953027520387319 0.73808944100850737  4.0986769902330664 0.7688319916141042  4.1904856791486953 0.79596097295992763  4.2860944990329912 0.82393763082075688 
 0 12 0.25 10 0.5 10 0.75 10 1 12
1 4.2868784228965948 0 0 1 
7 0 0  4 5 2  2.0105684543877307 15.197589700305565  1.0111224989802177 15.330148634287745  -2.32583417e-08 15.374848105515841  -1.0111224093003275 15.330148646178866  -2.0105684543876809 15.197589700306287 
 -0.22259218804539455 5 4.0642862348511999 5
7 0 0  7 26 5  0 31.881380631535418  0.041196666561728157 31.880223091499175  0.083044938171198693 31.877454114944275  0.12548587403705319 31.872986850325695  0.16845229622328217 31.866753274016137  0.21186952491154851 31.858708693932279  0.2556561136635116 31.848836253161149  0.37808810142271299 31.816373232456183  0.45736734634694687 31.789857244171966  0.53704694870973024 31.757686798018124  0.61666891433574555 31.720234943533764  0.69586158109685292 31.678110148021659  0.77432686038259246 31.632028936996974  0.94115711606396246 31.525941186714871  1.0292166047092115 31.464875525579846  1.1157419785462941 31.400640990226005  1.2005707070567162 31.334359056994327  1.2835957702500576 31.267079040433241  1.364737522376452 31.199726489485194  1.4572396204329945 31.12190817504586  1.47048845030743 31.110736808800443  1.4836816515283255 31.099590127733595  1.4968188104321174 31.08847192520404  1.5098995030318942 31.077385905890317  1.5229232950173948 31.066335685790708  1.5358897417550101 31.055324792223299 
 0 8 0.19334749771335472 6 0.53716223698262433 6 0.93343265426911026 6 1 8
7 0 0  11 42 5  0 3.8688895548869278  0.10457995157098572 3.8679386270692686  0.21587119772093419 3.8658630237622904  0.29861302752390267 3.8630366065891852  0.43924141198423855 3.8585799991214444  0.49798759234964879 3.8534978312370498  0.63934915223318611 3.8470830567789989  0.71772022516749345 3.8393173894326864  0.83012233393454682 3.830630539088919  0.92874688139535733 3.8206506622206429  1.0301892162321311 3.8095489168636005  1.231284893985338 3.7850210394459234  1.33133733845671 3.7716084825117466  1.4308866013720192 3.7570692814905864  1.5299297714160098 3.7414302018600365  1.6284688131108558 3.7247228004400803  1.7265105668135718 3.7069834253882505  1.8240667487186408 3.688253216205406  1.9211539508561846 3.668578103730276  2.017793641092553 3.6480088101434736  2.1140121631307913 3.6266008489653414  2.305669309888593 3.5822282011479358  2.4010880612189216 3.5592609900639056  2.4961409938483445 3.5355689410226789  2.5908721111302953 3.5112081032443023  2.6853254164063256 3.486234525945004  2.7795449130367107 3.4607042583465994  2.873574604358426 3.4346733496647643  2.967458493731614 3.4081978491202025  3.0612405844979751 3.3813338059306703  3.1549648800108976 3.3541372693150313  3.3423858872250674 3.2991913076689423  3.4365413083858303 3.2713066761078524  3.52799400295731 3.2440023571321106  3.6272595192806656 3.2142576633492288  3.7145593653867865 3.1879426616205229  3.8111344612928697 3.158888046670012  3.9108893799604711 3.1289439192952071  3.9953027522275959 3.1036046398791761  4.09867699035697 3.0728620893221361  4.1904856792174705 3.0457331079880277  4.2860944990343999 3.0177564501219409 
 0 12 0.25 10 0.5 10 0.75 10 1 12
1 1.5358897417550099 0 0 1 
1 0.95509304175725573 16.09108639254632 0.09513157527869523 -0.99546470725234348 
1 -3.9854616351458549 -15.6189423318477 0.095131575278694591 0.99546470725234359 
1 0 -5 1 0 
1 1.5247119691774964 -3.3152981913958648 -1 2.8999999999999998e-16 
1 1.5247119691774964 7.1246419999999997 -1 2.8999999999999998e-16 
1 0 -1 1 0 
1 -8.9999999999999996e-17 4.5735388086041358 0.18976281235783887 -0.98182996238964093 
1 0 15.013479 0.18976281235783887 -0.98182996238964093 
1 -1.5247119691774964 -3.3152981913958639 0.1897628123578389 0.98182996238964093 
1 -1.5247119691774964 7.1246420000000006 0.1897628123578389 0.98182996238964093 
1 0 8.4852813742385695 1 0 
2 0 0 1 0 -0 1 13
2 9.7999999999999995e-16 -1.2800000000000001e-15 1 0 -0 1 13
1 8.034830166314789 0 0 -1 
1 3.0494239383549928 0 0 -1 
2 -0.059898599531467298 -3.2999999999999999e-16 1 0 -0 1 7
1 0 -20 1 0 
2 0 0 1 0 -0 1 7
8 0 6.2831853071795862
1 0 0 1 0 
6 0 1 6.2831853071795862 0  6.2831853071795862 8.4852813742385695  
6 0 1 0 0  0 8.4852813742385695  
2 -0.059898599531467298 -3.2999999999999999e-16 1 0 -0 1 3.1499999999999999
1 -8.9000000000000007e-16 0 1 0 
1 -8.9000000000000007e-16 -20 1 0 
2 0 0 1 0 -0 1 3.1499999999999999
2 0 -0 1 0 -0 1 3.1499999999999999
1 -8.9000000000000007e-16 -16 1 0 
2 9.7999999999999995e-16 -1.2800000000000001e-15 1 0 -0 1 3.1499999999999999
1 -1.8098985995177657 2.6191601707509129 0 -1 
1 -1.7499999999862983 2.6191601707509133 0 -1 
1 2.6191601707509133 8.0000000000000018 -1 0 
1 2.6191601707509133 -7.9999999999999982 -1 0 
1 -1.7499999999862974 2.619160170750912 0 -1 
6 0 1 4.1233580101736473 0  4.1233580101736473 6  
6 0 1 5.2383203415018276 -6  5.2383203415018276 0  
7 0 0  1 2 2  4.1233580101736464 -10  4.1233580101736464 -16 
 0 2 1 2
6 0 1 -2.6191601707509138 2.0000000000000018  -2.6191601707509138 8.0000000000000018  
6 0 1 8.443012604185526 0  8.443012604185526 6  
6 0 1 0 -6  0 0  
7 0 0  1 2 2  8.443012604185526 -10  8.443012604185526 -16 
 0 2 1 2
6 0 1 2.6191601707509133 2.0000000000000018  2.6191601707509133 8.0000000000000018  
1 8.443012604185526 0 0 -1 
1 2.6191601707509133 -7.9999999999999982 0 1 
1 4.1233580101736473 0 0 -1 
1 5.2383203415018276 0 0 -1 
1 4.1233580101736464 0 0 -1 
1 -2.6191601707509138 -7.9999999999999982 0 1 
Curves 51
2 0 0 0 0 0 1 1 0 -0 -0 1 0 16.75
8 0 1.0001160351718086
7 0 0  3 4 2  -5.4331299168639937 -15.844355439918578 18  -5.5135891228460432 -15.816765468160755 17.666666666666661  -5.593838167778256 -15.788562614851173 17.333333333333329  -5.673867739732831 -15.759750152588687 17 
 0 4 1.0001160351718086 4
2 0 0 18 0 0 1 1 0 -0 -0 1 0 16.75
2 0 0 17 0 0 1 -0.13933523463383271 0.99024526880441843 0 -0.99024526880441843 -0.13933523463383271 0 16.75
7 0 0  1 2 2  16.75 -4.1000000000000004e-15 18  16.75 -4.1000000000000004e-15 10 
 -2 2 6 2
8 0 1.0001160351718086
7 0 0  3 4 2  -2.3338651801167787 16.586608252473997 18  -2.4180936193859335 16.574756653967921 17.666666666666661  -2.5022317814472563 16.562263462530847 17.333333333333329  -2.5862699030881116 16.549130127846013 17 
 0 4 1.0001160351718086 4
2 0 0 10 0 0 1 1 0 -0 -0 1 0 16.75
2 0 0 0 0 0 1 1 0 -0 -0 1 0 16.749999999999968
8 0 0.074766004889063639
7 0 0  1 2 2  -5.3967667834205937 -15.820633636844804 18.971958063557828  -5.4331299168639893 -15.844355439918578 18 
 0 2 0.074766004889063639 2
7 0 0  1 2 2  5.4331299168639875 -15.844355439918576 18  4.9467707286560536 -15.52707483747135 31 
 0 2 1 2
7 0 0  1 2 2  -5.4331299168639893 -15.844355439918578 18  -4.9467707286560474 -15.52707483747135 31 
 0 2 1 2
7 0 0  5 14 4  -5.9898470288368841 -15.215726336439451 30.034528362242316  -5.8256696535394257 -15.270532609273999 30.034546740677314  -5.6614922782419699 -15.325338882108545 30.034565119112301  -5.4973149029445123 -15.380145154943088 30.034583497547295  -5.3331375276470556 -15.434951427777628 30.034601875982275  -3.1734376855035697 -16.155910077377015 30.034843638302178  -1.0705963381036445 -16.500635746921056 30.034955348762754  1.0705940435075108 -16.500636215942116 30.034955348912245  3.1734352111658102 -16.155910898075305 30.034843638576298  5.3331374908187597 -15.434951440507325 30.034601875986787  5.4973148662470352 -15.380145168064661 30.034583497552042  5.6614922416753117 -15.325338895621996 30.034565119117293  5.8256696171035873 -15.27053262317933 30.034546740682543  5.9898469925318629 -15.215726350736665 30.034528362247794 
 -1.0862290193973103 6 -0.22258416123488758 4 10.274737499052643 4 11.138381303028119 6
7 1 0  6 7 2  -5.6738677397328301 -15.759750152588685 17  1.0313934717875126 -5.6738677397328292 -15.759750152588685 17.267336783152917  1.010025407661439 -5.6450735043419389 -15.679771207641224 17.527708572582199  0.99792464272497372 -5.5898333593806635 -15.526336033802739 17.751919513202282  0.99395844413692447 -5.5138845102535328 -15.315380308092328 17.914995649366311  0.99792464272497539 -5.4256865940517827 -15.070401541036331 18  1.0100254076614368 -5.3351293672114668 -14.818869546463988 18  1.0313934717875126
 0 7 1.5707963267948966 7
8 0 1
7 0 0  9 10 2  -5.3351293672114677 -14.81886954646399 18  -5.351687534352906 -14.992135583085366 18  -5.3672959630085728 -15.165491745091245 18.027319126336288  -5.3813511365700926 -15.33406975218946 18.08589922544552  -5.3930735258049438 -15.490523511103246 18.177949538842292  -5.4015778551615412 -15.625474562539297 18.303157157085611  -5.4060992363595686 -15.728551794749039 18.455073169877455  -5.4065591153395269 -15.795094385602878 18.62323980200976  -5.4032720854837377 -15.824877426635849 18.79807643682739  -5.3967667834205928 -15.820633636844812 18.971958063557825 
 0 10 1 10
1 2.3338651801168795 16.586608252473948 0 0.09513157527869523 -0.99546470725234348 0 
7 1 0  6 7 2  -2.5862699030881107 16.549130127846016 17  1.0313934717875126 -2.5862699030881107 16.549130127846013 17.267336783152917  1.010025407661439 -2.5731448766000238 16.465145169035868 17.527708572582199  0.99792464272497372 -2.5479652406076099 16.304024679595578 17.751919513202282  0.99395844413692447 -2.5133461356721596 16.082502528407012 17.914995649366311  0.99792464272497539 -2.4731436447698223 15.825253177667589 18  1.0100254076614368 -2.4318657297694175 15.561122359019388 18  1.0313934717875126
 0 7 1.5707963267948966 7
2 0 0 18 0 0 1 -0.13933523463383271 0.99024526880441843 0 -0.99024526880441843 -0.13933523463383271 0 15.75
8 0 1
7 0 0  9 10 2  -2.4318657297694175 15.561122359019386 18  -2.4153173345702639 15.734286141224841 18  -2.3978225614975823 15.907358774213993 18.027226116583098  -2.3797074329270069 16.075476542988717 18.085634422389454  -2.3615943816650544 16.231305185665789 18.177461695017961  -2.3443871002975172 16.3654869246459 18.30243949962685  -2.3292998240867568 16.467661894634915 18.454176853195868  -2.3171434679922251 16.533184012439044 18.622214421210565  -2.3082730909769751 16.561862688449075 18.796949964606995  -2.302692605538796 16.556466792125278 18.970728965147075 
 0 10 1 10
8 0 0.074671458857467385
7 0 0  1 2 2  -2.3026926055388079 16.556466792124059 18.970728965147078  -2.3338651801167853 16.586608252473958 18 
 0 2 0.074671458857467385 2
2 0 0 0 0 0 1 1 0 -0 -0 1 0 15.75
7 0 0  1 2 2  2.3338651801168795 16.586608252473948 18  1.9164021352674543 16.182953886922668 31 
 0 2 1 2
7 0 0  1 2 2  -2.3338651801167738 16.586608252475273 18  -1.9164021352674752 16.182953886922661 31 
 0 2 1 2
7 0 0  4 11 4  2.811159589031766 16.099579502136738 30.034398712062679  2.6437801823054556 16.121774290866639 30.034447046492097  2.4764007755791448 16.143969079596541 30.034495380921523  2.3090213688528345 16.166163868326446 30.034543715350953  1.0770426156507165 16.329526307481014 30.034899475902829  -1.6989254999999999e-08 16.377130678929127 30.03500200552697  -1.0770425292021546 16.329526318795345 30.034899475927343  -2.3090213666372259 16.166163868643658 30.034543715351685  -2.4764007733665867 16.143969079936756 30.03449538092233  -2.6437801800959475 16.121774291229858 30.034447046492968  -2.8111595868253083 16.09957950252296 30.034398712063606 
 -0.89658768645288722 5 -0.22259218804539455 3 4.0642862348511999 3 4.7382816799452145 5
1 1.9499513388064971 16.186160016239725 30.034899496702501 0.09513157527869523 -0.99546470725234348 0 
1 -5.4331299168639875 -15.844355439918578 0 0.095131575278694591 0.99546470725234359 0 
1 -4.9803199321950968 -15.523868708154296 30.034899496702501 0.095131575278694591 0.99546470725234359 0 
8 0 1
7 0 0  6 22 5  -4.9828773142451119 -15.550629366393085 30.034899496702501  -4.9805307592862667 -15.549083044317873 30.097578773880866  -4.9730578778879222 -15.54415839445268 30.161931411203046  -4.9599255912510394 -15.535502247354909 30.227356955514953  -4.9407078317622473 -15.522825561632143 30.293069388855233  -4.9152256591320844 -15.505989543229896 30.35811797044547  -4.8450888232693305 -15.459539846642132 30.498803029925401  -4.7974616139879096 -15.4279380538583 30.573662222752148  -4.740942953434617 -15.390335473090772 30.644390404594962  -4.6764086926394697 -15.347237194917575 30.709252767550105  -4.6053644547968 -15.299567440356043 30.766982556659407  -4.4530035287888836 -15.196815881132027 30.867174466551763  -4.371610173209417 -15.141678508986145 30.909515755007277  -4.2869939420138925 -15.084058258070272 30.943198671576095  -4.2010433743297435 -15.025193341704743 30.968095231698104  -4.1154099371143964 -14.966212628257972 30.9846446824127  -4.0107570510129822 -14.893742891028111 30.995743245861785  -3.9902229356615977 -14.879504262433491 30.997470644677435  -3.9698053949007597 -14.865327443992184 30.998748087301223  -3.9495224081996927 -14.851225253826913 30.999587073284953  -3.9293906886716852 -14.83720969402809 30.999999967472522  -3.9094256830740881 -14.823291950653816 30.999999999999932 
 0 7 0.26688066944089311 5 0.59195524635659225 5 0.91955737824780659 5 1 7
7 0 0  5 14 4  -5.6734918055588643 -14.267707357932091 31  -5.4992680756680778 -14.32586948670733 31.000000000000011  -5.3300678263484951 -14.382354597523733 31.000000000000011  -5.1658910576001134 -14.437162690381303 31.000000000000007  -5.0067377694229318 -14.490293765280033 31.000000000000007  -2.9792104042598848 -15.1671551077725 30.999999999999915  -1.0051043872370411 -15.490788196228621 31.000000000000117  1.0051025518149432 -15.490788516757707 30.999999999999908  2.9792078256822982 -15.167155968557061 31.000000000000028  5.0067377934354003 -14.490293757271917 31  5.1658910936191313 -14.437162678368519 31  5.3300678623686144 -14.38235458551425 30.999999999999989  5.4992680996838486 -14.325869478709105 30.999999999999989  5.6734918055648338 -14.267707357953091 30.999999999999989 
 -1.0862290193973103 6 -0.22258416123488758 4 10.274737499052643 4 11.138381303028119 6
8 0 1
7 0 0  6 27 6  4.9828773144191736 -15.550629368214473 30.034899496702504  4.9805307594655677 -15.549083046172548 30.097578773822207  4.9730578780886887 -15.544158396416755 30.161931411085362  4.9599255914902276 -15.535502249514483 30.227356955354111  4.9407078320510163 -15.522825564086064 30.293069388688576  4.9152256594594617 -15.505989546093856 30.358117970331012  4.8450888238193688 -15.459539850854801 30.498803029609004  4.797461614812117 -15.427938059146284 30.573662222237992  4.7409429545240283 -15.390335479744026 30.644390404050629  4.67640869389336 -15.347237203239377 30.70925276713546  4.6053644560801557 -15.299567450662222 30.766982556450706  4.453003530379533 -15.196815896369444 30.867174466456149  4.3716101751386871 -15.14167852722076 30.909515754918903  4.2869939442203506 -15.084058279642512 30.943198671537921  4.2010433768016284 -15.025193366918908 30.968095231690896  4.1154099398924009 -14.96621265734148 30.984644682413627  4.0182305882331049 -14.898918176636437 30.994950668663495  4.0051122596487509 -14.889826223641998 30.99615874786652  3.9920385133499283 -14.880757399768166 30.997182241430313  3.9790141355735966 -14.871715104588814 30.99802404781931  3.9660436979736589 -14.862702607218935 30.998687216736808  3.9457975894994348 -14.848622744457812 30.999451976301589  3.9384824207799767 -14.843533070244348 30.999672403871241  3.9311868674761836 -14.83845459254726 30.999836816602762  3.923911704167967 -14.833387871494734 30.999945811701199  3.9166576640015509 -14.828333458470212 30.999999998807798  3.9094254386894711 -14.823291896112364 30.999999999999996 
 0 7 0.26688064122006638 5 0.59195518181725593 5 0.91955727503790108 5 0.97086035663439119 5 1 7
1 15.75 0 16 -0 -0 -1 
8 0 1
7 0 0  7 26 5  1.9473939706772501 16.212920528810447 30.034899496702504  1.946072866940636 16.211631463805066 30.076071067373562  1.9429127760658425 16.208547877856244 30.117824530747161  1.9378150755433283 16.203573098867867 30.159983751565196  1.9307041835898962 16.196631570327572 30.202347007503143  1.9215327445408188 16.1876738709934 30.244694649341845  1.9102868142419687 16.176681734580377 30.286796761139332  1.8733482192280666 16.140540777238432 30.402437630884524  1.8432156906585444 16.111024368411169 30.474966393007634  1.8067271446735689 16.075220327496055 30.54467950474988  1.7643612351446365 16.033549146187696 30.610349272966527  1.7168726497060698 15.986694185655713 30.67101894790208  1.6651289718391007 15.935458146483588 30.726035873802008  1.5465119783439161 15.817551433005859 30.831463388139543  1.4785266784834763 15.749710544746076 30.879897626829067  1.4073699907620001 15.678383271355941 30.919778935120856  1.334349164953085 15.604821125886945 30.950998975639152  1.2606532388569029 15.530191833910887 30.973765051820902  1.1872964759265958 15.455522089217494 30.988502860820009  1.1030059118779771 15.369294010880477 30.996996833028057  1.0909167623558385 15.356916448912671 30.998007774857331  1.078865627690496 15.344567317477887 30.998810706853227  1.0668565177982392 15.332250810424881 30.999408428743795  1.0548933246765091 15.319971021249305 30.999803851519481  1.0429798224039006 15.307731943093726 30.999999997433132  1.0311196671401623 15.295537468747595 31.000000000000004 
 0 8 0.19334749758747075 6 0.53716223693098952 6 0.93343265430873001 6 1 8
7 0 0  4 11 4  2.6800834257304427 15.108790310597589 31  2.5024617410765271 15.132348704167988 30.999999999999989  2.3316686843014374 15.155001400309454 30.999999999999989  2.1677042554051718 15.176748399021978 30.999999999999993  1.011122498980219 15.330148634287758 31.000000000000043  -2.3258344030000001e-08 15.37484810551582 30.999999999999957  -1.0111224093003259 15.330148646178884 31.000000000000021  -2.1677042570753025 15.176748398801816 31  -2.3316686865283538 15.155001400016106 30.999999999999993  -2.5024617427468341 15.132348703949154 30.999999999999989  -2.6800834257307433 15.108790310600961 30.999999999999986 
 -0.89658768645288722 5 -0.22259218804539455 3 4.0642862348511999 3 4.7382816799452145 5
8 0 1
7 0 0  7 26 5  -1.9473939706574694 16.212920529017648 30.034899496702504  -1.9460728669208183 16.211631464014673 30.076071067368055  -1.9429127760461671 16.208547878071865 30.117824530736318  -1.9378150755239201 16.203573099093287 30.159983751550289  -1.9307041835705003 16.196631570566577 30.202347007486505  -1.9215327445205079 16.187673871249579 30.244694649326778  -1.9102868142188834 16.176681734856917 30.286796761129942  -1.8733482192093613 16.140540777598765 30.402437630839344  -1.8432156906513633 16.111024368851204 30.474966392934405  -1.8067271446735123 16.075220328032096 30.544679504669361  -1.7643612351386584 16.033549146829785 30.610349272899406  -1.7168726496794529 15.986694186412974 30.671018947857718  -1.6651289717791053 15.935458147362594 30.726035873782749  -1.5465119782027528 15.817551434165493 30.831463388163922  -1.4785266782920929 15.749710546066369 30.879897626871784  -1.4073699905242536 15.678383272848638 30.919778935166907  -1.3343491646861767 15.604821127562818 30.950998975674786  -1.260653238585425 15.530191835774318 30.973765051839933  -1.1872964756747455 15.455522091262491 30.988502860825211  -1.1030059116630933 15.369294013110105 30.996996833028216  -1.0909167621384934 15.356916451159682 30.998007774857538  -1.0788656274711097 15.344567319741872 30.998810706853408  -1.0668565175771516 15.33225081270538 30.999408428743909  -1.0548933244542782 15.319971023545792 30.999803851519523  -1.0429798221815951 15.307731945405573 30.999999997433125  -1.031119666919657 15.295537471074043 31.000000000000004 
 0 8 0.19334749771335472 6 0.53716223698262433 6 0.93343265426911026 6 1 8
1 0.95509304175725573 16.09108639254632 31 0.09513157527869523 -0.99546470725234348 0 
1 -3.9854616351458549 -15.6189423318477 31 0.095131575278694591 0.99546470725234359 0 
1 1.5247119691774964 7.1246419999999997 0 -1 2.8999999999999998e-16 0 
1 0 15.013479 0 0.18976281235783887 -0.98182996238964093 0 
1 -1.5247119691774964 7.1246420000000006 0 0.1897628123578389 0.98182996238964093 0 
2 0 -0 0 0 -0 1 1 0 0 -0 1 0 13
1 1.5247119691774964 7.1246419999999997 31 -0 -0 -1 
1 -1.5247119691774964 7.1246420000000006 31 -0 -0 -1 
1 0 15.013479 31 -0 -0 -1 
2 0 -0 0 0 0 1 1 0 -0 -0 1 0 7
6 0 1 7 -0 10  13 -0 16  
1 7 -0 0 0 0 1 
2 0 -0 0 0 0 1 1 0 -0 -0 1 0 3.1499999999999999
1 -1.7499999999862983 2.6191601707509133 0 0 -1 0 
6 0 1 -1.7499999999862983 -2.6191601707509138 10  -1.7499999999862983 -2.6191601707509138 16  
6 0 1 -1.749999999986299 2.6191601707509133 10  -1.749999999986299 2.6191601707509133 16  
1 -1.749999999986299 2.6191601707509133 0 0 0 1 
1 -1.7499999999862983 -2.6191601707509138 0 0 0 1 
Polygon3D 0
PolygonOnTriangulations 0
Surfaces 115
10 0 6.2831853071795862 -2 6
2 0 0 16 -0 -0 -1 1 0 0 -0 1 -0 16.75
9 0 0 0 0 6 1 7 2 2 2 5.4331299168639902 -15.844355439918576 18  4.9467707286560501 -15.527074837471348 31  
3.6884478602149344 -16.442617976589197 18.000000000000028  3.3504663687079002 -16.035641439002745 30.999999999999904  
1.8647146207955927 -16.810344206584546 17.999999999999918  1.6914211757056659 -16.347272977129908 31.00000000000027  
-8.4399999999999999e-15 -16.934477357286635 18.000000000000078  -1.51e-14 -16.452294174674911 30.999999999999716  
-1.8647146207955756 -16.810344206584549 17.99999999999995  -1.6914211757056377 -16.347272977129887 31.000000000000156  
-3.6884478602149398 -16.442617976589208 18.000000000000025  -3.350466368707909 -16.03564143900276 30.999999999999964  
-5.4331299168639893 -15.844355439918578 18  -4.9467707286560474 -15.52707483747135 31  

1.2404549512940406 7
1.9011377022957525 7

0 2
1 2

1 0 0 18 0 0 1 1 0 -0 -0 1 0 
1 -9.7999999999999995e-16 1.2800000000000001e-15 16 0 0 1 1 0 -0 -0 1 0 
9 0 0 0 0 6 2 17 5 4 4 21.666675352550531 -10.49521246239447 1.40069848667682  21.416731562433302 -10.461375209997998 9.6990886328433117  20.984376163401123 -10.453209356945139 24.500000000000327  20.570416971218918 -10.535480222330987 39.311012406018328  20.347462282791795 -10.63590836820439 47.589955128300765  
19.064728991397036 -11.454349702831237 1.3969112702252182  18.666673565125816 -11.441443306056266 9.6990886328434733  17.966619570440276 -11.452956291711864 24.500000000000266  17.278548664735265 -11.524771995401018 39.31101240601793  16.898767021843572 -11.601364291731537 47.596857806426591  
16.462782630243545 -12.413486943268007 1.3931240537736163  15.971769039159341 -12.401855759324048 9.6990886328436332  15.10300389195436 -12.401638171355222 24.500000000000203  14.241122355715364 -12.437597351415848 39.311012406017561  13.761379277081211 -12.479670246125858 47.603137392217569  
13.860836269090049 -13.372624183704772 1.3893368373220145  13.332017984533893 -13.342612569801338 9.6990886328437895  12.393529127943376 -13.299254995875209 24.500000000000146  11.458138044159215 -13.273956290375471 39.31101240601722  10.935299048504719 -13.270826231387344 47.60879388567367  
11.258889907936554 -14.331761424141542 1.3855496208704128  10.747420401249466 -14.263713737488141 9.6990886328439458  9.8381952784073246 -14.14580676527183 24.500000000000099  8.9295957300668132 -14.033848812279885 39.311012406016921  8.4205263361141007 -13.974832247516007 47.613827286794901  
8.6569435467830598 -15.290898664578313 1.3817624044188108  8.2179762893060602 -15.165159262384456 9.6990886328440968  7.4370023433462054 -14.941293479545081 24.500000000000046  6.655495413438163 -14.717274917129094 39.311012406016644  6.2170611399093509 -14.591688294511838 47.618237595581284  
4.120670038396768 -16.963073356439061 1.3751597127121649  3.9042597375025494 -16.702485374052049 9.6990886328443526  3.5194571144614173 -16.239129707795971 24.499999999999964  3.1343918787910625 -15.775457819553623 39.311012406016218  2.9182441905260661 -15.515186059152882 47.624840287287768  
2.0863513204518802 -17.402597300455735 1.373421342990472  1.9753679691187123 -17.106029839844762 9.6990886328439387  1.7780678982506293 -16.578808591857225 24.500000000000092  1.5806331778576888 -16.051227536140161 39.311012406016893  1.4697844760493783 -15.755019883258729 47.626578657009716  
8.0000000000000006e-17 -17.551195820054961 1.372833592904815  -4.1800000000000001e-15 -17.242366577409175 9.6990886328445534  -1.177e-14 -16.693385765980771 24.499999999999897  -1.9359999999999999e-14 -16.144030296778105 39.311012406015877  -2.3620000000000001e-14 -15.835575711906596 47.627166407094975  
-2.0863513204518798 -17.402597300455771 1.3734213429905076  -1.9753679691187023 -17.10602983984478 9.6990886328440613  -1.7780678982506066 -16.578808591857218 24.500000000000053  -1.5806331778576534 -16.051227536140122 39.311012406016687  -1.4697844760493335 -15.755019883258665 47.626578657009603  
-4.1206700383967672 -16.963073356439068 1.3751597127121613  -3.9042597375025525 -16.70248537405206 9.6990886328443082  -3.5194571144614244 -16.239129707795982 24.499999999999993  -3.1343918787910741 -15.77545781955364 39.311012406016324  -2.9182441905260825 -15.515186059152905 47.624840287287839  
-8.9628718137514554 -15.177965688354462 1.3877521326371394  -8.5092979415011261 -15.061337794878334 9.6990886328441483  -7.7015690423682877 -14.85364567289106 24.500000000000011  -6.8932889000858451 -14.645811809213464 39.311012406016509  -6.4398427697272611 -14.529320985171294 47.617791690748589  
-11.747103691477591 -14.146990450900375 1.3960003733363777  -11.213209898699283 -14.096167033991588 9.6990886328440507  -10.261501996842654 -14.005570274625384 24.500000000000018  -9.310065308703102 -13.919507839614868 39.31101240601663  -8.7769769438227545 -13.875044552571117 47.613113839062549  
-14.408223876827531 -13.157016030773995 1.3981772656880196  -13.85542152029814 -13.151436861830032 9.699088632843953  -12.869749186183114 -13.141488943897947 24.500000000000025  -11.886166320125033 -13.145322696127307 39.311012406016765  -11.336305982176947 -13.158565074574312 47.607991256974678  
-16.946415214088248 -12.207923616251451 1.3927776103232077  -16.435932806297703 -12.227147278393687 9.6990886328438446  -15.526310610389672 -12.261401680708742 24.500000000000039  -14.621591934351633 -12.323256378750777 39.311012406016907  -14.11782988478984 -12.379882551180886 47.602423944484961  
-19.361366602082651 -11.299689506329337 1.3813131961015479  -18.954743756697969 -11.323298283682533 9.6990886328437558  -18.231186269462327 -11.365308485057772 24.500000000000046  -17.516342151382911 -11.45330888748528 39.311012406017049  -17.121548651661431 -11.538996982390836 47.596411901593378  
-21.652462024897851 -10.432392960694138 1.368342211727029  -21.411854371498947 -10.439889877696586 9.6990886328436474  -20.98437616340108 -10.453209356945036 24.50000000000006  -20.570416971218862 -10.53548022233082 39.311012406017198  -20.347462282791724 -10.635908368204165 47.589955128299977  

0.3517422625924268 7
1.2404549512940406 5
1.9011377022957525 5
2.8944869460369342 7

-1.2770632872547318 3
0 1
1 1
2.2786172932332915 3

9 0 0 0 0 8 8 23 23 4 4 -5.173936886026576 -15.803531185761077 16.744350187280723  -5.6724785982804429 -15.787262044329147 16.894168095661112  -6.0914894372562047 -15.766088179954803 17.020256455989628  -5.0230597264528987 -15.653844684619601 16.702679310311019  -7.2641832714441241 -15.744369977917756 17.372243902332063  -6.9289628452067165 -15.677002409539972 17.273138346622787  -8.261674464803864 -15.712023011605382 17.671628276816627  -9.3024103872365558 -15.72921088213762 17.982938720247194  -11.929765380862477 -15.797264794572197 18.768335122954486  -13.442250843648868 -15.84358058002004 19.220299967655613  -15.159062469264699 -15.902528606697853 19.733173744077003  -17.075504985460526 -15.973821092966494 20.305563505930181  -19.178193803152748 -16.056637573431509 20.933474902244463  -21.436192247078512 -16.149076807580009 21.607681545384654  -23.793560402049902 -16.247691552950236 22.31151354632075  -28.556667822686592 -16.447979784991887 23.733584147370287  -30.962434128827102 -16.549655398818579 24.451831910798912  -33.317685573895574 -16.648243559347485 25.155008652594777  -35.529595023437089 -16.738004543339041 25.815443369699153  -37.494011903332144 -16.812480542202369 26.402068570289288  -39.130101294170572 -16.866649194537139 26.890770816072266  -40.405258374658864 -16.898478812614499 27.271836378274681  -41.312710706481553 -16.907536150873877 27.543227608538579  
-5.1145646765748607 -15.803603574181832 16.820797490992064  -5.6327939944750876 -15.788526730565634 16.976488197792783  -6.2380301088502286 -15.778742088579733 17.158132423057168  -4.1201191496792084 -15.602240330991425 16.527567718521759  -7.8765755768427486 -15.785481526147624 17.649132148275637  -6.1088218240385803 -15.630312129875831 17.12272260168416  -7.8325724501056495 -15.689242828255189 17.637905474719549  -8.5857123061752425 -15.688752823955351 17.863462595752331  -10.845089107388013 -15.734142835157719 18.539177218583557  -12.168044295197243 -15.768783245453632 18.934651301304768  -13.695544287752215 -15.816065055920625 19.391100359411087  -15.426810045917222 -15.875942429035252 19.908297893647443  -17.354328178222442 -15.947957897885686 20.48400051580354  -19.454031272528507 -16.030638203676354 21.11102989065807  -21.672645798860504 -16.120703851325352 21.773512605772197  -26.192986921758454 -16.306048994245938 23.123246306198347  -28.49476982706004 -16.40133245064505 23.81051522338765  -30.761092370184016 -16.494464437213832 24.487204027401638  -32.893026571112578 -16.579329364893994 25.123822878414558  -34.772652995700568 -16.648614854132845 25.685198935485769  -36.310585956880196 -16.696765772605577 26.144666933082529  -37.475956666141784 -16.721855561510878 26.493031752573689  -38.26666602542857 -16.723739336345904 26.729647704365142  
-5.0699686800915353 -15.804633999272159 16.901638603228619  -5.5927489054530515 -15.789813881202837 17.058657602866401  -6.1956992855757989 -15.779743474630445 17.239394378927031  -5.3754040581200107 -15.683842364990634 16.997098967714798  -6.5622656667413031 -15.707705657363034 17.350393821193066  -6.5687962537660569 -15.662641867312791 17.35458468224812  -7.2604517200023109 -15.657679123239893 17.561376587823595  -7.9951589487687995 -15.656129244033522 17.78159481372553  -9.86796666108906 -15.677716491403226 18.342089462745204  -10.991648953641649 -15.700078902620394 18.678158686826002  -12.317173284250611 -15.734914910357929 19.074427705614678  -13.847761440985851 -15.782413690335753 19.531802577022383  -15.582186114074375 -15.842516859340114 20.049936303704659  -17.505525886962772 -15.914317868307702 20.624419938690284  -19.569568848866528 -15.994851017868022 21.240827105648631  -23.821547467408653 -16.163662026917315 22.510589128338083  -26.009445664008418 -16.25193508086414 23.16394414514928  -28.181535378785131 -16.339290443289705 23.812511633398973  -30.230046344571132 -16.419029271831899 24.42437559277564  -32.022913112437109 -16.483011922813677 24.959795575012926  -33.457333766494678 -16.524811959661296 25.388529926539597  -34.507112365230839 -16.542800150716509 25.702426146671712  -35.175667229833046 -16.537173012561489 25.902652860853458  
-4.8679121927293574 -15.796122620335188 16.935623680263227  -5.3410896672135451 -15.778289242109389 17.077893520737767  -6.7375102560394877 -15.817293200073522 17.496132646289208  -3.2745056064748397 -15.555893120426735 16.461033796953352  -10.709251576566546 -15.968403386630163 18.684898916492834  -3.7131953769823629 -15.489896798550406 16.59519671939276  -7.6702838985658737 -15.686864876465433 17.778313047188519  -7.4750589011147071 -15.627919227485242 17.720726764589582  -8.9628289945914332 -15.625802690774146 18.166461327685514  -9.8893472140157499 -15.636021151335997 18.443789405279453  -11.007191528299019 -15.65804575023588 18.778124651659727  -12.327126126857364 -15.692549459363761 19.172697776536978  -13.851731060547136 -15.739705262766531 19.628358821599061  -15.58201106657031 -15.799582616376663 20.145233089468601  -17.475257169827731 -15.869576752759809 20.710756448493171  -21.431770056065165 -16.020167098094326 21.892462916669057  -23.495674818202218 -16.100811677149544 22.508817090028018  -25.562342416299398 -16.181641758055594 23.126127521841521  -27.532794864459603 -16.256671121589726 23.71446415542329  -29.234222936308324 -16.314999657637816 24.223035646392383  -30.561967708269819 -16.350264959970477 24.619686201725287  -31.489236619545228 -16.360722409628824 24.897197115395159  -32.030702529483179 -16.347274865621454 25.05956055867513  
-5.5442847211181823 -15.841226696361723 17.231536661342993  -6.1577591450508518 -15.831877591529661 17.415558562950388  -6.7151173398892547 -15.817890750519691 17.581726484811483  -1.6112006293201044 -15.464460361998048 16.065713460467649  -6.8075144612947183 -15.726017410723131 17.608013956277475  -6.294584280547352 -15.655792816973321 17.463387660090518  -6.1917391668394437 -15.599047355768946 17.430456507722187  -6.8765363021598098 -15.594999568046489 17.636477048230418  -8.0974636545400944 -15.576434109249533 18.00270936974432  -8.8427021324715618 -15.5754667242255 18.225982265403804  -9.7625451826099372 -15.585284015761236 18.501321884265572  -10.864600684430053 -15.606340024977428 18.831006638078108  -12.169344297593145 -15.639909683719697 19.220998063726281  -13.684817629604414 -15.686521557633508 19.673943215069968  -15.388233262840275 -15.744788285790072 20.182847657309075  -19.018940351216262 -15.875268525707131 21.267446788978543  -20.945708213912393 -15.947439629401167 21.843017649243809  -22.914144325150215 -16.022305542870246 22.430807717699889  -24.788622226565685 -16.091317375418956 22.991050607273269  -26.409162660572196 -16.144793316796139 23.474859250576181  -27.620361315351332 -16.172873402324257 23.837330702465209  -28.421695687770828 -16.175582611777791 24.077128177243601  -28.831933640306829 -16.154055526342955 24.200397822836294  
-5.1233636543383847 -15.819171820095159 17.200100256712872  -5.4011902659454405 -15.789338649591228 17.284050140321735  -5.1901278611843642 -15.729896735483266 17.222568670544483  -8.5460789483640571 -15.886517333000468 18.222702088593778  -3.0235515669147506 -15.506656201648441 16.581076378016817  -6.8052376168342148 -15.685951092913271 17.70558676372827  -5.8037335592494763 -15.580567445341352 17.410275700405109  -6.3577991064824531 -15.567081557685917 17.576077453570161  -7.2979065297344485 -15.531186803536146 17.858584863242648  -7.8847914401512291 -15.520461727843117 18.034678846513831  -8.6083454005002427 -15.518154960192673 18.251499326751851  -9.4967768507858228 -15.526025839803967 18.517441074162093  -10.564591188380769 -15.544962010155045 18.836925838058239  -11.85079083064246 -15.577402571850127 19.221427695795555  -13.342785733970876 -15.622605105205611 19.667341021548893  -16.604881904256828 -15.730317426015535 20.642067001690169  -18.376748725848167 -15.792943938507069 21.171380441970609  -20.208475280566823 -15.859307189892556 21.718713298757294  -22.024382421420327 -15.92486923441345 22.260978053361995  -23.545456260918169 -15.972147249034151 22.71587644063748  -24.642054059503032 -15.993216055576745 23.043647135590767  -25.304511188570093 -15.987372414830425 23.242272364012408  -25.579034149060853 -15.95747953030115 23.32510186550498  
-5.358291334530473 -15.837293992919157 17.364352100494301  -5.731617045217333 -15.813301322106952 17.476783521726922  -5.9927627559025742 -15.782273046641045 17.555624945639593  -4.5354321546388174 -15.646831676734564 17.122609468840061  -6.2734588597621981 -15.706088446265838 17.641625648442876  -5.2601337462382256 -15.597596125284277 17.341030890409414  -5.8103327321898819 -15.584132685980777 17.505891915159722  -5.9877549350094492 -15.548287507207156 17.560003698148954  -6.6550191094052744 -15.49561752153646 17.761189112487337  -7.0826586006510404 -15.475071225433695 17.889800281090331  -7.6200385830101922 -15.461301375455371 18.051130385837091  -8.2881658636304856 -15.455568400741171 18.251428855981096  -9.1122072799073202 -15.459456743841308 18.498177687902597  -10.135143844488544 -15.475625494577976 18.804246895840762  -11.383088804147102 -15.505741405434783 19.177386167880648  -14.222125979888215 -15.587310551048979 20.026000107593322  -15.81325749129622 -15.638764013827029 20.501497568158246  -17.524960468401282 -15.69777525132848 21.012887176658008  -19.227497975726614 -15.756285957935084 21.521706194429843  -20.688597308429149 -15.799983189694572 21.958328687471838  -21.642372157756402 -15.812232819137812 22.243874689357927  -22.164653508798356 -15.797753007529835 22.400609546866935  -22.302086594479665 -15.759403668764968 22.44259318502618  
-5.3384495098542883 -15.839805137984582 17.452583555669911  -5.6430943330498984 -15.81162466047784 17.544538905381028  -5.7174240935345697 -15.769280569868044 17.567778514390429  -5.5569026278998299 -15.712717484789652 17.521074409453529  -5.4221415041989722 -15.658149966076724 17.482328532907967  -5.5841389010983677 -15.620990664759422 17.531594585163628  -5.5829482617641055 -15.574190049420292 17.532439034815404  -5.7408350725128461 -15.537032820902953 17.580629029631474  -6.1758578357061671 -15.470102250096707 17.712585997583314  -6.468268527817421 -15.441247779732143 17.800894963420543  -6.8436728450237325 -15.417498277190223 17.91393636420726  -7.3154153594816602 -15.39967691972846 18.055692810310191  -7.9110875254730475 -15.389477600110547 18.234378080133947  -8.6681935368098308 -15.389238620279684 18.461187458011757  -9.6390537723586096 -15.402232366485308 18.751728439402736  -11.965268557609049 -15.452105633058469 19.447465394441881  -13.324205531867864 -15.489207758861346 19.853729639783932  -14.830069585001183 -15.535479389411467 20.303815691023726  -16.492991325725008 -15.591613596081068 20.800753809410885  -17.854116602848418 -15.629165849465387 21.207716398183837  -18.666889657120883 -15.63274048838422 21.451155637396212  -19.024164107068248 -15.6080691613629 21.558751071394635  -19.022463651299294 -15.561122124880665 21.559272875433251  
-5.3632910245317129 -15.848790673902576 17.648307565707061  -5.6081772333402675 -15.816978473310819 17.722455717972924  -5.6317640334454344 -15.771548115830276 17.730579151202328  -5.5757064127661007 -15.721325793018885 17.714999585050414  -5.4802820050841623 -15.668976691922662 17.687853761304417  -5.4918609918532706 -15.623013039559865 17.692517237295483  -5.4586743306350902 -15.574230903231534 17.683795162371418  -5.4585780644086119 -15.527439636657723 17.684919272389731  -5.5339528015447081 -15.438478913275173 17.709688726899046  -5.6085378631569824 -15.396248161653832 17.7330640761826  -5.7285094725092236 -15.356814224585538 17.769980179790959  -5.8843111086923976 -15.319556727725475 17.817554864846887  -6.0992406764742633 -15.285929857241799 17.882759562379682  -6.3902907203322155 -15.25696627361884 17.970639808906618  -6.8223189094064249 -15.236704613679493 18.100553222853357  -8.0446985575157104 -15.218394296671567 18.467227180469934  -8.8425991111585418 -15.220812327645428 18.706239357331111  -9.8212310873447226 -15.234487546670692 18.999153569925166  -11.060476770650411 -15.264352243740564 19.369792464565599  -12.588089952988037 -15.312475903374676 19.826474866962354  -12.860556408178383 -15.28259761314786 19.908848030298905  -12.912868026678554 -15.239068454009571 19.925556962485896  -12.695335304620015 -15.178772877323034 19.861767250297014  
-5.3948186575175647 -15.85444801189024 17.751862247768234  -5.6007288330156086 -15.820262064936587 17.814395468416802  -5.4954386937793025 -15.766909501450092 17.784072981026071  -5.7640139433231115 -15.736614355172382 17.865332909468403  -5.3099245627941993 -15.662178021349511 17.731132186939174  -5.6120726034448341 -15.634125761421817 17.822543378109689  -5.4391958051948732 -15.576824043982473 17.772155173651011  -5.4232841267539573 -15.529113315503459 17.768607327196371  -5.3714586165307487 -15.432381621975097 17.755461905046179  -5.3661435996405054 -15.385279852423333 17.755047787833387  -5.4208157148373584 -15.341881157906654 17.77249757890819  -5.398257017315605 -15.293598472330276 17.766886621698539  -5.5033521410461903 -15.253288597200712 17.799376309415035  -5.5967605045036963 -15.21215254457284 17.82833699850309  -5.8114381291450385 -15.178526127893566 17.893466508833306  -6.5265169746331315 -15.128990979527627 18.108928385348804  -7.4797018668670185 -15.141340055728374 18.394295837026128  -5.5357252060525006 -14.972916480888065 17.815624075411662  -13.54096285465409 -15.424987944443195 20.204209534377014  -3.5160298859156134 -14.753475017535974 17.215504703716963  -10.209155768724004 -15.123189992389817 19.212804026711268  -9.5622187350575789 -15.036152735606825 19.020954979968636  -9.4653842953807512 -14.983369842032372 18.993177725137063  
-5.2819018092068957 -15.851307513163752 17.812377375518142  -5.5469188360717991 -15.820752705825118 17.89253941138934  -5.9106146345835402 -15.796245949849125 18.002136709374774  -4.8582757855504708 -15.684737031038939 17.689305916487079  -6.2194348987995598 -15.721641358684149 18.0965644084677  -5.1723609286734957 -15.61088335429818 17.785482056080657  -5.6040033580497122 -15.590707163784799 17.91551198613713  -5.4654410050119751 -15.535482555242419 17.875339243620992  -5.3444213347004741 -15.434553715572914 17.841601724049656  -5.262278466469942 -15.382685225058633 17.818215083641629  -5.1660777383672247 -15.32982558745765 17.790575981780339  -5.3631646746527171 -15.295715846443665 17.850879074926336  -5.1293569927416938 -15.234117865303693 17.781991808796384  -5.0562640643690795 -15.182982463863743 17.761548323752944  -4.8208492861494969 -15.121430523536757 17.692429684624628  -4.5611714262162701 -15.011275661437537 17.617220647689397  -3.3762684576232771 -14.890111749977999 17.264936466293094  -10.81539944008207 -15.307256777193739 19.484640880361688  9.3644085590373152 -14.000326878375176 13.46721252319373  -29.540786046764499 -16.377863463395489 25.071405194449358  -7.302339470300903 -14.947221761209606 18.440224543615294  -8.6733913288377984 -14.986018455147025 18.850416328323835  -7.6010724899470503 -14.872635856505465 18.531772567288701  
-5.4729285605559514 -15.866688940281231 17.96346251637797  -5.5793409586494267 -15.826422726506445 17.996334948934209  -5.193811977492957 -15.755755118872425 17.882360882116764  -6.304321958982106 -15.777108132626259 18.214737636956713  -4.799735196703196 -15.638408559671548 17.767282994699688  -6.0660025951210192 -15.669416560397014 18.146235639186703  -5.5378953363001315 -15.590476821435184 17.989929415901333  -5.6120413281446941 -15.548365428939487 18.01329884066979  -5.5246217761752696 -15.449576400102345 17.989589016702769  -5.4783339723092901 -15.399984400756573 17.976953477239913  -5.4339110618164703 -15.350701605886737 17.965042307583403  -5.180115398705003 -15.287540779429296 17.88982065805547  -5.4788490089515474 -15.260008001428879 17.980758537888931  -5.5561895620182638 -15.217791968336137 18.00457003584097  -5.7546520727448396 -15.183674653473529 18.065087743923538  -5.7982842076337029 -15.093456538453532 18.080530936742562  -6.3189295969536285 -15.079777772230202 18.23704182827084  -1.0240088795961197 -14.70249093805767 16.659159009137067  -15.73907828019431 -15.575961410298341 21.049123465945875  17.98367255315382 -13.425997238477553 10.99267670010194  -3.631458731564619 -14.725109553543282 17.44046811297066  -2.1305504082335038 -14.584465731847494 16.993817419829185  -3.1128749112992162 -14.598665620826534 17.287865432053142  
-5.3524281596917067 -15.863086791018089 18.021717118390573  -5.5279569317425077 -15.827074432137199 18.07520979120876  -5.5372211593150995 -15.780734229910561 18.079058575915365  -5.4660981687840255 -15.72937588904216 18.058829750491359  -5.7178485232613534 -15.698554937045708 18.135394227060861  -5.6988001544388673 -15.650713345449461 18.130830628406756  -5.7697760611039701 -15.608579851658549 18.153368406781247  -5.7453946125956659 -15.5604018144699 18.147282648457434  -5.6499410326738326 -15.461126781825385 18.121219838108143  -5.5664664501933938 -15.409249582811354 18.097505078553709  -5.4731897852272819 -15.356564316026828 18.070679341198648  -5.5313316757177509 -15.313934219368017 18.089698918539025  -5.2522450423167575 -15.249421348254094 18.007089762571439  -5.1165045507730191 -15.194536800440634 17.96811284468254  -4.9038785001536365 -15.134496855907488 17.905753288629736  -4.5096652649580875 -15.016484692977141 17.790514963784528  -4.1721331194249425 -14.948597135066146 17.691031915803169  -5.4462909797678449 -14.981837211027521 18.072116023662488  0.11928587075716421 -14.586739444210469 16.413515188474527  -11.909447962049899 -15.291340493866356 20.002145740633697  -2.5075967865758195 -14.658464636268965 17.199258137699086  -3.9512004309868844 -14.701764324189222 17.631028019016071  -3.867953464710149 -14.64986358102259 17.607362743954418  
-5.3177824981634059 -15.864703735066122 18.105548923938663  -5.5479420406227744 -15.83204356769623 18.175332171796796  -5.5340373727924019 -15.784247619377668 18.172242695252255  -5.4445166898518682 -15.731926152178282 18.146668282832337  -5.7603363816903856 -15.704867384318169 18.242150115966542  -5.7887008116007932 -15.660179636564969 18.251966874730044  -5.8504657115968559 -15.617344743282652 18.271608828421641  -5.7953142270570863 -15.56725975800939 18.256371370333603  -5.6498792205466657 -15.464796010607945 18.215333841320767  -5.5512241667663007 -15.41190672681911 18.187045079650535  -5.4609047926896022 -15.359568210809257 18.16129101309329  -5.3761069665044321 -15.307396339590058 18.136990390750913  -5.3877786181892144 -15.261491376092447 18.141794609475077  -5.3781730061405035 -15.214065298738786 18.139987360261888  -5.3836705384320265 -15.16769195139428 18.142835336213082  -5.4727410403006997 -15.079760155808975 18.171754934918152  -5.4242951035636375 -15.029994476050936 18.158487785153156  -6.3572583217519121 -15.041407099535903 18.437933701094796  -4.544771441890334 -14.881732266110225 17.89854508822842  -8.7764381314388515 -15.098487992917374 19.161773613454439  -6.531156136070539 -14.912501398862078 18.493403024268524  -6.0080685975488333 -14.833365603529307 18.338619096180775  -5.4863217161360645 -14.754329327467941 18.184218124895541  
-5.2882848469710959 -15.866635195253997 18.190914882422483  -5.5553613543438276 -15.83625958862506 18.271716914088788  -5.493622003807646 -15.785506470138886 18.254354283019921  -5.4277337182778247 -15.734586470386395 18.235796083083233  -5.8484778346300592 -15.714255255071915 18.362731639876703  -5.84036392069354 -15.667183627078421 18.361579232044818  -5.7672620094653828 -15.615967571628262 18.340964014077198  -5.636282728308232 -15.561089960088974 18.30303312949788  -5.3958638411360695 -15.452578513272226 18.233547701267334  -5.2850199977049206 -15.398858889874299 18.201574908178991  -5.2401387899694747 -15.349219625422402 18.189283313879169  -5.2821762901130356 -15.304993996796366 18.202948773795097  -5.3874349756033002 -15.264704481092132 18.235484964796949  -5.5501288141955216 -15.227999767911328 18.285171631232743  -5.7818156990988578 -15.195596910092871 18.355445406171256  -6.4243185731490389 -15.141989264638758 18.549437123221214  -6.849839387027 -15.121693522015413 18.677539902888782  -7.3271002786180537 -15.104701481764662 18.821084341397409  -7.9085598948993407 -15.094121181447509 18.99570700085178  -9.1945062278138678 -15.127816534873478 19.380463459757618  -8.3697107167178153 -15.030054913208897 19.135737401177256  -7.9179224487302502 -14.955513143592102 19.002258494099213  -7.3638331839404714 -14.874585192411571 18.838253748607674  
-5.1687262483332974 -15.866764240183118 18.343578773716594  -5.5995196072562603 -15.846525792849279 18.473247406559356  -5.4757711616474856 -15.791850146820845 18.437333254837029  -5.2443797130349807 -15.730679872680245 18.369376606601268  -6.3078166841406693 -15.750701411250573 18.688448918160947  -5.3025062406125176 -15.641276221532918 18.389328663665999  -5.1767826703305309 -15.586722485446984 18.352951939099889  -4.8076833895217188 -15.51684417596957 18.24379049050934  -4.4398548754826592 -15.400050218655993 18.136007198223332  -4.39283565483289 -15.350116381272578 18.122957272039471  -4.5518058676898816 -15.3129830443351 18.171400257798901  -4.9062332501262187 -15.288021499648552 18.278203361328398  -5.4214388186696354 -15.273076924263831 18.433001389119802  -6.0771392513070523 -15.2668948060312 18.629737054816985  -6.8823146150190526 -15.270048733655406 18.871076670805518  -8.7188591939365914 -15.290563654801451 19.421258526946616  -9.7600762039091045 -15.308537490947199 19.733036848477894  -10.810041860815236 -15.327151616256817 20.047446156090018  -12.058341565354928 -15.358241218572624 20.421015378264073  -12.732796286583444 -15.353841838727933 20.623482212552219  -12.762736166504137 -15.309417947692671 20.633746665301356  -12.409109381120533 -15.241163672193654 20.529626902876284  -11.845251492147423 -15.159834868881216 20.362800859569326  
-5.1812600960715907 -15.871318511074985 18.441495039637285  -5.6716295257481386 -15.854657000281469 18.588871880431451  -3.6229494337570518 -15.679485054160587 17.977676580114544  -9.3097858325730396 -15.988843962415643 19.678488430081465  -3.7940321560174004 -15.597573811301617 18.031652343737747  -5.9374115900898001 -15.68478927828369 18.673244611310619  -4.4454145692603388 -15.544892236469972 18.228658635181318  -4.1410726997561387 -15.47895566710055 18.138770947118822  -3.7343027573984973 -15.359518621811441 18.019192076922142  -3.7616762385013272 -15.314107548242488 18.02827484322227  -4.0773103885120863 -15.286619528337772 18.123395363052012  -4.6506768702543795 -15.275192351543632 18.29552314160189  -5.4354006606831655 -15.276925080896795 18.530667406785284  -6.4051189229762144 -15.290206341342355 18.821096865799408  -7.5494686633787751 -15.314407268979927 19.163607984003946  -10.03177113703817 -15.37503107218121 19.906440926760762  -11.36766592143559 -15.411323182803814 20.306148683934815  -12.736372904202412 -15.449789708201607 20.715636635630002  -13.956477240811852 -15.479144506242287 21.080894120645993  -14.792013460516278 -15.484776436183241 21.331371132940575  -15.004879429547765 -15.451766158961306 21.396302125681554  -14.834765729634917 -15.394988429841412 21.346926576680943  -14.373117405882345 -15.320100513639238 21.210631658805827  
-4.6855911577193012 -15.84444379494534 18.387791458554069  -5.7685684837511966 -15.865198925857893 18.712509158369002  -12.298142955013944 -16.226338031716566 20.664578524850203  10.18998903366152 -14.773255792308163 13.945810727232825  -17.020220234350731 -16.427444276438315 22.077342988557195  0.63767496371737498 -15.278146199005336 16.803182723047456  -4.6485925493051274 -15.561282173803308 18.383471030258477  -3.1504650030832866 -15.420763948133411 17.936891227880096  -2.8234533169278864 -15.306086926781621 17.840956288001824  -2.9815283990489156 -15.268702185443143 17.888956749860309  -3.518494668921011 -15.254915618537661 18.050170053887101  -4.3603752760500045 -15.260074289950856 18.302201063414174  -5.4583797886096779 -15.281259102406725 18.6309922693689  -6.7738194252992923 -15.315979151697942 19.024437140787516  -8.2517806988938052 -15.360898613535547 19.466514427809933  -11.324137872453829 -15.458190907196432 20.385407287359154  -12.923995961728476 -15.510912077989504 20.863852469269762  -14.447250308570588 -15.55896479239696 21.319586868908083  -15.867525192633014 -15.600834493330204 21.744367542320376  -16.818718121617664 -15.613632022616533 22.029737004386412  -17.246365842567819 -15.594012362549323 22.158455585995615  -17.249743280983189 -15.548070258399017 22.161014194094129  -16.939786604248315 -15.482674882269041 22.070009135173223  
-4.919923207394481 -15.862161192320983 18.551491503948384  -4.9671533734505573 -15.817018030501357 18.565937772400332  5.2067035330013844 -15.135227672515127 15.527822903966987  -28.332258881895577 -17.182465698683082 25.54875214044224  7.5140024206074889 -14.902471007161083 14.84396669114318  -8.6712694097382279 -15.862063367616447 19.677699619119846  -1.6292888567949302 -15.376829357574227 17.575781160394246  -1.9750384815278323 -15.350993466736906 17.679763234644295  -1.7833186511649952 -15.24447420366354 17.623997978564322  -2.1720541144196015 -15.221381056127653 17.740837083163896  -2.9675398907046988 -15.223572665315906 17.978961946016192  -4.1097296441032425 -15.247442053103791 18.320976062461064  -5.5285863374511441 -15.288459972177083 18.745067656191072  -7.1645567110432689 -15.343115801877051 19.234399145884979  -8.9412595742608989 -15.406594702531212 19.76554097231999  -12.557186400713855 -15.537672853738089 20.846640088350878  -14.394304602432381 -15.605129568901541 21.39595550459876  -16.166479767042407 -15.668733459217366 21.925805308834558  -17.698900293799767 -15.717489830471873 22.384483184180677  -18.827006902492105 -15.741374111229778 22.722032042561793  -19.462241940845253 -15.734656501902773 22.91331262745296  -19.674082581026425 -15.701702307835783 22.977818354117652  -19.536595779609058 -15.647077352245438 22.938301336492845  
-5.0669504545927513 -15.876673310819953 18.690654221477043  -8.0021051699626646 -16.013273659310386 19.568877545502755  -10.747734959633302 -16.133681850010099 20.387508995183712  5.1497467122597449 -15.102795641333202 15.644852327963672  -12.063319434724383 -16.12300550824202 20.783175386267754  4.6403789058738161 -15.035500559310567 15.795501889006601  -2.216315234565402 -15.416746382722497 17.844993256144036  -0.43519059669893057 -15.258120043857815 17.31351610713925  -0.89663321592372125 -15.192285278526082 17.452752738898628  -1.5547667647270886 -15.185929793361973 17.649934760106174  -2.6288664386875955 -15.205479686076249 17.971441816794606  -4.0600778098258683 -15.247192623490326 18.399196948402199  -5.7695913334499185 -15.306362894730821 18.910530350407715  -7.6952113303425929 -15.378975349018164 19.485972999274793  -9.7398244241676792 -15.459108645540855 20.09714805082589  -13.838549100546455 -15.620205002531554 21.322325783538819  -15.894170549885347 -15.701269475863336 21.936797697138719  -17.829924372592771 -15.77499406568092 22.515629112242948  -19.54448769946524 -15.835178397331635 23.028353450310128  -20.849360055133189 -15.869972485732518 23.419231202001011  -21.684023165458907 -15.875690099524748 23.669474707615585  -22.094217683027349 -15.855096383990974 23.793452087234087  -22.145831155489983 -15.812262189085448 23.810382868408794  
-2.1723519701596796 -15.698341090473729 17.919103825978169  -3.9687581191373194 -15.763097659066966 18.456604246833265  -8.9845244639406197 -16.030693995683514 19.957110589895859  -3.8912669724760449 -15.661274808838209 18.433505593873036  4.6094111459935263 -15.089786639901403 15.899047901795969  -5.7027582594309285 -15.683762074234322 18.978861732745404  1.5497207470567715 -15.184698536449922 16.813562486845857  0.10168278161874429 -15.227794563623558 17.246858068917824  -0.64371348919574334 -15.179595934319652 17.470785626461176  -1.4837281253531487 -15.184537828417369 17.722256308063983  -2.764301234111862 -15.21686714019123 18.105158452172084  -4.4141647465048752 -15.272236647520426 18.598516397842587  -6.3560626451435525 -15.345762463129175 19.178772358516696  -8.5060607485876112 -15.432348460247363 19.821388445462897  -10.761826261154862 -15.525601898985842 20.49550113603901  -15.253908123078725 -15.711149814091156 21.838058353269247  -17.490213199593278 -15.803440074276681 22.506484231823421  -19.601983835184093 -15.888137748426972 23.137794304413056  -21.464088992182464 -15.957446620161372 23.694683618105223  -22.937716155838441 -16.002778265960522 24.135697959108111  -23.965996860193307 -16.020524962211212 24.443993450890538  -24.574508404773873 -16.012270293489184 24.627028587241021  -24.813414181562646 -15.98110359413381 24.699860435811942  
-2.2096290848442517 -15.704528157825424 18.024483769116557  -4.8285091452954001 -15.820925787364667 18.807906247282993  -7.8490720835646233 -15.962836957595444 19.711592237850304  -7.0446255138891107 -15.865992445584366 19.472579332060199  3.0376943060620913 -15.187877873857271 16.460158589792506  -4.1212935228779584 -15.58989900799506 18.601331291900557  0.5527789159715335 -15.249907639726841 17.204988518160125  -0.22372863634699194 -15.251308884068655 17.437787054236967  -1.1025452663628363 -15.211309251282254 17.701406748928132  -2.0511425346916869 -15.222967099362377 17.985217886516814  -3.4646685991195971 -15.263548335567171 18.407820989535541  -5.2679942005191061 -15.328405680597657 18.946794883195896  -7.3724891891189124 -15.412050733490037 19.575686125163237  -9.6865472933841517 -15.508811173108141 20.267154330628777  -12.099834857410203 -15.611850666500452 20.988277893304495  -16.894576584175883 -15.816203041332253 22.421135071264413  -19.276140758388973 -15.917523232251213 23.132903099639691  -21.525713292179706 -16.010776618438573 23.805335393185228  -23.526619289279004 -16.088728572010929 24.40365868904453  -25.155689385062644 -16.14370081631693 24.891088449150921  -26.359597166420649 -16.172373541367683 25.251753804359748  -27.152148809261909 -16.17556588192711 25.489740657423337  -27.572577655646672 -16.155698987522651 25.616748775795951  
-2.0697414044228881 -15.699521558831163 18.076829388282274  -4.8899185195706822 -15.828554487749681 18.92043535898074  -7.350629760950075 -15.935418093900761 19.656797466964878  -7.4297457395418078 -15.893691575460188 19.681696899628101  -0.041476215891402768 -15.384026284010488 17.474339585333233  -3.7943099128228304 -15.572552115519969 18.597282781569593  -0.91279464082120665 -15.344784119830408 17.736672560635455  -1.3082278482852159 -15.322215830089563 17.855465798031389  -2.2551052008259016 -15.286319475448352 18.139244369184482  -3.2592704723572483 -15.301384655697513 18.439572846085984  -4.7514479475491154 -15.346818605622117 18.885589938732956  -6.6488518282390148 -15.417494829589753 19.452588853312271  -8.8591484529717537 -15.507694570476453 20.113011500668694  -11.281836903281198 -15.61119136699519 20.83686412858285  -13.803474733115932 -15.720953657920798 21.590297342777291  -18.81599903014153 -15.938823480698915 23.088111049966056  -21.306964536331304 -16.046936360120053 23.832516811460764  -23.667736090564315 -16.147094932155209 24.538128706459879  -25.785637573471977 -16.232311730810395 25.171367197503582  -27.550778245097653 -16.295733749176346 25.699399930462533  -28.911583652466327 -16.33415458968291 26.106887046163084  -29.872362136368398 -16.347804684852445 26.395073715529634  -30.462627015188538 -16.338503118102089 26.572764719104715  

-1.1037354959412535 9
-0.38157577000436027 7
0.34058395593253299 7
1.0627436818694262 9

-0.23954555971083621 9
0.13398233531607603 7
0.50751023034298826 7
0.88103812536990056 9

5 0 0 17 0 0 1 -0.13933523463383271 0.99024526880441843 0 -0.99024526880441843 -0.13933523463383271 0 15.75 1
9 0 0 0 0 8 8 23 23 4 4 -37.366023344749983 24.431041797893755 27.549966077980919  -36.469441287966788 24.248298002435032 27.276189220611187  -35.217599852859088 23.973894945591258 26.893138225152548  -33.617153577586969 23.609557016756661 26.402866634900594  -31.699693872683653 23.163457489548726 25.815093764563244  -29.543422226791847 22.655786657922608 25.153877581499259  -27.249060072304541 22.112534785513009 24.450196477238716  -24.906362815205807 21.556857273187877 23.731645436164399  -20.268848251423396 20.457921625961475 22.309258780200945  -17.974005203918122 19.914656905861918 21.605414462339819  -15.775794031717902 19.396346774793997 20.931278824595374  -13.728330921368313 18.916937142843928 20.303489515592599  -11.861551045240034 18.484135679563899 19.731249455929834  -10.188394152684815 18.101271727430252 19.218536707612067  -8.7133679414071725 17.769506575448073 18.766736746968256  -6.1488357351197429 17.205397173873287 17.981657190016033  -5.1306485392915047 16.991412190877831 17.670322535644601  -3.8324431944277841 16.705436283782252 17.272778060759823  -4.144205401370856 16.833916546612961 17.370517018642737  -1.9661643476156554 16.321712031466461 16.702241798300886  -2.9953923660514556 16.634753372254693 17.020433494292327  -2.5781787845352335 16.575683579930665 16.89373672440486  -2.0854218152812907 16.497142764024801 16.743795140400415  
-34.412526325215261 23.673977453786073 26.736626507430188  -33.629306632572245 23.520424607864388 26.497672656682251  -32.484085632871633 23.273470125979365 26.147371805863951  -30.979006458344269 22.933674814395502 25.686388213656581  -29.144006046582209 22.508789373318713 25.123939425223448  -27.06553562015338 22.021133368068025 24.486612600336539  -24.857623199370959 21.500134247860181 23.80948592459653  -22.615913948620335 20.970464109742242 23.121960968494424  -18.213995409659478 19.932221402391903 21.771968353920702  -16.05373169780929 19.423634830105858 21.109483134501765  -14.008982741259061 18.944874131511231 20.48251328756896  -12.131294253330189 18.509220387280898 19.906907303736062  -10.44396325380184 18.122664174198665 19.389823358025954  -8.95425662526835 17.78707341605277 18.933497435833154  -7.6628812015568908 17.502628298636864 18.538146274447197  -5.4548746639045671 17.030378289586402 17.862655462937298  -4.715124085632671 16.888096277182569 17.636935643393901  -3.0385804100507738 16.504822287760945 17.12296795274516  -4.7380728261646485 16.990406942270823 17.647562860255949  -1.0894893735412445 16.099954953016614 16.526968879274342  -3.138688767419167 16.675397238100533 17.158835435265715  -2.5393962181382435 16.569498913081869 16.97612592586777  -2.0275602430884385 16.486063371681688 16.82031613843224  
-31.415549310601548 22.905709238279616 25.909909498143033  -30.750932999395943 22.782702143925768 25.707391235142691  -29.717938344125606 22.564644455624901 25.391591361160977  -28.313533094376659 22.250754792325299 24.961387561725505  -26.562669867697995 21.847535381044004 24.425039955926433  -24.565538661264757 21.380788846995554 23.812447834657583  -22.449163644014611 20.883365905598556 23.163564346621751  -20.318007286078519 20.382171813444202 22.509979083186849  -16.17642655167753 19.41101158322094 21.239991428401574  -14.166020702696937 18.941049788149368 20.623567133297779  -12.29225867557272 18.506364853262273 20.049149164737734  -10.601501024898697 18.118884932508049 19.531004212097972  -9.1088048889715161 17.782504521202522 19.073751550012258  -7.8146700522051074 17.497308160165655 18.677533399441728  -6.7164115728723788 17.262623487861983 18.341542367029657  -4.8829479867856431 16.886868660690777 17.781174813946983  -4.1623494869788216 16.749449371491636 17.561205094000993  -3.4795860894827855 16.622542871883812 17.353406484138155  -3.4723303038525639 16.667554448233339 17.351712534609334  -2.3010768726719975 16.416519516715532 16.9949126071485  -3.09614085835622 16.668140123647106 17.239802351443046  -2.4998907402528041 16.56317423414497 17.058250113638909  -1.9837605683742863 16.478656388540976 16.901150089706114  
-28.366374397987826 22.123985149825 25.06712235415651  -27.825147306019016 22.032760841957415 24.90251165573881  -26.91113753163437 21.845361535746921 24.623215895914928  -25.609971853304753 21.558017740488079 24.225056748284342  -23.94867450364066 21.177866511593013 23.715566846190221  -22.027079992513528 20.730541327913908 23.126784165177991  -20.013124758729258 20.259506139560727 22.5090523906816  -18.00236838063309 19.789334749734333 21.892544850186585  -14.147307936241383 18.892021772844071 20.710617242756413  -12.302416952249221 18.464717255172118 20.145050236409393  -10.615699932311495 18.078262206737872 19.628172790455274  -9.128367927538303 17.743242141953132 19.172513689642376  -7.8394432736095956 17.459358247629147 18.777915251375273  -6.7467242193936441 17.22608547665288 18.443609154937207  -5.839405755610203 17.040599576132944 18.166301662506296  -4.3790550609310692 16.760966252957882 17.720614026635459  -4.5603577129466402 16.856024468737594 17.778440976477992  -0.71124306200670928 15.912539883438559 16.594511399797149  -7.4903165775473379 17.708161418695298 18.685263023444282  -0.27464559476037503 15.895914264151161 16.462311964602844  -3.6135404141205028 16.805733115414338 17.494240998057855  -2.2534828361074553 16.503768413837758 17.076930837306222  -1.7864819757738721 16.431866063670682 16.934894458696963  
-25.265024120528558 21.328814514543414 24.208301541431208  -24.851187769020974 21.270412959792456 24.082831962763176  -24.05946701478759 21.114428746888311 23.841117454194848  -22.871646844221985 20.856481364289234 23.477461733816565  -21.28866901662305 20.49622182115257 22.992735746856795  -19.460502345360936 20.073141083312745 22.431956262844068  -17.542331767614868 19.626678619585459 21.844011295076584  -15.664388451094176 19.190755219415628 21.268225991056088  -12.125142232709107 18.374856211574766 20.183369425157291  -10.464295832839067 17.995027809575706 19.674413928788184  -8.9852452602770558 17.662090702258446 19.221279926304469  -7.7112166586585902 17.382068791784995 18.831307526548613  -6.6331798327562206 17.152568520710087 18.501474832215838  -5.7322119947634924 16.968711663768509 18.226118867365589  -5.0005308864593632 16.828496004392747 18.002801433705699  -3.7984999804137538 16.61543412794278 17.636481312035357  -3.1202888265739839 16.488355120404975 17.428848009353615  -3.2331250073055324 16.569329671544843 17.468606691942188  -3.6817584669937826 16.724828831812264 17.600747619278916  1.3412352681756385 15.490864003053124 16.0664741433831  -3.608251499916773 16.806403959448168 17.584996556256449  -3.0477054221410103 16.711773727044996 17.415445003020654  -2.4423292598135697 16.604379993712971 17.230947307160424  
-22.111329415569827 20.520120767497467 23.333334653222998  -21.829261607766387 20.495673569521504 23.248351688861984  -21.172113515339358 20.374496747274797 23.048027492992428  -20.095907135633979 20.144935019740391 22.718793069396021  -18.609200964404685 19.809899928506642 22.263208898617503  -16.838900091460872 19.401346542799406 21.720633318507268  -15.052598869781685 18.989042809967771 21.172990455126065  -13.32514250397546 18.591877136687092 20.64352099455748  -10.143045383438709 17.868067167904204 19.668452682903116  -8.6867608217799859 17.540970617127392 19.222352135565338  -7.4303435227647512 17.265476362472217 18.837751500881566  -6.3849598749872616 17.044392664456623 18.517961965196836  -5.5143347677406238 16.868368497576721 18.251949805283807  -4.8032977064451581 16.733472249624942 18.034974342568443  -4.224986780618055 16.63278347650288 17.858788977931496  -3.2949450840649535 16.489834165426846 17.576096445513805  -2.7508292364976263 16.398708717336362 17.41094737160364  -3.7028553750702082 16.689058552526298 17.703011606648069  -0.042906813677718661 15.801317784296202 16.583687152759317  -5.3814319654386651 17.217753937403455 18.222658552160489  -2.110672767903107 16.42664348140811 17.22029482490078  -2.3122143310453613 16.526442767455144 17.283544624843561  -2.0340145693133382 16.503151508065933 17.199633852243306  
-18.93411500325567 19.7053635382184 22.451144323318776  -18.785154534194049 19.715227569326466 22.407064381169025  -18.264229584595633 19.629060192471265 22.248555177497447  -17.326127659207728 19.435330471909438 21.961756698280691  -15.898648009892412 19.115181173380364 21.524465588083199  -14.237755967186924 18.735068911756287 21.01537774687716  -12.568600646000386 18.352821868783757 20.503793164609494  -11.016065271988838 18.000787469782708 20.02807619946665  -8.2437135596325852 17.38263820327461 19.178970904469708  -7.0238395986334012 17.116517377129561 18.805564795149458  -6.0218601640709517 16.9066267808264 18.499155958693713  -5.2131372325445957 16.746562642478516 18.252163808399636  -4.5554897412821305 16.625440959390502 18.051614292731188  -4.0249909094839573 16.537065120284026 17.890125003683558  -3.6009348021770764 16.476130748898065 17.761371771127841  -2.9352906047931984 16.401273754900906 17.559944517212983  -2.7531535895303052 16.402557915347352 17.505467762311454  -2.2143731173379608 16.312538100653789 17.341738642196731  -3.1799163778286634 16.608818327956854 17.639800341056123  -1.4917873777781165 16.223117519730884 17.122696696363498  -2.8971301553453093 16.632293980447713 17.555995364035482  -2.6324006373406523 16.612645061123466 17.476364772869992  -2.2610870308146129 16.565405412000338 17.363817357154531  
-15.754197500261244 18.889859873709749 21.568082591285247  -15.740391545703105 18.93457537412506 21.565537791078857  -15.379420301961236 18.889672659143379 21.456201447848422  -14.578265351710472 18.731162756183352 21.211476486697411  -13.24774383289145 18.436046041859687 20.803950256139203  -11.626337415225775 18.065997951876 20.306996022518241  -10.156151541721631 17.735101098563128 19.856568485675698  -8.8284679026309778 17.441047093324876 19.449978404745558  -6.5525775936799739 16.950926650093081 18.753502594940898  -5.6009372062305065 16.753973659123318 18.462561121488733  -4.856582759732377 16.610499193442102 18.235357173060681  -4.2690332312614148 16.507441896464737 18.056358367709208  -3.801864986075473 16.435392225186725 17.91435226898961  -3.4283386942908454 16.387462432795054 17.801128555412625  -3.1354014264473529 16.360290343383017 17.7126709344913  -2.6949378689941552 16.343406565131552 17.580462390118473  -2.5325473735379767 16.34988723172351 17.532153846305452  -2.5247517927828809 16.396041964296835 17.531288846423113  -2.3578462793399151 16.401623383985875 17.481753992475898  -2.4811044296694358 16.481066529618637 17.520925716604431  -2.6274745313437791 16.566888689525896 17.56750126715465  -2.5458861831359281 16.594230619283262 17.544076954092201  -2.2413698809483487 16.564157561821094 17.452064492000815  
-9.617701937342181 17.31631490255058 19.870565146764314  -9.8142778351516817 17.415293296318058 19.932670147702957  -9.7497318736257252 17.446842736128151 19.914440818510904  -9.4704550930145093 17.422976385806816 19.830158064482386  -7.9826690208026552 17.087016142262268 19.374184157019371  -6.7703410932657437 16.82254748419621 19.002996033423845  -5.8104354427345148 16.623253449464446 18.709446009679247  -5.025883311716167 16.469271947164756 18.469835610810851  -3.8190630514420381 16.254803631239803 18.102026168308079  -3.3895291766030149 16.192443180021854 17.971592525299684  -3.0970890459604896 16.165425866094854 17.883311920652911  -2.8788377647730403 16.157495824064522 17.817820752886554  -2.7181740559717671 16.164393951594015 17.770036604933146  -2.5924440026804545 16.180259879811782 17.732967283097654  -2.5107828770080145 16.207482231911193 17.709456371911624  -2.4192409969503044 16.280373641289795 17.684481208535953  -2.41019943887376 16.326266955036097 17.683282430606294  -2.4335178943682139 16.380445272897589 17.692006237238953  -2.413572797293924 16.42341964496072 17.687395085586399  -2.4977338721713416 16.492998686047859 17.714680411547086  -2.5429390861845689 16.552852445196852 17.73017816047879  -2.5107122190537945 16.592871776801964 17.721915550545358  -2.2643022355768547 16.577719213158993 17.647756606748676  
-6.4847051438411851 16.51271656094973 19.001852768219695  -6.5660003063342449 16.581912905517196 19.028483887591857  -7.1870001810986022 16.790543600328007 19.221109886359972  -0.66122053844267004 15.1529774048471 17.215473806080251  -10.412423900638682 17.721166288055581 20.216475116585251  -2.5983388434304073 15.75004086976179 17.814540932647034  -4.4928938550153923 16.288383156813925 18.398949673853679  -3.5528319609456189 16.093952649310808 18.111451823863586  -2.8373239459734978 16.006050488518746 17.894663203411472  -2.6183470428258109 15.997916278938046 17.828947942532377  -2.5174676268136884 16.020257205173344 17.799555114576822  -2.405903830338564 16.039728415031252 17.766838990905853  -2.4178845984045352 16.091151298935205 17.772138492620375  -2.3562331806551065 16.123467630858439 17.754768470685278  -2.3519949293360694 16.170586625060874 17.755027041811061  -2.3839379103507277 16.275228340321885 17.768005690733503  -2.3903040230118933 16.32503031027678 17.771492106948116  -2.5497486244223864 16.414208230652605 17.822100598699308  -2.2469634749884246 16.384276143063733 17.73038957030268  -2.6804934170423258 16.543878819067505 17.865226121325442  -2.4095818963296551 16.522350439609497 17.783478201543325  -2.5030856259270045 16.594748190135579 17.813893510527052  -2.2942050681012849 16.589237610640012 17.751266490594983  
-4.6686852246934594 16.049010870475119 18.538096309474323  -5.689810475035828 16.360886227280673 18.853741537819538  -4.3209938988245282 16.055254811068135 18.434177548125572  -25.894655714013251 21.676612292672239 25.071502742365173  11.883072311823128 11.962234630163561 13.452889948783294  -7.789908055253342 17.097155344950455 19.50610464362412  -0.48874919412171647 15.258225594825335 17.261946708103739  -1.6419923586106604 15.605035867728882 17.618338265647349  -1.87095412792856 15.761082580072198 17.692017148102462  -2.0891792604890265 15.865813788374075 17.76079300646666  -2.1514425449884396 15.929903719878572 17.7813135659149  -2.3691000039806429 16.034658745029535 17.850157207909309  -2.1714909210091848 16.031389192426076 17.790573399892903  -2.2534626994658313 16.100895644204176 17.817472326503204  -2.3241525569289525 16.167352539177358 17.840834334445638  -2.423570470419222 16.289312928267332 17.874517956743468  -2.5495081014184078 16.369890421744081 17.914835220698819  -2.1205427620549373 16.307548232416387 17.784318156100813  -3.1317260430885177 16.615785713948899 18.096850462605477  -1.7980705005473885 16.320530698281818 17.688098109581873  -2.8134161541466138 16.630261813086637 18.002083175398496  -2.4489289933465148 16.584702297833086 17.891595876011941  -2.1844747905350319 16.564881424743991 17.811876139414586  
-0.33166966964468603 14.934102224241684 17.298975966398299  0.61124371761635399 14.738889695031824 17.010603426678035  -0.8910078009505209 15.175648923418475 17.474446577562702  20.09010938925061 9.8029150284623032 11.022179853575798  -12.622908143209767 18.306827734346019 21.086547006974861  1.8824044494711321 14.603133126506071 16.625790756308653  -3.3750010877968073 16.010572572656216 18.244539999208659  -2.8305629975066169 15.917430711629189 18.078521975476878  -2.7731524207623441 15.998400102082879 18.063870117268369  -2.5739142362570244 15.994822552461343 18.003974249229017  -2.4906239745765468 16.021812093368304 17.9803530165611  -2.1918099108634941 15.992117589514026 17.88931043650804  -2.4254434436480024 16.101342374974585 17.963454574417288  -2.4613720969859019 16.158556262805092 17.975888000799333  -2.4970055044658674 16.215918139744979 17.988411500723167  -2.5641395620420968 16.329487303974705 18.012155186084133  -2.4834352552463863 16.35679935742569 17.988799461225355  -2.9884025928811577 16.534757315311925 18.145644724358164  -1.7498493477381964 16.264051104289035 17.7661409529364  -3.2041431087619165 16.686200722762194 18.214850799830742  -2.1148103523877091 16.454027369176298 17.881391258127543  -2.4822376633941956 16.597052227611709 17.996124322181554  -2.3678367690518995 16.615836108701735 17.962539613853238  
-1.0057084319577501 15.112561270569451 17.600792356669391  -1.0557176479106736 15.173639014024232 17.617739404944519  0.39541128156074873 14.846742689196025 17.172853960538177  -8.6708176841456037 17.238155627338099 19.963342485329012  2.9338132834491373 14.285581932580905 16.395020078221357  -2.5779036745828199 15.759670157337748 18.092162512282307  -1.2523865388332305 15.464730917223665 17.685948252615351  -1.5904795491537354 15.600387616136484 17.791521934278588  -1.9514226821860667 15.789989937471072 17.905674490232784  -2.1460260258334007 15.88851834539846 17.967212000246633  -2.2671414317115968 15.967654363867531 18.005684335995497  -2.5284170449669725 16.083785500288649 18.088157518985422  -2.4648380388725366 16.115001636675419 18.069644888502083  -2.5450883268687878 16.184074600491986 18.096070524760684  -2.6171817112697262 16.250816546987583 18.119792933911341  -2.6922431106157161 16.366419053228981 18.145932313875178  -2.7071486016591382 16.4183717542697 18.152062849699515  -2.630953715019491 16.446661949859791 18.129968623351239  -2.6396105844624973 16.497006340627294 18.134254599112388  -2.3897339628414214 16.480364426152928 18.058627748465678  -2.4487951547312115 16.544001049411122 18.078550233396893  -2.4292924346421301 16.587330935911922 18.074207281027203  -2.2520378710248536 16.589921332406998 18.021284074586099  
-2.5822866563984501 15.523701336181311 18.18008672088424  -3.0785437633084949 15.699902795591859 18.334247079609131  -3.5793704507106185 15.877296981645124 18.489803627561304  -5.7859384592985021 16.495027629423063 19.169934311694604  -1.6100044514776548 15.464230024669966 17.887075483521148  -3.374500981218171 15.968432328329223 18.431325659181248  -2.4692256181579273 15.782628120968651 18.154429534506299  -2.5085087649752853 15.840975112272705 18.168056395290446  -2.4096967468864401 15.911804043440981 18.140770097508131  -2.397461021144367 15.956797430582878 18.138530722608277  -2.399128960606919 16.005503845867597 18.140713247592551  -2.3793509005445497 16.048454300515488 18.136046468898371  -2.4522651279812786 16.115637813057681 18.160210916473627  -2.530892596023413 16.184104779714602 18.185947424072481  -2.6172430873163264 16.254603566345537 18.214104359992874  -2.7400780954877537 16.382628285408803 18.255008990684036  -2.7847314486203247 16.442253503232958 18.27025976405135  -2.7160571295196565 16.472632586903881 18.250646093240277  -2.6814278039316521 16.511565481669393 18.241353732732325  -2.366916357552316 16.478472009229009 18.14605498169967  -2.4446738685662854 16.546750218219245 18.171579602803792  -2.4487144072023939 16.596171964477101 18.174504714450084  -2.2170483169767645 16.584757107980991 18.104850599870122  
-4.3927737171478354 15.994920174387559 18.831210375482367  -4.918380273592077 16.178578593108202 18.994350542975937  -5.3462366078141477 16.336967679473794 19.127409252885013  -6.143163167910398 16.590702446132088 19.373993238710224  -4.8810621712719637 16.312423574762249 18.987259164881742  -4.3175333786811443 16.21504595545812 18.815448288167662  -3.8484894042985278 16.142009431479899 18.67269824176789  -3.4308413998868321 16.08233398230572 18.545771862371932  -2.7960650184734361 16.014824412002557 18.353617849588655  -2.5648965600539815 16.003369163988786 18.284072378194701  -2.399890020968598 16.009014397066071 18.234889556206266  -2.2899738287080011 16.028902736755576 18.202671546360733  -2.2407029211874989 16.064459648641265 18.189124820605372  -2.2749975728670369 16.121609237524147 18.201314483822099  -2.3728124513595512 16.195143354774839 18.233050143347192  -2.5865910231346536 16.346803458539434 18.302052842761505  -2.7039227366847856 16.425281215086414 18.339740034335819  -2.7655165293593713 16.489298220288802 18.36022686124943  -2.7649700275296492 16.537158732261194 18.361514991984336  -2.3507540386648276 16.478098504581393 18.235377824576222  -2.4046416797248833 16.540283237620073 18.253595286049482  -2.4549990749794999 16.60165019247793 18.270772920077896  -2.1881053326878339 16.581147650214369 18.190275345290669  
-8.7286059035078978 17.12154708427671 20.3531529846632  -9.2662625706483279 17.308104335139724 20.519898724167483  -9.6017740663489946 17.442451590842939 20.624461510149185  -9.5668043778875393 17.481127025105522 20.615082032674092  -8.906792002481831 17.358428147178149 20.413464286320693  -7.6903352445310365 17.092200879203762 20.040745744456657  -6.6687109561385922 16.876447718515365 19.727968413679715  -5.6549919032004379 16.662834043393325 19.417649645327753  -3.8654658509987128 16.29720246908926 18.870238111092764  -3.0799990394163115 16.142689062942775 18.630175054938093  -2.4386348295074107 16.025436941095109 18.434462073200976  -1.9324557309004329 15.943129158717211 18.280368408649903  -1.5810194553590853 15.900807581503823 18.173915256988284  -1.4177170013949438 15.907097031025023 18.125396890654599  -1.4529016622596738 15.964643844587147 18.137987614028027  -1.787482516481443 16.147877374927035 18.244459703589641  -2.1333822930225428 16.285591143376617 18.352671340824255  -2.2454356880566215 16.36270887135024 18.38874834181977  -3.2044405209484927 16.658764097944847 18.68575378323527  -2.1739463477177301 16.44012788102475 18.369586447425732  -2.3852697308228641 16.542931966141591 18.436263207307952  -2.4960762165784396 16.619980905705937 18.472094891654507  -2.0715863126963017 16.558818279017199 18.343086437800061  
-11.177091489782853 17.757104799802431 21.200332444854183  -11.616671393971828 17.918242637355846 21.33686002673241  -11.774886016197312 18.006730759052214 21.386869509035904  -11.563120191088665 17.999678407787947 21.322948096464351  -10.747567398268249 17.836846844702308 21.073649092614581  -9.5602502893599368 17.578063797336096 20.709662073010254  -8.2288887594544207 17.282310204669983 20.301657302154233  -6.9299962902424426 16.995040811090607 19.903569659152922  -4.5153687664424202 16.468003868910088 19.163828176716883  -3.4017257812816113 16.228761586900966 18.822805082738519  -2.4565378366440345 16.03314677692164 18.533621731656023  -1.6898368320610195 15.883560072749846 18.299402303782497  -1.1263286560058068 15.786615002455118 18.127716116922436  -0.81129991020075565 15.753782671607897 18.032575649867812  -0.77398786805336506 15.792718179687251 18.022923034573701  -1.1446900557350852 15.985510476682903 18.140695173439841  -1.4219629422452391 16.105585961482216 18.227842802189581  -2.8792049415426288 16.530551290743514 18.67843206821497  -0.73622980685404638 16.024513657120966 18.019604012203239  -6.1311620678318208 17.467755769286644 19.683656056837439  -0.58966841475173781 16.082071488989929 17.977017611584774  -2.5666839356011071 16.641962845626036 18.588091033703389  -2.0844868630838169 16.566026779436793 18.441398045482362  
-13.664203422747123 18.40252768014243 22.059346743549078  -13.957583141442157 18.525841043159449 22.150852351232331  -13.948596453900523 18.571066061955175 22.149289486418922  -13.528753403972988 18.510377719206101 22.021685587414606  -12.602868555090563 18.318793544654394 21.737772173985601  -11.22098091237927 18.009973414107733 21.314426354555913  -9.741395867248789 17.675820497658172 20.860538850992281  -8.1869004549477662 17.322540610144596 20.383833292714858  -5.201146972120215 16.648014358404065 19.468342268005316  -3.7643327540400424 16.32538693458455 19.02786861986635  -2.485080713825091 16.043339083433768 18.635941818229156  -1.414158664032199 15.815564111783997 18.308066951228586  -0.59165610288469894 15.651507501062772 18.056814402798061  -0.061801474525448909 15.563417010245054 17.895528793684147  0.10242116043986414 15.56964327802376 17.846918646751597  -0.18973602357262212 15.742355359732532 17.94068270899697  -1.6374588607161173 16.165103880030649 18.388494690294859  3.5461228726046281 14.873227407522441 16.793094535958812  -13.649156616328202 19.367433213046571 22.092886611684023  12.817648886047628 12.570338151520746 13.938083672983172  -8.9787836016098534 18.256481397750445 20.657291919617567  -2.6513629011802902 16.668468220381087 18.70905100768746  -1.5998999920822234 16.444915752887443 18.3866396945776  
-16.181230869914714 19.05562929298523 22.927519982985359  -16.308319330747622 19.13594673701656 22.967824035662876  -16.09760115866132 19.129114147048071 22.904317376762215  -15.478535733716372 19.016680838211503 22.714789348054119  -14.379541239727386 18.780847912092199 22.378554360758812  -12.892221791615478 18.444339186017675 21.92192643208481  -11.170377601695831 18.047799612922294 21.39381141138265  -9.38676060778403 17.635319438584656 20.846513679185144  -5.8751194717615665 16.824981153148276 19.769175114199175  -4.1495539284385785 16.427667620290784 19.23987439316938  -2.5586116107215129 16.065564636474786 18.751944868594137  -1.1795210284004112 15.757540526390379 18.329443960217066  -0.063989494354792065 15.518496856785593 17.987790523839482  0.71511450347777006 15.365760001830129 17.750016083016096  1.1029994592487793 15.314351391457333 17.632543648596645  0.94390846499905345 15.452958057099304 17.685566530776679  1.2975398764849571 15.410420910775066 17.578720090499363  -5.5271022887223076 17.221905795297904 19.682242434312897  10.227080798267655 13.201167491856365 14.832721004142082  -24.53593542402978 22.232490856516421 25.542069436741585  7.9147590612829628 13.89043651809062 15.54495914453393  -1.8934209549965773 16.474396372197447 18.568452847668375  -1.8382088128871357 16.509699697162095 18.553899868756325  
-18.710474058966941 19.711903834465623 23.799494645313864  -18.654993448183912 19.745031761338407 23.78359353687517  -18.253192873620371 19.68873331281355 23.661099146376188  -17.439630959940246 19.526344509375999 23.412290023135267  -16.173127217640207 19.24674339268179 23.023551600708238  -14.506820550398809 18.864489226575181 22.512543825914491  -12.628636808096935 18.427339376564259 21.935993908659579  -10.633295479252837 17.960197372530875 21.323585142082234  -6.6544279624363654 17.029184616850191 20.102448162782707  -4.6690847919033294 16.564919225050925 19.493163442424461  -2.7993431133133919 16.130355270050888 18.919593476201481  -1.135923848218872 15.749692930326011 18.409310167505296  0.25662248393116011 15.438389240732992 17.982767418024483  1.3067650513739453 15.216041680131031 17.661345414963449  1.9550538993931006 15.09729666392453 17.463807388546901  2.427317336889049 15.072762999397067 17.322431748835218  0.7595958038648899 15.552831771766686 17.838378400220051  7.212700724513768 13.932743216967038 15.851862883534464  -8.5273993153440255 18.048186324032262 20.701570771191079  7.7011407237045706 13.90866615837195 15.708600339910356  -7.3773212471295864 17.846600360078185 20.350107302305492  -4.8057576142140421 17.234361607231715 19.562338321145656  -1.9685442963502322 16.548881945188324 18.689525500230371  
-21.296010467675615 20.382734230450385 24.688801684194228  -21.059678914828467 20.369130336600744 24.617227860520043  -20.465931063200145 20.263302782729106 24.435740764440759  -19.4664102265296 20.052709994223797 24.129397485827049  -18.034822341494255 19.730770215663203 23.690273706421703  -16.228021959353107 19.311924078870785 23.135689964025001  -14.178529995788873 18.830676518272597 22.506534609555622  -12.008632947401066 18.318428740850116 21.840371892325219  -7.6489750782616142 17.289074015195791 20.502045206590449  -5.4593766751735675 16.771975742788083 19.829933319455382  -3.3711790064918459 16.281287520239378 19.18904067882703  -1.4845020454891411 15.842496307962053 18.610275169590395  0.12185591238432887 15.476453254251011 18.117720733310946  1.3712289928168195 15.20243143552689 17.735170323536661  2.196042276878897 15.038166344313224 17.483279989864538  2.9436695981156538 14.942533127137221 17.257201747508677  4.3166313189530259 14.636328182014147 16.836245491854026  -2.4753833952307978 16.44009185221076 18.930289662244295  7.0594742978083023 14.026293340439366 15.996302003873998  -0.60194992263359692 16.049084001136457 18.354215955591943  -5.865767951679226 17.463170529739376 19.981089940475279  -0.92355872030705322 16.232271518931938 18.458916963118277  0.81818963061795336 15.83080033392865 17.924192089764983  
-23.96972518707344 21.076410392757754 25.605326393996357  -23.558010763272176 21.017495053664991 25.479768980651809  -22.786460010448156 20.865721166122551 25.243537407918442  -21.616822857415606 20.611239798320938 24.884873978500302  -20.035543665236002 20.250564692648524 24.399623292505229  -18.093955066072724 19.796995475728437 23.803581525711685  -15.911497904809693 19.281365309803572 23.133486642060561  -13.600862656024839 18.732780760184752 22.42401669149141  -8.947957963239741 17.627701038536294 20.995457579997307  -6.6055736349817549 17.071177288489185 20.276334396262389  -4.3585501964399969 16.539395030118012 19.586609376682659  -2.3134595871429147 16.059855957060851 18.959077826124538  -0.55870784168719478 15.655370523792266 18.420946013361021  0.82015549728133308 15.348006851433109 17.998549445372635  1.7505435652758059 15.156492381126592 17.714229345319804  2.628533187677216 15.027290044637683 17.448155835166077  3.3829629662349192 14.880768213325577 17.217634299494673  -1.0619738049694945 16.079670768698843 18.589954761543851  5.7412750871893952 14.367029207246292 16.494001847560916  -3.8171401909869354 16.888490504056779 19.442243882783075  -4.6922525968321516 17.16284518700596 19.71332560861963  -1.7582916135400279 16.452364914046196 18.810750088765449  0.77611045454608807 15.845648082874629 18.031571656410147  
-26.769450314065004 21.80270240902686 26.560703499118858  -26.193580136754907 21.701383647364533 26.384623177252909  -25.259360882418623 21.50759791648245 26.098328560900153  -23.937958330106358 21.213927620944474 25.692959137691926  -22.225066710970836 20.819268943866184 25.167202326351561  -20.17027666294247 20.336473573929982 24.536321596457807  -17.880143535408109 19.793041843914683 23.83309168757496  -15.463472160074264 19.217080392237488 23.090997117834036  -10.599284369803966 18.057455522257445 21.597446261028725  -8.1516830027795706 17.473771388644909 20.845965034805168  -5.7990759540725181 16.91473751807035 20.123778209037486  -3.6510591885031816 16.408640507478069 19.464611001574607  -1.8046773661622719 15.980520210463059 18.898329595618637  -0.34908323753251935 15.65337824728006 18.452375131014104  0.63571759676490747 15.447859761140096 18.151375259138248  1.5807945461476827 15.301463795978817 17.864810299680304  1.9737729845700906 15.248579141943445 17.745824377062519  -0.76945318743177937 16.007188941367748 18.59360105999599  2.8118197565449057 15.12844799328334 17.491064059948517  -4.2273336759540223 16.998308907986669 19.662863347379655  -4.2003455716318783 17.039455559696719 19.656032371142281  -1.8178588029895046 16.471662927274 18.923452755902595  0.90859544797418823 15.815221024501847 18.08505072949432  

-1.1034319719228667 9
-0.38172517971830811 7
0.33998161248625047 7
1.0616884046908091 9

-0.88099915820894625 9
-0.5074764119284163 7
-0.13395366564788624 7
0.23956908063264373 9

1 -8.4000000000000004e-16 1.03e-15 16 0 0 1 1 0 -0 -0 1 0 
9 0 0 0 0 5 1 6 2 2 2 -2.3338651801167853 16.586608252473958 18  -1.9164021352674852 16.182953886922672 31  
-1.4064079346292713 16.717108722391728 17.999999999999982  -1.1533947288610973 16.27331001307115 30.999999999999989  
-0.46982935855121688 16.782784788326037 18.000000000000011  -0.38506209122145879 16.318697590519037 30.999999999999996  
0.46982935855130031 16.782784788325891 18.000000000000011  0.38506209122142426 16.318697590518969 30.999999999999996  
1.4064079346293537 16.717108722391792 17.999999999999989  1.1533947288610609 16.273310013071178 31  
2.3338651801168679 16.586608252473944 18  1.9164021352674507 16.182953886922675 31  

4.5725989112864518 6
4.8521790494829329 6

0 2
1 2

9 0 0 0 0 5 2 14 5 4 4 -16.290183117476026 14.887994424896249 4.3683286286307892  -16.085426722901587 14.775043407700034 11.185157309253958  -15.692946648994143 14.612167256114352 24.500000000000256  -15.308916766539079 14.577432964194111 37.834743417726031  -15.115263405078213 14.648364747954895 44.598352554137563  
-13.586711923786567 15.312605621734502 4.3607655358142692  -13.162908381456891 15.21196560441075 11.185157309253897  -12.342552937820969 15.049891020230039 24.500000000000199  -11.526393450292241 14.964605374238033 37.834743417725996  -11.110125886594947 14.974391215099107 44.619243173846797  
-10.883240730097103 15.737216818572751 4.3532024429977501  -10.348377248608742 15.632743502648614 11.185157309253842  -9.3105747831041832 15.446014283646274 24.500000000000139  -8.2739322305960634 15.297521563702173 37.83474341772596  -7.7437748034810481 15.248419146906636 44.636801911832855  
-8.1797695364076421 16.161828015410997 4.34563935018123  -7.641833324357135 16.037377102413632 11.185157309253787  -6.5970121848437824 15.80053704636307 24.500000000000085  -5.5515331074505507 15.576181532586531 37.834743417725932  -5.0162101557365144 15.47044854337749 44.651028768095692  
-5.4762983427181791 16.58643921224925 4.33807625736471  -5.0432766087020715 16.425866403705797 11.185157309253734  -4.2018651430397682 16.113459308380413 24.500000000000039  -3.3591960808557024 15.800585280891109 37.834743417725917  -2.9274319433613494 15.640479404511655 44.661923742635352  
-1.6725109736854145 17.183867700133018 4.327434976261566  -1.5390421804747738 16.949756290882188 11.185157309253661  -1.2799013317451844 16.495209367731441 24.499999999999986  -1.0203731640363467 16.039983066353912 37.834743417725896  -0.88729168980495365 15.806551035329857 44.672565023738407  
-0.55899224330146957 17.270937286756364 4.3258833478242149  -0.51426594256481239 17.026067961237111 11.1851573092537  -0.42744572488633781 16.550741189422538 24.500000000000004  -0.3404957433429453 16.074703981252707 37.834743417725889  -0.29589920647120627 15.830545092088702 44.674116652175783  
0.55899224330167696 17.270937286756137 4.3258833478242149  0.51426594256495761 17.026067961236922 11.1851573092537  0.42744572488636229 16.550741189422432 24.500000000000004  0.34049574334284871 16.074703981252682 37.834743417725889  0.29589920647104767 15.830545092088716 44.674116652175783  
1.6725109736856221 17.183867700133124 4.3274349762615731  1.5390421804749186 16.949756290882274 11.185157309253668  1.2799013317452073 16.495209367731483 24.499999999999993  1.0203731640362479 16.039983066353926 37.83474341772591  0.88729168980479267 15.806551035329854 44.672565023738414  
5.9864727678362177 16.505915452883524 4.3527037219521247  5.5145249960004783 16.355413849942181 11.185157309253736  4.5948099536736651 16.062121675723326 24.500000000000018  3.6737202801640798 15.768391139022814 37.834743417725882  3.2017893883444382 15.618146141768619 44.660492706367265  
8.9432640822540943 16.034647243999835 4.3703146185075141  8.3484931377066225 15.929319666095713 11.185157309253794  7.1864294007946086 15.723530597377367 24.500000000000039  6.0233194064131652 15.527890319784078 37.834743417725861  5.4277463232112293 15.436948649262979 44.648882213693561  
11.645694144461844 15.597189623246617 4.3689101533313597  11.054611526762121 15.519928854985665 11.185157309253849  9.8999919990549916 15.369007834660433 24.500000000000057  8.7457185295586761 15.249230350899705 37.834743417725832  8.155310970955771 15.214919252792233 44.634655357430667  
14.093652138232786 15.193317858868713 4.3484885003677878  13.632880163166982 15.127241416612055 11.185157309253906  12.735497748454813 14.998553387572528 24.500000000000078  11.840917649600614 14.932411232369702 37.834743417725804  11.384483331578059 14.952057952356387 44.617812137578618  
16.284462721443411 14.822935851531058 4.323504362892697  16.083299046921194 14.751257350974873 11.185157309253952  15.692946648994075 14.612167256113651 24.500000000000103  15.308916766538976 14.577432964194065 37.834743417725768  15.115263405078093 14.648364747955435 44.598352554137399  

3.8856719471290084 6
4.5725989112864518 4
4.8521790494829329 4
5.6690815967885095 6

-1.048437337037895 3
0 1
1 1
2.0514989873424465 3

9 0 0 0 0 1 1 2 2 2 2 2.3338651801168795 16.586608252473948 18  1.9164021352674543 16.182953886922668 31  
5.4331299168639875 -15.844355439918576 18  4.9467707286560536 -15.52707483747135 31  

0 2
32.578717714571368 2

0 2
1 2

1 3.6575419902260937 0.34953296550167146 24.5 -0.99485829704924156 -0.095073623693404621 -0.034899496702500983 0.095131575278695257 -0.99546470725234348 6.0281640790194047e-17 -0.034741217268209279 -0.0033200440977424897 0.99939082701909576 
1 3.6575419902260937 0.34953296550167146 24.5 -0.99485829704924156 -0.095073623693404621 -0.034899496702500983 0.095131575278695257 -0.99546470725234348 6.0281640790194047e-17 -0.034741217268209279 -0.0033200440977424897 0.99939082701909576 
1 3.6575419902260937 0.34953296550167146 24.5 -0.99485829704924156 -0.095073623693404621 -0.034899496702500983 0.095131575278695257 -0.99546470725234348 6.0281640790194047e-17 -0.034741217268209279 -0.0033200440977424897 0.99939082701909576 
1 3.6575419902260937 0.34953296550167146 24.5 -0.99485829704924156 -0.095073623693404621 -0.034899496702500983 0.095131575278695257 -0.99546470725234348 6.0281640790194047e-17 -0.034741217268209279 -0.0033200440977424897 0.99939082701909576 
9 0 0 0 0 1 1 2 2 2 2 -5.4331299168639875 -15.844355439918578 18  -4.9467707286560527 -15.527074837471348 31  
-2.3338651801167738 16.586608252475273 18  -1.9164021352674752 16.182953886922661 31  

0 2
32.578717714572697 2

0 2
1 2

1 -3.6575419902260724 0.34953296550200186 24.5 0.99485829704924167 -0.095073623693403955 -0.034899496702500997 0.095131575278694258 0.99546470725234371 -1.0029737457228904e-14 0.034741217268210237 -0.0033200440977325376 0.99939082701909587 
9 1 1 0 0 2 5 3 14 2 4 -5.9898470288368841 -15.215726336439451 30.034528362242316  1 -5.8256696535394257 -15.270532609273999 30.034546740677314  1 -5.6614922782419699 -15.325338882108545 30.034565119112301  1 -5.4973149029445123 -15.380145154943088 30.034583497547295  1 -5.3331375276470556 -15.434951427777628 30.034601875982275  1 -3.1734376855035697 -16.155910077377015 30.034843638302178  1 -1.0705963381036445 -16.500635746921056 30.034955348762754  1 1.0705940435075108 -16.500636215942116 30.034955348912245  1 3.1734352111658102 -16.155910898075305 30.034843638576298  1 5.3331374908187597 -15.434951440507325 30.034601875986787  1 5.4973148662470352 -15.380145168064661 30.034583497552042  1 5.6614922416753117 -15.325338895621996 30.034565119117293  1 5.8256696171035873 -15.27053262317933 30.034546740682543  1 5.9898469925318629 -15.215726350736665 30.034528362247794  1 
-5.9792884426376904 -15.184085480557219 31.000000000000007  0.71924274567674884 -5.8147752682857154 -15.238985751627702 31.000000000000004  0.71923635755705717 -5.650425091186503 -15.293831628310647 31.000000000000004  0.71923316349721134 -5.4862401031115873 -15.348622379182256 31.000000000000011  0.71923316349721134 -5.3222224914504368 -15.403357274281083 31.000000000000014  0.71923635755705706 -3.1670874420643522 -16.122554985168666 31.000000000000007  0.71932039118875979 -1.0684944294191969 -16.46654382591284 30.999999999999996  0.71935920990412883 1.0684921498059783 -16.466544290071603 30.999999999999996  0.71935920995612423 3.1670849646889505 -16.122555806788746 31.000000000000004  0.71932039128400693 5.3222224566555951 -15.403357286313208 31.000000000000007  0.7192363575586288 5.4862400688445918 -15.348622391459413 30.999999999999996  0.71923316349882493 5.6504250570460801 -15.293831640967182 31.000000000000007  0.71923316349882482 5.8147752338706153 -15.23898576479794 31.000000000000004  0.71923635755862869 5.9792884075467034 -15.184085494375472 31.000000000000011  0.71924274567823654 
-5.6734918055588643 -14.267707357932091 31  1 -5.4992680756680778 -14.32586948670733 31.000000000000011  1 -5.3300678263484951 -14.382354597523733 31.000000000000011  1 -5.1658910576001134 -14.437162690381303 31.000000000000007  1 -5.0067377694229318 -14.490293765280033 31.000000000000007  1 -2.9792104042598848 -15.1671551077725 30.999999999999915  1 -1.0051043872370411 -15.490788196228621 31.000000000000117  1 1.0051025518149432 -15.490788516757707 30.999999999999908  1 2.9792078256822982 -15.167155968557061 31.000000000000028  1 5.0067377934354003 -14.490293757271917 31  1 5.1658910936191313 -14.437162678368519 31  1 5.3300678623686144 -14.38235458551425 30.999999999999989  1 5.4992680996838486 -14.325869478709105 30.999999999999989  1 5.6734918055648338 -14.267707357953091 30.999999999999989  1 

0 3
10.497321660287531 3

-1.0862290193973103 6
-0.22258416123488758 4
10.274737499052643 4
11.138381303028119 6

2 0 0 16 -0 -0 -1 1 0 0 -0 1 -0 15.75
1 -8.4000000000000004e-16 1.03e-15 16 0 0 1 1 0 -0 -0 1 0 
2 0 0 16 0 0 1 1 0 -0 -0 1 0 15.75
2 0 0 16 0 0 1 1 0 -0 -0 1 0 15.75
2 0 0 16 0 0 1 1 0 -0 -0 1 0 15.75
9 1 1 0 0 2 4 3 11 2 4 2.811159589031766 16.099579502136738 30.034398712062679  1 2.6437801823054556 16.121774290866639 30.034447046492097  1 2.4764007755791448 16.143969079596541 30.034495380921523  1 2.3090213688528345 16.166163868326446 30.034543715350953  1 1.0770426156507165 16.329526307481014 30.034899475902829  1 -1.6989254999999999e-08 16.377130678929127 30.03500200552697  1 -1.0770425292021546 16.329526318795345 30.034899475927343  1 -2.3090213666372259 16.166163868643658 30.034543715351685  1 -2.4764007733665867 16.143969079936756 30.03449538092233  1 -2.6437801800959475 16.121774291229858 30.034447046492968  1 -2.8111595868253083 16.09957950252296 30.034398712063606  1 
2.8068007844619354 16.066631377922278 31  0.71923294202239718 2.6390846706841318 16.088825268981747 31  0.71921614133565048 2.4715838618632811 16.110990668713509 30.999999999999996  0.71921054110673499 2.304306188572399 16.13312654089701 30.999999999999996  0.71921614133565059 1.0749587309117064 16.295806219879456 30.999999999999996  0.71933980104693707 -1.7174484490000001e-08 16.343251600971207 31  0.71937541841045183 -1.0749586443759938 16.295806231187228 30.999999999999996  0.7193398010554638 -2.3043061864866048 16.13312654119558 31.000000000000004  0.71921614133590528 -2.4715838597990731 16.110990669031821 31.000000000000004  0.71921054110699789 -2.6390846686042071 16.088825269324765 31.000000000000011  0.71921614133590528 -2.8068007823290042 16.066631378294964 31.000000000000007  0.71923294202262744 
2.6800834257304427 15.108790310597589 31  1 2.5024617410765271 15.132348704167988 30.999999999999989  1 2.3316686843014374 15.155001400309454 30.999999999999989  1 2.1677042554051718 15.176748399021978 30.999999999999993  1 1.011122498980219 15.330148634287758 31.000000000000043  1 -2.3258344030000001e-08 15.37484810551582 30.999999999999957  1 -1.0111224093003259 15.330148646178884 31.000000000000021  1 -2.1677042570753025 15.176748398801816 31  1 -2.3316686865283538 15.155001400016106 30.999999999999993  1 -2.5024617427468341 15.132348703949154 30.999999999999989  1 -2.6800834257307433 15.108790310600961 30.999999999999986  1 

0 3
4.2868784228965948 3

-0.89658768645288722 5
-0.22259218804539455 3
4.0642862348511999 3
4.7382816799452145 5

2 0.95509304175725562 16.09108639254632 30 0.09513157527869523 -0.99546470725234348 0 0.99485829704924156 0.095073623693404594 0.034899496702500983 -0.034741217268209272 -0.0033200440977425487 0.99939082701909576 1
2 -3.9854616351458549 -15.6189423318477 30 0.095131575278694591 0.99546470725234359 0 -0.99485829704924167 0.095073623693403955 0.034899496702501004 0.034741217268209293 -0.0033200440977425279 0.99939082701909576 1
1 0 0 31 0 -0 1 1 0 0 -0 1 0 
1 1.5247119691774964 7.1246419999999997 31 2.8999999999999998e-16 1 -0 -1 2.8999999999999998e-16 0 0 0 1 
1 8.9999999999999996e-17 10.439940191395864 31 0 0 1 1 0 -0 -0 1 0 
1 1.5247119691774964 7.1246419999999997 31 2.8999999999999998e-16 1 -0 -1 2.8999999999999998e-16 0 0 0 1 
1 8.9999999999999996e-17 10.439940191395864 31 0 0 1 1 0 -0 -0 1 0 
1 0 15.013479 31 -0.98182996238964093 -0.18976281235783887 0 0.18976281235783887 -0.98182996238964093 0 0 0 1 
1 0 15.013479 31 -0.98182996238964093 -0.18976281235783887 0 0.18976281235783887 -0.98182996238964093 0 0 0 1 
1 -1.5247119691774964 7.1246420000000006 31 0.98182996238964093 -0.1897628123578389 0 0.1897628123578389 0.98182996238964093 0 -0 0 1 
1 -1.5247119691774964 7.1246420000000006 31 0.98182996238964093 -0.1897628123578389 0 0.1897628123578389 0.98182996238964093 0 -0 0 1 
10 0 6.2831853071795862 0 8.4852813742385695
3 0 -0 10 0 0 1 1 0 -0 -0 1 0 7
0.78539816339744828
1 0 -0 16 0 0 1 1 0 -0 -0 1 0 
1 -9.7999999999999995e-16 1.2800000000000001e-15 16 0 0 1 1 0 -0 -0 1 0 
1 -9.7999999999999995e-16 1.2800000000000001e-15 16 0 0 1 1 0 -0 -0 1 0 
2 0 -0 0 -0 -0 -1 1 0 0 -0 1 -0 7
2 0 -0 0 -0 -0 -1 1 0 0 -0 1 -0 7
2 0 -0 10 -0 -0 -1 1 0 0 -0 1 -0 7
1 0.059898599531467298 3.2999999999999999e-16 0 0 0 1 1 0 -0 -0 1 0 
2 0 -0 0 -0 -0 -1 1 0 0 -0 1 -0 7
10 0 6.2831853071795862 0 6.9282032302755088
3 0 -0 10 0 0 1 1 0 -0 -0 1 0 7
0.52359877559829882
1 0 -0 10 0 0 1 1 0 -0 -0 1 0 
10 0 6.2831853071795862 0 7.8324437359936718
3 0 -0 10 0 0 1 1 0 -0 -0 1 0 7
0.69813170079773179
1 0 -0 10 0 0 1 1 0 -0 -0 1 0 
10 0 6.2831853071795862 0 9.3343429611624718
3 0 -0 10 0 0 1 1 0 -0 -0 1 0 7
0.87266462599716466
1 0 -0 10 0 0 1 1 0 -0 -0 1 0 
10 0 6.2831853071795862 0 11.999999999999998
3 0 -0 10 0 0 1 1 0 -0 -0 1 0 7
1.0471975511965976
1 0 -0 10 0 0 1 1 0 -0 -0 1 0 
10 0 6.2831853071795862 0 11.999999999999998
3 0 -0 10 0 0 1 1 0 -0 -0 1 0 7
1.0471975511965976
1 0 -0 10 0 0 1 1 0 -0 -0 1 0 
10 0 6.2831853071795862 0 9.3343429611624718
3 0 -0 10 0 0 1 1 0 -0 -0 1 0 7
0.87266462599716466
1 0 -0 10 0 0 1 1 0 -0 -0 1 0 
10 0 6.2831853071795862 0 7.8324437359936718
3 0 -0 10 0 0 1 1 0 -0 -0 1 0 7
0.69813170079773179
1 0 -0 10 0 0 1 1 0 -0 -0 1 0 
10 0 6.2831853071795862 0 8.4852813742385695
3 0 -0 10 0 0 1 1 0 -0 -0 1 0 7
0.78539816339744828
1 0 -0 10 0 0 1 1 0 -0 -0 1 0 
1 0 -0 10 0 0 1 1 0 -0 -0 1 0 
2 0 -0 0 -0 -0 -1 1 0 0 -0 1 -0 3.1499999999999999
2 0 -0 0 -0 -0 -1 1 0 0 -0 1 -0 3.1499999999999999
2 0 -0 10 -0 -0 -1 1 0 0 -0 1 -0 3.1499999999999999
2 0 -0 0 -0 -0 -1 1 0 0 -0 1 -0 3.1499999999999999
10 4.1233580101736473 8.443012604185526 0 6
2 0 -0 10 0 0 1 1 0 -0 -0 1 0 3.1499999999999999
1 0 -0 10 0 0 1 1 0 -0 -0 1 0 
1 0 -0 16 0 0 1 1 0 -0 -0 1 0 
1 0 -0 16 0 0 1 1 0 -0 -0 1 0 
10 4.1233580101736473 8.443012604185526 0 6
2 0 -0 10 0 0 1 1 0 -0 -0 1 0 3.1499999999999999
1 0 -0 10 0 0 1 1 0 -0 -0 1 0 
1 0 -0 16 0 0 1 1 0 -0 -0 1 0 
1 0 -0 16 0 0 1 1 0 -0 -0 1 0 
10 4.1233580101736473 8.443012604185526 0 6
2 0 -0 10 0 0 1 1 0 -0 -0 1 0 3.1499999999999999
1 0 -0 10 0 0 1 1 0 -0 -0 1 0 
1 0 -0 16 0 0 1 1 0 -0 -0 1 0 
1 0 -0 16 0 0 1 1 0 -0 -0 1 0 
10 4.1233580101736473 8.443012604185526 0 6
2 0 -0 10 0 0 1 1 0 -0 -0 1 0 3.1499999999999999
1 0 -0 10 0 0 1 1 0 -0 -0 1 0 
1 0 -0 16 0 0 1 1 0 -0 -0 1 0 
1 0 -0 16 0 0 1 1 0 -0 -0 1 0 
10 4.1233580101736473 8.443012604185526 0 6
2 0 -0 10 0 0 1 1 0 -0 -0 1 0 3.1499999999999999
1 0 -0 10 0 0 1 1 0 -0 -0 1 0 
1 0 -0 16 0 0 1 1 0 -0 -0 1 0 
1 0 -0 16 0 0 1 1 0 -0 -0 1 0 
2 0 -0 0 -0 -0 -1 1 0 0 -0 1 -0 3.1499999999999999
10 4.1233580101736473 8.443012604185526 0 6
2 0 -0 10 0 0 1 1 0 -0 -0 1 0 3.1499999999999999
1 0 -0 10 0 0 1 1 0 -0 -0 1 0 
1 0 -0 16 0 0 1 1 0 -0 -0 1 0 
1 0 -0 16 0 0 1 1 0 -0 -0 1 0 
10 4.1233580101736473 8.443012604185526 0 6
2 0 -0 10 0 0 1 1 0 -0 -0 1 0 3.1499999999999999
1 0 -0 10 0 0 1 1 0 -0 -0 1 0 
1 0 -0 16 0 0 1 1 0 -0 -0 1 0 
1 0 -0 16 0 0 1 1 0 -0 -0 1 0 
10 4.1233580101736473 8.443012604185526 0 6
2 0 -0 10 0 0 1 1 0 -0 -0 1 0 3.1499999999999999
1 0 -0 10 0 0 1 1 0 -0 -0 1 0 
1 0 -0 16 0 0 1 1 0 -0 -0 1 0 
1 0 -0 16 0 0 1 1 0 -0 -0 1 0 
10 4.1233580101736473 8.443012604185526 0 6
2 0 -0 10 0 0 1 1 0 -0 -0 1 0 3.1499999999999999
1 0 -0 10 0 0 1 1 0 -0 -0 1 0 
1 0 -0 16 0 0 1 1 0 -0 -0 1 0 
2 0 -0 0 -0 -0 -1 1 0 0 -0 1 -0 3.1499999999999999
1 -1.7499999999862983 2.6191601707509133 10 1 0 -0 0 -1 0 0 -0 -1 
1 -1.7499999999862983 2.6191601707509133 0 1 0 -0 0 -1 0 0 -0 -1 
1 -1.7499999999862983 2.6191601707509133 16 -1 0 0 0 -1 0 0 0 1 
1 -1.7499999999862983 2.6191601707509133 16 -1 0 0 0 -1 0 0 0 1 
1 -1.7499999999862983 2.6191601707509133 16 -1 0 0 0 -1 0 0 0 1 
1 -1.7499999999862983 2.6191601707509133 16 -1 0 0 0 -1 0 0 0 1 
1 -1.7499999999862983 2.6191601707509133 16 -1 0 0 0 -1 0 0 0 1 
1 -1.7499999999862983 2.6191601707509133 16 -1 0 0 0 -1 0 0 0 1 
1 -1.7499999999862983 2.6191601707509133 16 -1 0 0 0 -1 0 0 0 1 
1 -1.7499999999862983 2.6191601707509133 16 -1 0 0 0 -1 0 0 0 1 
1 -1.7499999999862983 2.6191601707509133 16 -1 0 0 0 -1 0 0 0 1 
1 -1.7499999999862985 -2.1000000000000001e-16 7.9999999999999982 1 9.9999999999999998e-17 0 -9.9999999999999998e-17 1 0 0 -0 1 
Triangulations 0

TShapes 146
Ve
0.711847616411447
-5.43312991686399 -15.8443554399186 18
0 0

0101101
*
Ve
1e-07
5.43312991686399 -15.8443554399186 0
0 0

0101101
*
Ed
 1e-07 1 1 0
1  1 0 4.38204760488383 5.04273035588555
2  1 2 13 4.38204760488383 5.04273035588555
4 C0 2 13 3 13
2  2 3 13 4.38204760488383 5.04273035588555
2  3 1 14 4.38204760488383 5.04273035588555
2  4 4 19 4.38204760488383 5.04273035588555
2  1 5 21 4.38204760488383 5.04273035588555
0

0101000
+146 22 -145 0 *
Ve
0.711847616411447
-5.67386773973283 -15.7597501525887 17
0 0

0101101
*
Ed
 0.711847616411447 1 1 0
1  2 0 0 1.00011603517181
2  5 6 0 0 1.00011603517181
2  6 1 23 0 1.00011603517181
4 G1 6 0 1 23
0

0101000
+146 0 -143 0 *
Ve
1e-07
16.75 0 18
0 0

0101101
*
Ed
 1e-07 1 1 0
1  3 0 5.04273035588555 6.28318530717959
2  4 4 24 5.04273035588555 6.28318530717959
4 C0 1 0 4 24
2  7 1 0 5.04273035588555 6.28318530717959
0

0101000
+145 25 -141 0 *
Ve
0.703207354749253
-2.58626990308811 16.549130127846 17
0 0

0101101
*
Ed
 1e-07 1 1 0
1  4 0 0.015234297088427 2.65622691190229
2  8 7 0 0.015234297088427 2.65622691190229
2  9 1 23 0.015234297088427 2.65622691190229
4 G1 7 0 1 23
0

0101000
+139 0 -143 0 *
Ve
1e-07
16.75 0 10
0 0

0101101
*
Ed
 1e-07 1 1 0
1  5 0 -2 6
3  10 11C0 1 0 -2 6
0

0101000
-137 0 +141 0 *
Ve
0.703207354749253
-2.33386518011677 16.586608252474 18
0 0

0101101
*
Ed
 0.703207354749253 1 1 0
1  6 0 0 1.00011603517181
2  12 8 0 0 1.00011603517181
2  13 1 23 0 1.00011603517181
4 G1 8 0 1 23
0

0101000
+135 0 -139 0 *
Ed
 1e-07 1 1 0
1  7 0 0 6.28318530717959
2  14 9 27 0 6.28318530717959
2  15 1 0 0 6.28318530717959
4 C0 9 27 1 0
0

0101000
+137 0 -137 0 *
Ve
1e-07
2.33386518011688 16.5866082524739 0
0 0

0101101
*
Ed
 1e-07 1 1 0
1  8 0 1.43100625769665 1.71058639589313
2  1 10 13 1.43100625769665 1.71058639589313
4 C0 10 13 3 13
2  16 3 13 1.43100625769665 1.71058639589313
2  17 1 14 1.43100625769665 1.71058639589313
2  18 4 19 1.43100625769665 1.71058639589313
2  1 11 21 1.43100625769665 1.71058639589313
0

0101000
-135 22 +132 0 *
Ed
 1e-07 1 1 0
1  3 0 0 1.43100625769665
2  4 4 24 0 1.43100625769665
4 C0 1 0 4 24
2  7 1 0 0 1.43100625769665
0

0101000
+141 0 -132 25 *
Wi

0101100
+144 12 -142 0 +140 23 +138 0 +136 23 +134 0 -133 23 +131 12 -136 23 +130 23 
*
Fa
0  1e-07 1 8

0111000
+129 9 *
Ve
0.711847616411447
-5.39676678342059 -15.8206336368448 18.9719580635578
0 0

0101101
*
Ed
 0.711847616411447 1 1 0
1  9 0 0 0.074766004889064
2  19 6 0 0 0.074766004889064
2  20 2 5 0 0.074766004889064
4 G1 6 0 2 5
0

0101000
+127 0 -146 0 *
Ve
0.000451901102578
4.9828773053732 -15.5506292735566 30.0348994967025
0 0

0101101
*
Ed
 1e-07 1 1 0
1  10 0 0 0.925761499746346
2  21 12 0 0 0.925761499746346
2  22 2 0 0 0.925761499746346
4 C0 12 0 2 0
2  23 13 0 0 0.925761499746346
2  23 14 29 0 0.925761499746346
2  23 15 31 0 0.925761499746346
2  23 16 33 0 0.925761499746346
0

0101000
-125 9 +145 34 *
Ve
0.000451901103887
-4.98288698918787 -15.5506355908765 30.0346406559241
0 0

0101101
*
Ed
 1e-07 1 1 0
1  11 0 0.074766004889064 0.925741588919
2  24 2 0 0.074766004889064 0.925741588919
2  11 17 0 0.074766004889064 0.925741588919
4 C0 2 0 17 0
2  25 18 0 0.074766004889064 0.925741588919
0

0101000
+127 9 -123 9 *
Ed
 6.992868021e-06 1 1 0
1  12 0 -0.027205357099317 10.079358962313
2  11 19 0 -0.027205357099317 10.079358962313
2  26 2 5 -0.027205357099317 10.079358962313
4 G1 19 0 2 5
0

0101000
+123 0 -125 0 *
Wi

0101100
-144 12 -126 0 -124 5 +122 5 +121 0 *
Fa
0  1e-07 2 0

0111000
+120 9 *
Ve
0.711847616411447
-5.33512936721147 -14.818869546464 18
0 0

0101101
*
Ed
 0.711847616411447 1 1 0
1  13 0 0 1.5707963267949
2  27 7 0 0 1.5707963267949
2  28 6 0 0 1.5707963267949
4 G1 6 0 7 0
0

0101000
+143 0 -118 0 *
Ed
 0.711847616411447 1 1 0
1  14 0 0 1
2  29 6 0 0 1
2  30 18 5 0 1
0

0101000
+118 0 -127 0 *
Wi

0101100
-117 0 -142 0 -116 0 -126 0 *
Fa
0  0.711847616411447 6 0

0111000
+115 0 *
Ed
 1e-07 1 1 0
1  15 0 0 32.5787177145714
2  8 12 13 0 32.5787177145714
4 C0 12 13 3 13
2  31 13 13 0 32.5787177145714
2  32 3 13 0 32.5787177145714
2  33 4 19 0 32.5787177145714
0

0101000
+132 0 -145 0 *
Wi

0101100
+140 8 +113 34 +130 8 *
Fa
0  1e-07 4 35

0111000
+112 0 *
Ve
0.703207354749253
-2.43186572976942 15.5611223590194 18
0 0

0101101
*
Ed
 0.703207354749253 1 1 0
1  16 0 0 1.5707963267949
2  34 7 0 0 1.5707963267949
2  35 8 0 0 1.5707963267949
4 G1 8 0 7 0
0

0101000
+139 0 -110 0 *
Ed
 1e-07 1 1 0
1  17 0 0.015234297088427 2.65622691190229
2  36 7 0 0.015234297088427 2.65622691190229
2  37 4 36 0.015234297088427 2.65622691190229
4 G1 7 0 4 36
0

0101000
+110 0 -118 0 *
Wi

0101100
-109 0 +138 0 -108 0 +117 0 *
Fa
0  0 7 0

0111000
+107 0 *
Ve
0.703207354749253
-2.3026926055388 16.5564667921253 18.9707289651471
0 0

0101101
*
Ed
 0.703207354749253 1 1 0
1  18 0 0 1
2  38 8 0 0 1
2  39 18 5 0 1
0

0101000
+110 0 -105 0 *
Ed
 0.703207354749253 1 1 0
1  19 0 0 0.074671458857467
2  40 8 0 0 0.074671458857467
2  41 10 5 0 0.074671458857467
4 G1 8 0 10 5
0

0101000
+105 0 -135 0 *
Wi

0101100
+109 0 +134 0 +104 0 +103 0 *
Fa
0  0.703207354749253 8 0

0111000
+102 0 *
Wi

0101100
+133 41 *
Ve
1e-07
15.75 0 0
0 0

0101101
*
Ed
 1e-07 1 1 0
1  20 0 0 6.28318530717959
2  8 20 45 0 6.28318530717959
2  42 20 47 0 6.28318530717959
2  43 21 48 0 6.28318530717959
2  44 4 49 0 6.28318530717959
2  8 22 53 0 6.28318530717959
2  42 22 55 0 6.28318530717959
2  8 23 59 0 6.28318530717959
2  45 23 61 0 6.28318530717959
2  8 24 62 0 6.28318530717959
2  45 24 41 0 6.28318530717959
2  43 9 63 0 6.28318530717959
2  44 4 64 0 6.28318530717959
0

0101000
+99 0 -99 0 *
Wi

0101100
+98 0 *
Fa
0  1e-07 9 0

0111000
+100 40 -97 40 *
Ve
0.000443352182659
1.9473939656284 16.212920581642 30.0348994967025
0 0

0101101
*
Ed
 1e-07 1 1 0
1  21 0 0 0.925761499746346
2  11 12 0 0 0.925761499746346
2  46 10 0 0 0.925761499746346
4 C0 12 0 10 0
2  47 13 0 0 0.925761499746346
2  47 14 29 0 0.925761499746346
2  47 15 31 0 0.925761499746346
2  47 16 33 0 0.925761499746346
0

0101000
-95 9 +132 34 *
Ve
0.000443352181849
-1.94739396562841 16.2129205816421 30.0348994967025
0 0

0101101
*
Ed
 1e-07 1 1 0
1  22 0 0.074671458857467 0.925761499746346
2  48 17 0 0.074671458857467 0.925761499746346
2  49 10 0 0.074671458857467 0.925761499746346
4 C0 17 0 10 0
2  50 18 0 0.074671458857467 0.925761499746346
0

0101000
+105 9 -93 9 *
Ed
 6.226355115e-06 1 1 0
1  23 0 -0.027204468453266 3.86889853053739
2  11 25 0 -0.027204468453266 3.86889853053739
2  51 10 5 -0.027204468453266 3.86889853053739
4 G1 25 0 10 5
0

0101000
+95 0 -93 0 *
Wi

0101100
-131 12 +103 0 +94 5 -92 5 +91 0 *
Fa
0  1e-07 10 0

0111000
+90 9 *
Ed
 1e-07 1 1 0
1  24 0 -0.026882485343128 31.8813806843996
2  11 26 0 -0.026882485343128 31.8813806843996
2  52 13 5 -0.026882485343128 31.8813806843996
4 G1 26 0 13 5
2  52 14 65 -0.026882485343128 31.8813806843996
2  52 15 66 -0.026882485343128 31.8813806843996
2  52 16 67 -0.026882485343128 31.8813806843996
0

0101000
+95 0 -125 0 *
Wi

0101100
+124 5 -88 0 +113 12 -94 5 *
Fa
0  1e-07 13 0

0111000
+87 9 *
Ed
 1e-07 1 1 0
1  25 0 1.03015796138581 31.5485597531856
2  8 17 13 1.03015796138581 31.5485597531856
4 C0 17 13 3 13
2  53 18 13 1.03015796138581 31.5485597531856
2  54 3 13 1.03015796138581 31.5485597531856
2  55 4 19 1.03015796138581 31.5485597531856
0

0101000
+118 22 -110 22 *
Ed
 1e-07 1 1 0
1  26 0 -0.02688248534313 31.8813806843997
2  11 27 0 -0.02688248534313 31.8813806843997
2  56 18 5 -0.02688248534313 31.8813806843997
4 G1 27 0 18 5
0

0101000
+123 0 -93 0 *
Wi

0101100
+85 12 -116 0 +104 0 -122 5 +92 5 -84 0 *
Fa
0  1e-07 18 0

0111000
+83 9 *
Ve
0.000451901103887
-3.90942529343011 -14.823291735031 31
0 0

0101101
*
Ed
 0.000271954289881 1 1 0
1  27 0 0 1
2  57 19 0 0 1
2  58 27 0 0 1
0

0101000
+123 0 -81 0 *
Ve
0.000451901102578
3.9094252971656 -14.8232917741195 31
0 0

0101101
*
Ed
 6.992868021e-06 1 1 0
1  28 0 0.823918943744384 9.22823549036867
2  59 19 0 0.823918943744384 9.22823549036867
2  60 28 5 0.823918943744384 9.22823549036867
4 G1 19 0 28 5
0

0101000
+81 0 -79 0 *
Ed
 0.000271954289192 1 1 0
1  29 0 0 1
2  61 26 0 0 1
2  62 19 0 0 1
0

0101000
+125 0 -79 0 *
Wi

0101100
+80 0 -121 0 +78 0 -77 0 *
Fa
0  6.992868021e-06 19 0

0111000
+76 0 *
Wi

0101100
+85 12 +108 0 *
Fa
0  1e-07 4 35

0111000
+74 9 *
Ed
 1e-07 1 1 0
1  30 0 0 6
3  63 64CN 24 0 0 6
0

0101000
+99 68 -99 69 *
Wi

0101100
+72 0 -72 0 -98 68 +98 69 *
Fa
0  1e-07 24 0

0111000
+71 0 *
Ve
0.000443352182659
1.0311196670917 15.2955374687509 31
0 0

0101101
*
Ed
 0.000266818089211 1 1 0
1  31 0 0 1
2  65 26 0 0 1
2  66 25 0 0 1
0

0101000
+95 0 -69 0 *
Ve
0.000443352181849
-1.03111966686938 15.2955374710774 31
0 0

0101101
*
Ed
 6.226355115e-06 1 1 0
1  32 0 0.823935637777988 3.01775844316266
2  67 25 0 0.823935637777988 3.01775844316266
2  68 28 5 0.823935637777988 3.01775844316266
4 G1 25 0 28 5
0

0101000
+69 0 -67 0 *
Ed
 0.000266818088744 1 1 0
1  33 0 0 1
2  69 27 0 0 1
2  70 25 0 0 1
0

0101000
+93 0 -67 0 *
Wi

0101100
+68 0 -91 0 +66 0 -65 0 *
Fa
0  6.226355115e-06 25 0

0111000
+64 0 *
Ed
 1e-07 1 1 0
1  34 0 0.799173409162142 31.0552226929219
2  71 26 0 0.799173409162142 31.0552226929219
2  72 28 5 0.799173409162142 31.0552226929219
4 G1 26 0 28 5
0

0101000
+69 0 -79 0 *
Wi

0101100
+68 0 -88 0 +62 0 -77 0 *
Fa
0  0 26 0

0111000
+61 0 *
Ed
 1e-07 1 1 0
1  35 0 0.799275545401104 31.0553247922315
2  71 27 0 0.799275545401104 31.0553247922315
2  73 28 5 0.799275545401104 31.0553247922315
4 G1 27 0 28 5
0

0101000
+81 0 -67 0 *
Wi

0101100
+80 0 -84 0 +59 0 -65 0 *
Fa
0  0 27 0

0111000
+58 0 *
Wi

0101100
-62 0 +66 0 +78 0 -59 0 *
Ve
1e-07
1.5247119691775 7.124642 0
0 0

0101101
*
Ve
1e-07
-1.5247119691775 7.124642 0
0 0

0101101
*
Ed
 1e-07 1 1 0
1  36 0 0 3.04942393835499
2  8 29 78 0 3.04942393835499
2  74 29 80 0 3.04942393835499
2  75 30 81 0 3.04942393835499
2  76 28 82 0 3.04942393835499
2  8 31 83 0 3.04942393835499
2  77 31 85 0 3.04942393835499
2  75 32 86 0 3.04942393835499
2  76 28 87 0 3.04942393835499
0

0101000
+55 0 -54 0 *
Ve
1e-07
0 15.013479 0
0 0

0101101
*
Ed
 1e-07 1 1 0
1  37 0 0 8.03483016631479
2  8 33 78 0 8.03483016631479
2  74 33 80 0 8.03483016631479
2  78 30 81 0 8.03483016631479
2  79 28 82 0 8.03483016631479
2  8 34 83 0 8.03483016631479
2  77 34 85 0 8.03483016631479
2  78 32 86 0 8.03483016631479
2  79 28 87 0 8.03483016631479
0

0101000
+52 0 -55 0 *
Ed
 1e-07 1 1 0
1  38 0 0 8.03483016631479
2  8 35 78 0 8.03483016631479
2  74 35 80 0 8.03483016631479
2  80 30 81 0 8.03483016631479
2  81 28 82 0 8.03483016631479
2  8 36 83 0 8.03483016631479
2  77 36 85 0 8.03483016631479
2  80 32 86 0 8.03483016631479
2  81 28 87 0 8.03483016631479
0

0101000
+54 0 -52 0 *
Wi

0101100
+53 74 +51 74 +50 74 *
Fa
0  1e-07 28 70

0111000
+56 71 +49 0 *
Wi

0101100
+98 68 *
Ve
1e-07
13 -0 16
0 0

0101101
*
Ed
 1e-07 1 1 0
1  39 0 0 6.28318530717959
2  82 37 99 0 6.28318530717959
4 C0 37 99 38 99
2  83 38 99 0 6.28318530717959
2  84 39 100 0 6.28318530717959
2  84 40 100 0 6.28318530717959
2  84 4 100 0 6.28318530717959
0

0101000
+46 99 -46 99 *
Wi

0101100
-45 98 *
Fa
0  1e-07 4 88

0111000
+47 0 +44 0 *
Ed
 1e-07 1 1 0
1  40 0 0 1
2  85 34 0 0 1
2  63 31 0 0 1
0

0101000
+55 74 -55 101 *
Ed
 1e-07 1 1 0
1  41 0 0 1
2  63 36 0 0 1
2  86 31 0 0 1
0

0101000
+54 74 -54 101 *
Wi

0101100
+42 0 -41 0 -53 74 +53 101 *
Fa
0  1e-07 31 0

0111000
+40 0 *
Ed
 1e-07 1 1 0
1  42 0 0 1
2  85 36 0 0 1
2  63 34 0 0 1
0

0101000
+52 74 -52 101 *
Wi

0101100
+38 0 -42 0 -51 74 +51 101 *
Fa
0  1e-07 34 0

0111000
+37 0 *
Wi

0101100
+41 0 -38 0 -50 74 +50 101 *
Fa
0  1e-07 36 0

0111000
+35 0 *
Ve
1e-07
7 -0 10
0 0

0101101
*
Ed
 1e-07 1 1 0
1  43 0 0 6.28318530717959
2  8 41 106 0 6.28318530717959
2  42 41 108 0 6.28318530717959
2  8 42 109 0 6.28318530717959
2  42 42 110 0 6.28318530717959
2  8 43 113 0 6.28318530717959
2  42 43 115 0 6.28318530717959
2  87 44 116 0 6.28318530717959
2  88 45 115 0 6.28318530717959
2  8 45 117 0 6.28318530717959
2  8 46 120 0 6.28318530717959
4 C0 46 120 47 120
2  89 47 120 0 6.28318530717959
2  8 48 123 0 6.28318530717959
4 C0 48 123 49 123
2  89 49 123 0 6.28318530717959
2  8 50 126 0 6.28318530717959
4 C0 50 126 51 126
2  89 51 126 0 6.28318530717959
2  8 52 129 0 6.28318530717959
4 C0 52 129 53 129
2  89 53 129 0 6.28318530717959
2  8 54 132 0 6.28318530717959
4 C0 54 132 55 132
2  89 55 132 0 6.28318530717959
2  8 56 135 0 6.28318530717959
4 C0 56 135 57 135
2  89 57 135 0 6.28318530717959
2  8 58 138 0 6.28318530717959
4 C0 58 138 59 138
2  89 59 138 0 6.28318530717959
2  8 60 141 0 6.28318530717959
4 C0 60 141 61 141
2  89 61 141 0 6.28318530717959
2  8 37 142 0 6.28318530717959
4 C0 37 142 62 142
2  89 62 142 0 6.28318530717959
2  90 37 143 0 6.28318530717959
0

0101000
+33 143 -33 143 *
Ed
 1e-07 1 1 0
1  44 0 0 1
3  91 92CN 37 0 0 1
0

0101000
+33 0 -46 0 *
Wi

0101100
+32 103 +31 0 -45 144 -31 0 *
Fa
0  1e-07 37 0

0111000
+30 0 *
Wi

0101100
+50 0 +51 0 +53 0 *
Fa
0  1e-07 32 0

0111000
-28 146 *
Ve
1e-07
7 -0 0
0 0

0101101
*
Ed
 1e-07 1 1 0
1  45 0 0 10
3  63 64CN 42 0 0 10
0

0101000
+26 148 -33 149 *
Ed
 1e-07 1 1 0
1  43 0 0 6.28318530717959
2  8 41 106 0 6.28318530717959
2  42 41 108 0 6.28318530717959
2  8 42 109 0 6.28318530717959
2  42 42 110 0 6.28318530717959
2  8 43 113 0 6.28318530717959
2  42 43 115 0 6.28318530717959
2  87 44 116 0 6.28318530717959
2  88 45 115 0 6.28318530717959
2  8 45 117 0 6.28318530717959
2  8 46 120 0 6.28318530717959
4 C0 46 120 47 120
2  89 47 120 0 6.28318530717959
2  8 48 123 0 6.28318530717959
4 C0 48 123 49 123
2  89 49 123 0 6.28318530717959
2  8 50 126 0 6.28318530717959
4 C0 50 126 51 126
2  89 51 126 0 6.28318530717959
2  8 52 129 0 6.28318530717959
4 C0 52 129 53 129
2  89 53 129 0 6.28318530717959
2  8 54 132 0 6.28318530717959
4 C0 54 132 55 132
2  89 55 132 0 6.28318530717959
2  8 56 135 0 6.28318530717959
4 C0 56 135 57 135
2  89 57 135 0 6.28318530717959
2  8 58 138 0 6.28318530717959
4 C0 58 138 59 138
2  89 59 138 0 6.28318530717959
2  8 60 141 0 6.28318530717959
4 C0 60 141 61 141
2  89 61 141 0 6.28318530717959
2  8 37 142 0 6.28318530717959
4 C0 37 142 62 142
2  89 62 142 0 6.28318530717959
0

0101000
+26 0 -26 0 *
Wi

0101100
+25 147 -25 147 -24 150 +32 103 *
Fa
0  1e-07 42 147

0111000
+23 0 *
Wi

0101100
+24 0 *
Ve
1e-07
-1.7499999999863 -2.61916017075091 0
0 0

0101101
*
Ve
1e-07
-1.7499999999863 2.61916017075091 0
0 0

0101101
*
Ed
 1e-07 1 1 0
1  46 0 4.12335801017365 8.44301260418553
2  8 63 106 4.12335801017365 8.44301260418553
2  42 63 108 4.12335801017365 8.44301260418553
2  8 64 109 4.12335801017365 8.44301260418553
2  42 64 110 4.12335801017365 8.44301260418553
2  8 65 113 4.12335801017365 8.44301260418553
2  42 65 115 4.12335801017365 8.44301260418553
2  93 44 116 4.12335801017365 8.44301260418553
2  94 66 117 4.12335801017365 8.44301260418553
2  95 66 115 4.12335801017365 8.44301260418553
2  8 67 120 4.12335801017365 8.44301260418553
2  15 67 154 4.12335801017365 8.44301260418553
4 C0 67 120 68 120
4 C0 67 154 69 154
2  96 68 120 4.12335801017365 8.44301260418553
2  96 69 154 4.12335801017365 8.44301260418553
2  96 47 120 4.12335801017365 8.44301260418553
2  97 70 154 4.12335801017365 8.44301260418553
2  8 71 123 4.12335801017365 8.44301260418553
2  15 71 156 4.12335801017365 8.44301260418553
4 C0 71 123 72 123
4 C0 71 156 73 156
2  96 72 123 4.12335801017365 8.44301260418553
2  96 73 156 4.12335801017365 8.44301260418553
2  96 49 123 4.12335801017365 8.44301260418553
2  97 74 156 4.12335801017365 8.44301260418553
2  8 75 126 4.12335801017365 8.44301260418553
2  15 75 158 4.12335801017365 8.44301260418553
4 C0 75 126 76 126
4 C0 75 158 77 158
2  96 76 126 4.12335801017365 8.44301260418553
2  96 77 158 4.12335801017365 8.44301260418553
2  96 51 126 4.12335801017365 8.44301260418553
2  97 78 158 4.12335801017365 8.44301260418553
2  8 79 129 4.12335801017365 8.44301260418553
2  15 79 160 4.12335801017365 8.44301260418553
4 C0 79 129 80 129
4 C0 79 160 81 160
2  96 80 129 4.12335801017365 8.44301260418553
2  96 81 160 4.12335801017365 8.44301260418553
2  96 53 129 4.12335801017365 8.44301260418553
2  97 82 160 4.12335801017365 8.44301260418553
2  8 83 132 4.12335801017365 8.44301260418553
2  15 83 162 4.12335801017365 8.44301260418553
4 C0 83 132 84 132
4 C0 83 162 85 162
2  96 84 132 4.12335801017365 8.44301260418553
2  96 85 162 4.12335801017365 8.44301260418553
2  96 55 132 4.12335801017365 8.44301260418553
2  97 86 162 4.12335801017365 8.44301260418553
2  94 87 163 4.12335801017365 8.44301260418553
2  98 87 162 4.12335801017365 8.44301260418553
2  8 88 135 4.12335801017365 8.44301260418553
2  15 88 165 4.12335801017365 8.44301260418553
4 C0 88 135 89 135
4 C0 88 165 90 165
2  96 89 135 4.12335801017365 8.44301260418553
2  96 90 165 4.12335801017365 8.44301260418553
2  96 57 135 4.12335801017365 8.44301260418553
2  97 91 165 4.12335801017365 8.44301260418553
2  8 92 138 4.12335801017365 8.44301260418553
2  15 92 167 4.12335801017365 8.44301260418553
4 C0 92 138 93 138
4 C0 92 167 94 167
2  96 93 138 4.12335801017365 8.44301260418553
2  96 94 167 4.12335801017365 8.44301260418553
2  96 59 138 4.12335801017365 8.44301260418553
2  97 95 167 4.12335801017365 8.44301260418553
2  8 96 141 4.12335801017365 8.44301260418553
2  15 96 169 4.12335801017365 8.44301260418553
4 C0 96 141 97 141
4 C0 96 169 98 169
2  96 97 141 4.12335801017365 8.44301260418553
2  96 98 169 4.12335801017365 8.44301260418553
2  96 61 141 4.12335801017365 8.44301260418553
2  97 99 169 4.12335801017365 8.44301260418553
2  8 100 142 4.12335801017365 8.44301260418553
2  15 100 171 4.12335801017365 8.44301260418553
4 C0 100 142 101 142
4 C0 100 171 102 171
2  96 101 142 4.12335801017365 8.44301260418553
2  96 102 171 4.12335801017365 8.44301260418553
2  96 62 142 4.12335801017365 8.44301260418553
2  97 38 171 4.12335801017365 8.44301260418553
2  94 103 172 4.12335801017365 8.44301260418553
2  98 103 171 4.12335801017365 8.44301260418553
2  99 39 173 4.12335801017365 8.44301260418553
2  99 40 173 4.12335801017365 8.44301260418553
2  99 4 173 4.12335801017365 8.44301260418553
0

0101000
+20 0 -19 0 *
Ed
 1e-07 1 1 0
1  47 0 0 5.23832034150183
2  8 104 113 0 5.23832034150183
2  42 104 115 0 5.23832034150183
2  8 105 109 0 5.23832034150183
2  42 105 110 0 5.23832034150183
2  100 44 116 0 5.23832034150183
4 C0 106 120 68 120
4 C0 106 154 69 154
2  45 106 120 0 5.23832034150183
2  8 106 154 0 5.23832034150183
2  101 68 120 0 5.23832034150183
2  101 69 154 0 5.23832034150183
2  101 47 120 0 5.23832034150183
2  101 70 154 0 5.23832034150183
4 C0 107 123 72 123
4 C0 107 156 73 156
2  45 107 123 0 5.23832034150183
2  8 107 156 0 5.23832034150183
2  101 72 123 0 5.23832034150183
2  101 73 156 0 5.23832034150183
2  101 49 123 0 5.23832034150183
2  101 74 156 0 5.23832034150183
4 C0 108 126 76 126
4 C0 108 158 77 158
2  45 108 126 0 5.23832034150183
2  8 108 158 0 5.23832034150183
2  101 76 126 0 5.23832034150183
2  101 77 158 0 5.23832034150183
2  101 51 126 0 5.23832034150183
2  101 78 158 0 5.23832034150183
4 C0 109 129 80 129
4 C0 109 160 81 160
2  45 109 129 0 5.23832034150183
2  8 109 160 0 5.23832034150183
2  101 80 129 0 5.23832034150183
2  101 81 160 0 5.23832034150183
2  101 53 129 0 5.23832034150183
2  101 82 160 0 5.23832034150183
4 C0 110 132 84 132
4 C0 110 162 85 162
2  45 110 132 0 5.23832034150183
2  8 110 162 0 5.23832034150183
2  101 84 132 0 5.23832034150183
2  101 85 162 0 5.23832034150183
2  101 55 132 0 5.23832034150183
2  101 86 162 0 5.23832034150183
4 C0 111 135 89 135
4 C0 111 165 90 165
2  45 111 135 0 5.23832034150183
2  8 111 165 0 5.23832034150183
2  101 89 135 0 5.23832034150183
2  101 90 165 0 5.23832034150183
2  101 57 135 0 5.23832034150183
2  101 91 165 0 5.23832034150183
4 C0 112 138 93 138
4 C0 112 167 94 167
2  45 112 138 0 5.23832034150183
2  8 112 167 0 5.23832034150183
2  101 93 138 0 5.23832034150183
2  101 94 167 0 5.23832034150183
2  101 59 138 0 5.23832034150183
2  101 95 167 0 5.23832034150183
4 C0 113 141 97 141
4 C0 113 169 98 169
2  45 113 141 0 5.23832034150183
2  8 113 169 0 5.23832034150183
2  101 97 141 0 5.23832034150183
2  101 98 169 0 5.23832034150183
2  101 61 141 0 5.23832034150183
2  101 99 169 0 5.23832034150183
4 C0 114 142 101 142
4 C0 114 171 102 171
2  45 114 142 0 5.23832034150183
2  8 114 171 0 5.23832034150183
2  101 101 142 0 5.23832034150183
2  101 102 171 0 5.23832034150183
2  101 62 142 0 5.23832034150183
2  101 38 171 0 5.23832034150183
2  102 115 171 0 5.23832034150183
2  103 115 172 0 5.23832034150183
2  104 39 173 0 5.23832034150183
2  104 40 173 0 5.23832034150183
2  104 4 173 0 5.23832034150183
0

0101000
+19 0 -20 0 *
Wi

0101100
+18 0 +17 0 *
Fa
0  1e-07 44 0

0111000
+21 152 -16 152 *
Ve
1e-07
-1.7499999999863 -2.61916017075091 10
0 0

0101101
*
Ed
 1e-07 1 1 0
1  48 0 0 1
2  105 100 0 0 1
4 C0 100 0 114 0
2  106 114 0 0 1
2  107 103 0 0 1
2  108 115 0 0 1
0

0101000
+14 0 -20 174 *
Ve
1e-07
-1.7499999999863 2.61916017075091 10
0 0

0101101
*
Ed
 1e-07 1 1 0
1  49 0 0 1
2  109 100 0 0 1
4 C0 100 0 114 0
2  110 114 0 0 1
2  111 103 0 0 1
2  112 115 0 0 1
0

0101000
+12 0 -19 174 *
Ed
 1e-07 1 1 0
1  50 0 0 10
2  113 64 0 0 10
2  63 105 0 0 10
2  113 103 149 0 10
2  114 115 149 0 10
0

0101000
+19 148 -12 149 *
Ed
 1e-07 1 1 0
1  51 0 0 10
2  115 64 0 0 10
2  116 105 0 0 10
2  117 103 149 0 10
2  118 115 149 0 10
0

0101000
+20 148 -14 149 *
Wi

0101100
+13 0 +18 174 -11 0 -10 147 -18 150 +9 147 *
Fa
0  1e-07 103 0

0111000
+8 0 *
Wi

0101100
+10 147 +11 0 +17 174 -13 0 -9 147 -17 150 *
Fa
0  1e-07 115 0

0111000
+6 0 *
Wi

0101100
+17 177 +18 177 *
Fa
0  1e-07 4 176

0111000
+4 0 *
Sh

0101100
-128 5 -119 5 +114 0 +111 5 +106 0 +101 0 -96 37 -89 5 -86 5 -82 5 
-75 0 +73 5 -70 23 -63 0 +60 0 +57 0 +48 4 -43 23 +39 4 +36 4 
+34 4 +29 102 +27 145 -22 102 -15 151 +7 102 +5 102 -3 175 *
So

0100000
+2 0 *

+1 1 