DBRep_DrawableShape

CASCADE Topology V1, (c) Matra-Datavision
Locations 13
1
              1               0               0               0 
              0               1               0               0 
              0               0               1               0 
1
              1               0               0               0 
              0               1               0               0 
              0               0               1               0 
1
              1               0               0               0 
              0               1               0               0 
              0               0               1               0 
1
              1               0               0               0 
              0 1.11022302462516e-16              -1               0 
              0               1 1.11022302462516e-16               0 
2  3 1 4 -1 0
2  2 -1 0
2  3 1 4 -1 2 1 0
2  4 1 3 -1 0
1
              1               0               0               0 
              0 2.22044604925031e-16              -1               0 
              0               1 2.22044604925031e-16               0 
2  9 -1 2 -1 4 1 3 -1 0
2  9 -1 0
2  9 -1 2 -1 0
2  2 -1 4 1 3 -1 0
Curve2ds 95
1 0 0 0 1 
1 0 0 1.11022302462516e-16 -1 
7 0 0  9 10 2  0 7.9999999999999982  5.2811123998921649e-18 7.913752889346231  0.017155707156278465 7.8274980677208159  0.054329280945059948 7.7451891781997659  0.11248612366627339 7.6727768433224348  0.19047500212803584 7.6185474461558913  0.27860460815320715 7.5892398167816983  0.36870617281323548 7.5830482153545384  0.45553747309960724 7.5969958973211762  0.53638869426082181 7.6270232870322952 
 0 10 1 10
7 0 0  11 112 12  -5.6568542494923761 0.086581768504584239  -5.6564750845629392 0.086713253623393438  -5.6493363897982629 0.089079868308095389  -5.6508169339805665 0.089588182334658928  -5.5948533093978376 0.10361271582302933  -5.7259215568339235 0.068090008735180299  -5.5674505856388201 0.1122225112155394  -5.6865843502525415 0.078593866809501325  -5.6273255531338897 0.095464134584935939  -5.6447497501388053 0.090474841609494941  -5.6417756616021508 0.091328101631257513  -5.6410064904426003 0.091544359631228367  -5.6406218233005436 0.091651823088086254  -5.6402370751396722 0.091758620513456401  -5.6398522465179441 0.091864751418768001  -5.6394673379644438 0.091970215315863829  -5.6390823500526253 0.092075011715974348  -5.6386972833016173 0.09217914013104217  -5.6383121382843342 0.092282600072348342  -5.637926915530489 0.092385391051664933  -5.6375416155976819 0.092487512580477563  -5.6363854858930669 0.09279186735023788  -5.6356144278451428 0.092992089892906207  -5.6348430703152141 0.093189628197588595  -5.6340714187512022 0.093384478663526907  -5.633299478564938 0.09357663768983894  -5.6325272552241241 0.093766101675845842  -5.6317547541268054 0.093952867020607941  -5.6309819807413959 0.094136930123454143  -5.6302089404789628 0.094318287383488436  -5.6294356387876467 0.094496935199968449  -5.6271149657165775 0.095024739516263321  -5.6255668279877034 0.095365751291812878  -5.6240177100909223 0.095695884948433618  -5.6224676542150718 0.096015120136272933  -5.6209167025332789 0.096323436504612558  -5.6193648972425372 0.096620813704089537  -5.6178122805096891 0.096907231383647097  -5.6162588945330318 0.097182669193934659  -5.6147047814842308 0.097447106784221055  -5.613149983552705 0.097700523804656214  -5.6084836616517402 0.098427652105585711  -5.6053702506791039 0.098868199150441871  -5.6022546042636066 0.099264469095085489  -5.5991370166604453 0.099616389994887547  -5.5960177821411401 0.099923889905615501  -5.5928971949499289 0.10018689688240638  -5.5897755493668377 0.100405338981174  -5.5866531396342456 0.1005791442570706  -5.5835302600264409 0.1007082407658462  -5.580407204796189 0.10079255656287883  -5.5710383950296558 0.10091094598541452  -5.5647934580485732 0.10081104145964428  -5.558551025768816 0.1005318676746397  -5.5523126666955243 0.10007298617857181  -5.5460799493311219 0.099433958519700896  -5.5398544421841995 0.098614346246167675  -5.5336377137537207 0.097613710906247736  -5.5274313325500968 0.096431614048087755  -5.5212368670731067 0.095067617219938047  -5.5150558858301677 0.093521281969980261  -5.496558100313667 0.088333945599335953  -5.4842572396774241 0.084137505234526497  -5.4720120161015009 0.079193418564092621  -5.4598470702641482 0.073492255400079406  -5.4477870428593596 0.067024585554605637  -5.4358565745557748 0.059780978839696471  -5.4240803060539289 0.051752005067467896  -5.412482878022411 0.04292823404996849  -5.4010889311554298 0.033300235599285036  -5.3899231061308557 0.022858579527487558  -5.3680969811384092 0.00032909176581732345  -5.3574580138344272 -0.011752123208255055  -5.3471665264162818 -0.024607259958744857  -5.337287767336452 -0.038186843895079731  -5.3278788488199922 -0.05243447515274087  -5.3189887468411161 -0.067286828593603423  -5.3106583011553266 -0.082673653805462308  -5.3029202152637707 -0.098517775102565763  -5.295799056445456 -0.11473509152513071  -5.2893112557333284 -0.13123457683969175  -5.2805420340268849 -0.15626013088852012  -5.2777785883470507 -0.16465043918753489  -5.2751733290827474 -0.17308459773521856  -5.272724814411446 -0.18155799983063767  -5.2704316025431961 -0.19006603877329534  -5.2682922516366624 -0.19860410786196292  -5.266305319914597 -0.207167600396375  -5.2644693655356303 -0.21575190967525304  -5.2627829467099598 -0.22435242899817773  -5.2612446216147601 -0.23296455166414137  -5.2591571118580394 -0.24589323062661672  -5.2584977067846177 -0.2502055732977872  -5.257874509518639 -0.25452036984622117  -5.2572872963529997 -0.25883729113175441  -5.256735843582705 -0.26315600801500616  -5.2562199275035084 -0.2674761913554759  -5.2557393244054564 -0.27179751201393421  -5.2552938105886504 -0.27611964084997087  -5.2548831623422423 -0.28044224872408952  -5.2545071559634886 -0.28476500649620307  -5.2538239795280495 -0.29341016355687377  -5.2535070498909633 -0.29771313516670339  -5.2532534271688958 -0.30233095098471563  -5.2530142840304892 -0.30610943465685614  -5.252790324075888 -0.31022098741586912  -5.2526123084687981 -0.31544393738329124  -5.2524898853995374 -0.32035086394210477  -5.2523977554426811 -0.32323607271574029  -5.2523124580233729 -0.32599774142937171  -5.2522573143887552 -0.33357560163066652  -5.2522573143889009 -0.33793036597693971 
 0 12 0.0078125 10 0.015625 10 0.03125 10 0.0625 10 0.125 10 0.25 10 0.5 10 0.75 10 0.875 10 0.9375 10 1 12
7 0 0  9 10 2  0 118  5.2811123998923097e-18 118.08624711065377  0.017155707156277428 118.17250193227918  0.054329280945063729 118.25481082180028  0.11248612366626101 118.32722315667756  0.19047500212804691 118.38145255384411  0.2786046081532062 118.41076018321833  0.36870617281324058 118.41695178464548  0.45553747309961734 118.40300410267884  0.53638869426083158 118.37297671296771 
 0 10 1 10
7 0 0  10 101 12  -5.6568542494923593 0.086581768504600018  -5.6564404008361411 0.086725281091172834  -5.6461199211238746 0.090828985054742781  -5.5963170830243181 0.10409442598475128  -5.7318385132432637 0.06485502370636774  -5.5542475346320792 0.11756967679713684  -5.6986720613043014 0.074108831464486852  -5.6210615586985782 0.097667013440127334  -5.6458565423200495 0.090077746422063162  -5.6414960191483932 0.091407075884024677  -5.6406550287209836 0.091642403533002237  -5.6402344227933572 0.091759267075756976  -5.6398137070638485 0.091875329554908555  -5.6393928824424204 0.091990590188478674  -5.6389719498441027 0.092105048194715322  -5.6385509101755131 0.092218702791514506  -5.6381297643535868 0.092331553197195368  -5.6377085132857205 0.092443598629682502  -5.6372871578859014 0.092554838307182002  -5.6360227814227635 0.092886137728892371  -5.6351794502864134 0.093103777306716498  -5.634335712985858 0.093318184721338029  -5.6334915768464633 0.093529354512834881  -5.6326470492032881 0.093737281221375715  -5.6318021373764209 0.093941959386976609  -5.6309568487038471 0.094143383549841739  -5.6301111905068657 0.094341548250000989  -5.6292651701187566 0.094536448027605025  -5.6267260443618525 0.095111336213022271  -5.6250318764478822 0.095481506887861417  -5.6233363476036571 0.095838557100554694  -5.6216395143029612 0.096182454504338599  -5.619941433030748 0.096513166752565813  -5.6182421602550887 0.096830661498416321  -5.6165417524633963 0.097134906395264065  -5.6148402661260102 0.097425869096316717  -5.6131377577248509 0.097703517254889544  -5.6080273357582175 0.098496421062963135  -5.6046165782886845 0.098971589830151835  -5.6012023991513855 0.099393185258044331  -5.5977851861703352 0.099761067778827359  -5.5943653271702134 0.10007509782477807  -5.5909432099744221 0.10033513582803824  -5.5875192224076295 0.10054104222090214  -5.5840937522939029 0.10069267743553383  -5.5806671874572089 0.10078990190418101  -5.5703853722511001 0.10091792436879476  -5.5635285026158341 0.10078588774482991  -5.5566713303657025 0.10043540242826672  -5.5498158790531917 0.099865404660193252  -5.5429641722248109 0.099074830681749715  -5.536118233436417 0.098062616733985308  -5.5292800862326459 0.096827699058066541  -5.5224517541685909 0.095369013895047233  -5.5156352607918198 0.093685497486060407  -5.4952273673783241 0.087957263244480915  -5.4816341612328205 0.08321716615616459  -5.4680920262685087 0.07754263618533247  -5.4546399775296486 0.070920514709992957  -5.4413170300727627 0.063337643108294678  -5.4281621989372963 0.054780862758180442  -5.4152144991812374 0.045237015037829502  -5.402512945846949 0.034692941325207394  -5.3900965539867824 0.023135482998429723  -5.3659121233102294 -0.0020325201273637549  -5.3542589569489385 -0.015651513637515099  -5.3430962011477243 -0.03020033467795917  -5.3324752174842631 -0.045573818831719501  -5.3224473675469701 -0.061666801681838398  -5.31306401290834 -0.078374118811340293  -5.3043765151592197 -0.095590605803261827  -5.2964362358738653 -0.11321109824063362  -5.2892945366381534 -0.13113043170648933  -5.2798569002287321 -0.15829994682254475  -5.2769027056042566 -0.16740388851278284  -5.2741377106504626 -0.176551307295292  -5.2715594308587255 -0.18573824361083099  -5.2691653817221598 -0.19496073790009524  -5.2669530787307712 -0.20421483060384613  -5.2649200373786575 -0.21349656216280088  -5.2630637731558485 -0.22280197301768911  -5.261381801555423 -0.23212710360925265  -5.259116556325429 -0.24613843976268845  -5.258404362335793 -0.25081438712324422  -5.2577348268452662 -0.25549536195988243  -5.2571077206014518 -0.26018088977288673  -5.2565228143473179 -0.26487049606202445  -5.2559798788335206 -0.26956370632778148  -5.2554786848005159 -0.27426004606985815  -5.255019002999453 -0.27895904078863965  -5.254600604172901 -0.28366021598404062  -5.2538459139639269 -0.29306597832839693  -5.253554423028576 -0.29687965453899495  -5.2530485341116178 -0.30530596909128832  -5.2531670569092164 -0.30483843031688634  -5.252728841880649 -0.30964245190349343  -5.2523465256326842 -0.32075929005885001  -5.2526188619471403 -0.32334814966229669  -5.2523223560390724 -0.3193085932622039  -5.2522573143888067 -0.3331233979656365  -5.2522573143888662 -0.33793036597693094 
 0 11 0.0078125 9 0.015625 9 0.03125 9 0.0625 9 0.125 9 0.25 9 0.5 9 0.75 9 0.875 9 0.9375 9 1 11
1 -2.4242424242424243 6.5274724934963677 0.93743686656109215 0.3481553119113957 
1 -2.4242424242424185 119.47252750650364 0.93743686656109215 -0.3481553119113957 
1 21.509560344257316 10.000000000000002 0 1 
1 10 0 0 -1 
1 0 -7.9999999999999982 1 0 
1 0 -118 1 0 
7 0 0  10 47 6  -5.2522573143889009 -0.33793036597694026  -5.034318058308533 -0.36827808863455658  -4.7749375562810501 -0.40176383450741499  -4.6558558390502318 -0.41369262090837272  -4.2344860008923471 -0.46512150069048752  -4.20355831199549 -0.4596864312906595  -3.7902569815211566 -0.50560450012070701  -3.6227831125307475 -0.51433531960642043  -3.333859648055475 -0.53791833773518671  -3.0741044649384142 -0.55505038999653278  -2.5366927781084558 -0.58723712845533438  -2.2640440124673376 -0.60159355586059515  -1.9879439108337162 -0.61420022280885833  -1.7088840594406349 -0.62504431066648081  -1.4273560445222979 -0.63411300080136601  -1.1438514523113923 -0.64139347457914686  -0.85886186904206607 -0.64687291336803865  -0.57287888094738304 -0.6505384985339554  -0.28639407426104707 -0.65237741144440009  0.28659600382814532 -0.65237625548772782  0.57310403930095921 -0.65053522773008887  0.85912724460609102 -0.64686677597212972  1.1441677931464247 -0.64138392599204497  1.4277278583273556 -0.63409970356955703  1.7093096135503043 -0.6250271344822298  1.9884152322216917 -0.61417924450997352  2.2645468877428319 -0.60156905943067607  2.5372067535193246 -0.58720960502364217  2.9402421276710498 -0.56306605808919907  3.0735535649767121 -0.55458845775863197  3.2057584751884431 -0.54568797547419801  3.3367840186330753 -0.53637148063685958  3.4665573556212523 -0.52664584264313252  3.5950056464844748 -0.5165179308956348  3.7220560515338557 -0.50599461479050944  3.8476357310958478 -0.49508276372928639  3.9716718454880424 -0.48378924710999854  4.2165112645756615 -0.46045262155479227  4.3397581061506418 -0.44807306746680275  4.4528839294705582 -0.43647589863047614  4.5702765193256853 -0.42372222256085107  4.6927894400119499 -0.40969480688029164  4.8087561807158883 -0.39596753219949832  4.9124682300997824 -0.38331371539646947  5.0176967084997681 -0.36987689999250339  5.1438371859420817 -0.35302771029097085  5.2522573143889035 -0.33793036597693954 
 0 11 0.35810603735244739 9 0.71621207470489479 9 1.0743181120573422 9 1.2533711307335658 9 1.4324241494097896 11
7 0 0  7 8 2  1.1102230246251565e-16 3.1582192082588674  0.20463148108549892 3.1582192082588558  0.40926492644195311 3.158219208258886  0.61389503254817501 3.1582192082588469  0.81852911686161145 3.1582192082588829  1.0231592229678423 3.1582192082588594  1.2277926683242875 3.1582192082588691  1.4324241494097898 3.1582192082588674 
 0 8 1.4324241494097896 8
7 0 0  11 122 13  5.2522573143889035 -0.33793036597693937  5.2522573143887508 -0.33356063206045838  5.2522538505234166 -0.32379797875591726  5.2527365204081669 -0.31584317582085236  5.2521445189253813 -0.33114983031148909  5.2527097313449405 -0.30995427022742594  5.2530784600087914 -0.30267465643408425  5.2528190815285853 -0.31448783866499558  5.25338911410189 -0.29670770607650671  5.2535501854944373 -0.29793462278134403  5.253878983321087 -0.29265502690720951  5.2545653921643494 -0.28409787515963786  5.2549422344106143 -0.27982070771995088  5.2553528822029412 -0.27554529078587375  5.2557975032633779 -0.27127196642933554  5.2562762653132591 -0.26700107672133244  5.256789336074668 -0.26273296373441662  5.2573368832690317 -0.258467969539106  5.2579190746183038 -0.25420643620803923  5.2585360778439121 -0.24994870581209069  5.2591880606678973 -0.24569512042328928  5.2612494510992684 -0.23294782549269849  5.2627645856271092 -0.22446252075353476  5.2644223343847552 -0.21599312691195158  5.2662244373723937 -0.20754266298431287  5.2681726345694484 -0.19911414798701038  5.2702686659863183 -0.19071060093636241  5.2725142715970881 -0.18233504084878266  5.2749111914096538 -0.17399048674060544  5.2774611654068755 -0.16567995762820392  5.2801659335862157 -0.15740647252794771  5.2887498406435505 -0.13270620631269581  5.2951642236905787 -0.11640564720072952  5.3022330595762597 -0.10034658631158176  5.3099190227936228 -0.084604236836535604  5.3181847878431299 -0.069253811966883919  5.3269930292134013 -0.054370524893899062  5.3363064214080778 -0.040029588808876186  5.346087638915308 -0.026306216903097798  5.3562993562361907 -0.013275622367844199  5.3669042478632525 -0.0010130183944064845  5.3888257287233099 0.021825782046275225  5.4000518787979592 0.032411234396625653  5.4115155441744722 0.042171887486388906  5.4231888305147731 0.051116889924959462  5.4350438434708437 0.059255390321746523  5.447052688710472 0.066596537286139956  5.4591874718817577 0.073149479427550609  5.47142029865228 0.07892336535536866  5.4837232746743458 0.083927343679005076  5.496068505609581 0.088170563007848785  5.5146078928683071 0.093407976423041814  5.5207998973496695 0.09496932301139431  5.5270026229172631 0.096346917604870949  5.5332145819247422 0.097541466091741788  5.5394342867339565 0.098553674360752089  5.5456602496946488 0.099384248299913838  5.5518909831704182 0.10003389379812669  5.5581249995123789 0.10050331674343349  5.5643608110805802 0.10079322302454045  5.5705969302299438 0.10090431852974226  5.5799493388617103 0.10080380445643339  5.5830664107416847 0.10072560969792035  5.5861828013832033 0.10060281883592903  5.5892982272065099 0.1004355258341891  5.5924124046427446 0.10022382465682216  5.5955250501057785 0.099967809267373114  5.5986358800313436 0.099667573630053394  5.601744610832541 0.099323211708459411  5.6048509589417934 0.098934817466644356  5.6079546407780079 0.098502484868387141  5.612605738762503 0.097788219382206831  5.6141553565817555 0.097539179227422196  5.6157041849710092 0.097279209986342291  5.6172521826650081 0.097008334231873203  5.6187993084195673 0.096726574537283824  5.6203455209592397 0.096433953475318274  5.6218907790452848 0.096130493619317595  5.6234350414044201 0.095816217542081195  5.6249782667893875 0.095491147816800417  5.6265204139373886 0.095155307016443341  5.6288319554205399 0.094635423062890703  5.6296021889697645 0.094459442628924487  5.6303721368849864 0.094280780264528311  5.6311417938096886 0.094099439822096495  5.6319111543888649 0.093915425153915252  5.6326802132655223 0.093728740112470968  5.6334489650851269 0.093539388549966823  5.6342174044904514 0.093347374318920193  5.6349855261266297 0.093152701271572699  5.6357533246371823 0.092955373260355148  5.6369045296812859 0.092655404576224676  5.637288182562167 0.092554752343442973  5.6376717526372122 0.092453437995539747  5.6380552392248644 0.092351462088690384  5.6384386416640595 0.092248825179305619  5.6388219592600706 0.092145527823410608  5.6392051913620342 0.092041570577526474  5.6395883372731479 0.091936953997666854  5.6399713963353477 0.091831678640258915  5.6403543678644468 0.091725745061462  5.640928692852941 0.09156585819562954  5.641120112463514 0.091512398164655034  5.6413115099416578 0.091458773799247967  5.6415028851920299 0.091404985173717285  5.641694238150496 0.091351032362967335  5.64188556870314 0.091296915440969323  5.6420768767996323 0.091242634482847917  5.6422681623238642 0.091188189562584634  5.642459425214712 0.091133580755073731  5.6426506653744744 0.091078808134626668  5.6430331000738896 0.090968935417062136  5.6460369040660696 0.090116479328469973  5.6271956134998904 0.095432361382277814  5.6890302854094887 0.078094217698369411  5.5673709975784575 0.11185948592091657  5.722842425010195 0.06944452229821102  5.6016355327366867 0.10129604468729687  5.6454674611649507 0.091266940916202507  5.6498856700199234 0.088937880476783651  5.6566658468980862 0.086647101913796473  5.6568542494923788 0.086581768504584808 
 0 12 0.0625 10 0.125 10 0.25 10 0.5 10 0.75 10 0.875 10 0.9375 10 0.96875 10 0.984375 10 0.9921875 10 0.99609375 10 1 12
7 0 0  9 10 2  0.53638869426082181 -7.627023287032296  0.4555374730996074 -7.5969958973211771  0.3687061728132362 -7.5830482153545393  0.27860460815320814 -7.5892398167816948  0.19047500212803462 -7.6185474461558895  0.11248612366627503 -7.6727768433224375  0.054329280945059545 -7.7451891781997588  0.017155707156278753 -7.8274980677208168  8.596675407922231e-18 -7.9137528893462292  1.3877787807814457e-17 -7.9999999999999973 
 0 10 1 10
7 0 0  10 56 7  5.6568542494923797 0.086581768504585183  5.5494923086825487 0.12381226228133001  5.4275788834836387 0.16489769569659699  5.2499456867702037 0.21998428985907456  5.310063882393429 0.19969982641718204  4.9825529514769897 0.30207386212789861  5.0070758622554026 0.28703259676816006  4.8177948779569082 0.34268920407886927  4.7089856762533824 0.36850566913716282  4.5776469559325008 0.4007342899571652  4.3157912859989427 0.46145088288687897  4.1828156616049021 0.49084210168158765  4.0479563172207182 0.51923053297426425  3.9113577310008134 0.54658603232456127  3.7731447898348116 0.57288402068521926  3.6334227893227427 0.59810548440011857  3.4922774338010671 0.62223697520606858  3.3497748363215387 0.64527061023162446  3.2059615186645209 0.66720407199759002  2.7706701966687652 0.72971368125572578  2.4753421340234829 0.76698747158610059  2.1754307121783687 0.79977932517237726  1.8715154796470643 0.82801726448465107  1.5642050446821296 0.85163998870251978  1.2541370752652239 0.8705968737099411  0.94197829911824438 0.88484797210074828  0.62842450369290337 0.89436401317405767  0.31420053617891414 0.89912640293714774  -0.31407992918179178 0.89912804527141021  -0.6282653713217351 0.89437586030755345  -0.94180324485015987 0.88486795084280367  -1.2540046216494518 0.87061631171645504  -1.5641844235786413 0.85164765099279927  -1.8716614224374202 0.82800338993641331  -2.1757582400097335 0.79973966304231914  -2.4758013480219523 0.76692731800675917  -2.7711210681747453 0.72965191574972543  -3.2060168240985938 0.66719463772709953  -3.3496200115695616 0.64529463683944677  -3.4918929752042223 0.6223010063684622  -3.6328355184783114 0.59820810606448349  -3.7724154076734031 0.57301737679718978  -3.9105683718799535 0.54673734055664636  -4.0471981029948427 0.51938360045234222  -4.1821762557224673 0.4909788407138434  -4.3153424475749391 0.46155282669050623  -4.5776660701675276 0.40073198301252078  -4.7090868171854687 0.36850242688032919  -4.8192389964696138 0.34222434066914365  -5.0045127332275952 0.28794642159927125  -4.9890724441851813 0.29995100571842731  -5.3035574073258465 0.20177049346234605  -5.2537405121777008 0.21881275063265074  -5.4274219387619071 0.16490885070265707  -5.5488199549941317 0.12404541808727183  -5.6568542494923779 0.086581768504583767 
 0 11 0.19634954084936207 9 0.39269908169872414 9 0.78539816339744828 9 1.1780972450961724 9 1.3744467859455345 9 1.5707963267948966 11
7 0 0  7 8 2  1.5707963267948966 4.9303806576313238e-32  1.3463978788092459 1.2688205053402874e-16  1.1219956989143154 2.5376621120876636e-16  0.89759985595872105 3.8064678877560851e-16  0.67319647083617562 5.0753163092451637e-16  0.44880062788058306 6.3441220849135971e-16  0.22439844798564801 7.6129636916609605e-16  0 8.8817841970012513e-16 
 0 8 1.5707963267948966 8
7 0 0  11 42 5  -5.2522573143888724 -0.33793036597693216  -5.0553300932353045 -0.36535219350265591  -4.7965741006641736 -0.39905520873460065  -4.7322577588969921 -0.40455136723566271  -4.3490921791514738 -0.45154018525145923  -4.2230983778386904 -0.4614595707981044  -4.0417921400031744 -0.47711431256429515  -3.7013462602428708 -0.51251934904972818  -3.5591220584888972 -0.51879933214932406  -3.2841076004480545 -0.54141067428172951  -3.0501138562862247 -0.55648474645719703  -2.5615201917410695 -0.5857526496845018  -2.3139879260785947 -0.59896529109439256  -2.063580159122036 -0.61074726914233146  -1.8106568229663382 -0.62108923067157629  -1.5555778497057451 -0.6299818225219993  -1.2987031714382433 -0.63741569153925948  -1.0403927202547771 -0.6433814845613961  -0.78100642825495781 -0.64786984843433892  -0.52090422753069898 -0.65087142999754821  -0.26044605017893102 -0.65237687609466044  0.2604623935903545 -0.65237679103982571  0.52091862592081273 -0.6508712990887956  0.78101719095954658 -0.6478697211418577  1.0403984109755211 -0.64338142062816916  1.2987026082236937 -0.63741576097366481  1.5555701049819313 -0.6299821056098569  1.8106412234985192 -0.62108981796064699  2.0635562860523882 -0.61074826145818661  2.3139556148969045 -0.59896679952750775  2.5614795323024744 -0.58575479559849086  3.0500571887587959 -0.5564884305984843  3.2951938201531794 -0.53989256205477953  3.5018464943998548 -0.5265499334253072  3.8447420797152221 -0.49297693043733037  3.8208763736631122 -0.50730713554871376  4.4474102435945282 -0.43073229046588324  4.1964067095408781 -0.47244685395593317  4.7994080650995112 -0.395381143318218  4.7794914107855835 -0.40136339197625442  5.0556875972339368 -0.36530241159363608  5.2522573143889417 -0.33793036597692655 
 0 12 0.35810603735244739 10 0.71621207470489479 10 1.0743181120573422 10 1.4324241494097896 12
7 0 0  7 8 2  1.1102230246251565e-16 3.1582192082588718  0.20463148108549759 3.1582192082588643  0.4092649264419545 3.1582192082588767  0.61389503254816458 3.1582192082588789  0.81852911686163043 3.1582192082588567  1.0231592229678275 3.1582192082588847  1.2277926683242906 3.1582192082588665  1.4324241494097898 3.1582192082588718 
 0 8 1.4324241494097896 8
7 0 0  10 110 13  5.2522573143889293 -0.33793036597692733  5.2522573143889941 -0.33312030931266262  5.2523370272307766 -0.31741135409418592  5.2526326723959906 -0.32486567423495061  5.2523293355146823 -0.32023439019414718  5.2527447368767541 -0.30866008967713715  5.2531989312779253 -0.30526446034277449  5.2530385910739588 -0.30491803439696019  5.2535730562229555 -0.29671400092203248  5.2538584580473211 -0.29289445799571906  5.2546134155988469 -0.28351624811322179  5.2550317056759388 -0.27882899998078198  5.2554910275709359 -0.27414408709929777  5.2559916017930828 -0.26946198791075715  5.2565336488657195 -0.26478318085751001  5.2571173892919187 -0.26010814438130592  5.2577430435972747 -0.25543735692465008  5.2584108322878835 -0.2507712969293201  5.2591209758828636 -0.24611044283762348  5.2613791329188739 -0.23214493359951183  5.2630550866842976 -0.22285053216671308  5.2649041342675913 -0.21357573380673411  5.2669288537428951 -0.20432420353309141  5.2691318231897268 -0.19509960635940751  5.2715156206787368 -0.18590560729909339  5.2740828242916455 -0.17674587136585238  5.2768360120995874 -0.16762406357309081  5.2797777621813555 -0.15854384893443815  5.2891764334724849 -0.13143897952133518  5.296291906269202 -0.11355113734742084  5.304206327054894 -0.095951588372760188  5.3128689518771823 -0.078746555028366944  5.3222290367944938 -0.062042259745428645  5.3322358378493249 -0.0459449249548761  5.342838611102172 -0.030560773087931821  5.3539866125977573 -0.015996026575558427  5.3656290983914223 -0.0023569078489000706  5.3898015506750792 0.022857629170893307  5.4022142123440746 0.034438293064090068  5.4149137366927587 0.045005367661060759  5.4278605508667557 0.05457186828217668  5.4410150820261931 0.063150810248003134  5.4543377573084504 0.070755208878822848  5.4677890038786545 0.077398079495241578  5.4813292488753316 0.083092437417574883  5.4949189194568913 0.0878512979663406  5.5153182044272517 0.093605865709755612  5.5221313759049568 0.095298090431625682  5.5289559100050854 0.096765481370456041  5.5357897595319701 0.098009169269131641  5.5426308772861637 0.099030284870573637  5.5494772160715149 0.099829958917629524  5.5563267286905802 0.10040932215325221  5.5631773679448226 0.10076950532028152  5.5700270866381825 0.10091163916165044  5.5802972130391835 0.10079946204952416  5.583719723088012 0.10070763928737485  5.587140979356481 0.1005615349715642  5.590560593491432 0.10036129793997753  5.5939781771222261 0.1001070770303005  5.597393341903822 0.099799021080503064  5.6008056994618158 0.099437278928237616  5.6042148614484413 0.099021999411437051  5.6076204394969906 0.098553331367841474  5.6127228481279632 0.097770469769012644  5.6144226450346295 0.097496217493595508  5.6161213796544196 0.097208700163513281  5.617818995670981 0.096907951133334017  5.6195154367670925 0.096594003757452057  5.6212106466271861 0.096266891390501597  5.6229045689333743 0.095926647386861033  5.6245971473703742 0.095573305101123926  5.6262883256206111 0.095206897887740269  5.6288229082416521 0.094637739707983407  5.6296674045202337 0.094444764042232607  5.6305115289093379 0.094248537668994326  5.6313552741176371 0.094049066153165578  5.6321986328478353 0.093846355059871961  5.633041597811232 0.093640409953896372  5.6338841617096493 0.093431236400417936  5.6347263172530049 0.09321883996425967  5.6355680571458437 0.093003226210491063  5.6368300325702654 0.092674987950835508  5.6372505852958152 0.092564772387162  5.6376710313547198 0.092453754809427552  5.6380913698299286 0.09234193601405738  5.6385115998034037 0.092229316797419414  5.6389317203587908 0.092115897955964379  5.6393517305777499 0.092001680286047285  5.6397716295436791 0.091886664584111696  5.6401914163387392 0.091770851646536145  5.6408209268995089 0.091595937581337453  5.6410307354804381 0.091537433791890221  5.6412405156753858 0.091478731007664196  5.641450267366559 0.091419829334839206  5.641659990444337 0.091360728879768136  5.6418696847876841 0.091301429748546228  5.6420793502883511 0.091241932047571708  5.6422889868264452 0.091182235882961038  5.6424985942905339 0.091122341361033948  5.6429177508385822 0.091002155814969246  5.646910556623129 0.089768927768410278  5.6226834668745429 0.097240793092285602  5.6985498907288763 0.074029568688209549  5.5548265907418282 0.11759510530929589  5.7341566825747403 0.063968587755400846  5.5936259024908663 0.10501831633965522  5.6474526647506655 0.090399351413621765  5.6566479356005752 0.08665331311351529  5.6568542494924063 0.086581768504605305 
 0 11 0.0625 9 0.125 9 0.25 9 0.5 9 0.75 9 0.875 9 0.9375 9 0.96875 9 0.984375 9 0.9921875 9 0.99609375 9 1 11
7 0 0  9 10 2  0.53638869426082803 -7.627023287032296  0.45553747309961284 -7.5969958973211771  0.36870617281324225 -7.5830482153545402  0.27860460815320837 -7.5892398167816868  0.19047500212804819 -7.6185474461559028  0.11248612366626701 -7.6727768433224206  0.054329280945066998 -7.745189178199765  0.017155707156277893 -7.8274980677208141  -5.2811123998922504e-18 -7.9137528893462292  0 -7.9999999999999973 
 0 10 1 10
7 0 0  10 56 7  5.6568542494924028 0.08658176850460339  5.5499735563688013 0.12364537736074213  5.428250847270899 0.16468463908354872  5.2495116283590502 0.22013181805928766  5.3123316973966528 0.19896595013427187  4.9820074152477059 0.30231950391980361  5.0077465487098731 0.28680068224555039  4.8178273738218209 0.34270478592189235  4.7089269341624265 0.36851863405315516  4.5775067337341513 0.40076877593971821  4.3155321313119011 0.46150899759500691  4.1826343624655484 0.49087657460883138  4.0479122716438258 0.51922739545198893  3.9114520045030821 0.54654723776669745  3.7733397067053063 0.57282187919678107  3.6336615239060919 0.59803709738401567  3.4925036017663711 0.62217866997219784  3.3499520859437979 0.64523237460356009  3.2060931220974247 0.66718398892127351  2.7708523234631004 0.72968989386174621  2.4754658384582866 0.76697113559328534  2.1754583238385825 0.79977422621310246  1.8714501777548207 0.82802265196514013  1.5640772735495851 0.85165217488892975  1.2539909597455854 0.87061083281713791  0.94185806005914519 0.88485893937757787  0.62836087338739999 0.89436908399228299  0.31419717381839274 0.89912613187733703  -0.31403675256956398 0.89912831621000178  -0.62820780684075139 0.89437239625655507  -0.94171219836062392 0.88486344865443833  -1.253847500428698 0.87061730253859682  -1.5639296134976364 0.85166163172362341  -1.8712927651342766 0.82803595467928526  -2.1752895100666847 0.79979163456012059  -2.4752907301393132 0.76699187917698297  -2.7706856343467878 0.72971174101884084  -3.2059798210475936 0.66720130535002264  -3.3498730557646472 0.64524430410699163  -3.4924700180691026 0.62218246427352963  -3.6336792630659209 0.59803113661286345  -3.7734093458582514 0.57280567188798526  -3.9115688215515769 0.54652142086201305  -4.0480662452492249 0.51919373429813542  -4.1828101720559232 0.49083796295931009  -4.3157091570758848 0.46146945760875474  -4.5776343537504705 0.40073768041025193  -4.7089127567779316 0.36853263479404358  -4.8184243403662927 0.34248773374797009  -5.0057414809496059 0.28748522279955474  -4.9856667967248862 0.30109753867723132  -5.3076683154454933 0.2004550741891149  -5.2519294680633308 0.21938944485998982  -5.428201439010536 0.16467712671121143  -5.5496573204812147 0.12375504022769744  -5.6568542494923575 0.086581768504601503 
 0 11 0.19634954084936207 9 0.39269908169872414 9 0.78539816339744828 9 1.1780972450961724 9 1.3744467859455345 9 1.5707963267948966 11
7 0 0  7 8 2  1.5707963267948966 1.3988810110276972e-14  1.3463978788092468 1.3861928059742972e-14  1.1219956989143143 1.3735043899068022e-14  0.89759985595871938 1.3608163321501732e-14  0.67319647083618062 1.3481278479352101e-14  0.44880062788057917 1.3354397901785804e-14  0.22439844798564781 1.3227513741110825e-14  1.1102230246251565e-16 1.3100631690576847e-14 
 0 8 1.5707963267948966 8
1 1.4324241494097896 0 0 1 
1 -2.4242424242424239 -6.5274724934963686 0.93743686656109215 -0.3481553119113957 
8 4.7123889803846897 6.1448131297944784
1 -4.7123889803846897 25.531108944220289 1 0 
8 4.7123889803846897 6.1448131297944784
1 0 -6.2831853071795862 0 1 
1 -2.4242424242424221 -6.5274724934963677 0.93743686656109215 -0.3481553119113957 
8 4.7123889803846897 6.1448131297944784
1 6.1448131297944792 25.531108944220279 -1 -0 
8 4.7123889803846897 5.9026789300672204
1 -4.7123889803846897 5.4162636914152058 1 0 
8 4.7123889803846897 5.9026789300672204
1 1.2151937438143632 -6.2831853071795862 0 1 
1 1.1902899496825317 0 0 1 
1 10 15.416263691415207 1 0 
1 0 100.58373630858479 1 2.3877971445515864e-14 
7 0 0  11 22 3  0 -0.13837217738510826  0.051208627788491626 -0.15720880323497458  0.10271285081504895 -0.17565136987759916  0.15455732125984281 -0.19363091236637808  0.20678271557602068 -0.21107833373189136  0.25942653358122714 -0.22792492538271078  0.31251519373788722 -0.24410085977437412  0.36607554571492729 -0.25953921379540512  0.42011845810966891 -0.27417188434961254  0.47465008529438396 -0.28793426621932333  0.52966490223811569 -0.30076402653543227  0.64062845725726947 -0.32444181444298148  0.69657729377261313 -0.33528984038223786  0.75297714177374153 -0.34508873901102405  0.80980166465482595 -0.35378418037118181  0.86701367878624658 -0.36132680173005138  0.92456544677985053 -0.36767334933651508  0.98239972193054248 -0.37278780878365425  1.0404514441044406 -0.37664240884878253  1.0986499869966191 -0.37921838352485387  1.156921857020641 -0.3805063771123951  1.2151937438143634 -0.38050637711236462 
 0 12 0.59514497484126594 10 1.1902899496825319 12
2 7.9999999999999982 7.9999999999999982 0 -1 1 0 8
1 -4.7123889803846897 10 1 0 
2 7.9999999999999982 118 0 -1 -1 -0 8
1 -1.5707963267948966 10 1 0 
1 0 0 1 0 
1 10 0 0 1 
1 0 126 1 0 
2 88 7.9999999999999982 0 -1 1 0 8
1 0 10 1 0 
2 88 118 0 -1 -1 -0 8
1 -3.1415926535897931 10 1 0 
1 96 0 0 1 
1 1.5707963267948966 0 0 1 
1 0 7.9999999999999973 1 0 
1 0 0 0 -1 
7 0 0  9 10 2  0.53638869426082492 -88.372976712967713  0.45553747309961146 -88.403004102678835  0.36870617281322465 -88.416951784645477  0.27860460815323917 -88.410760183218287  0.19047500212797733 -88.38145255384417  0.11248612366631935 -88.327223156677505  0.054329280945033073 -88.254810821800277  0.017155707156284186 -88.172501932279175  -1.2220006303799111e-17 -88.086247110653758  -6.9388939039072284e-18 -88 
 0 10 1 10
7 0 0  9 98 13  -5.2522573143888787 -0.33793036597693571  -5.2522573143887978 -0.33258669126667068  -5.2524096254357087 -0.3159847541751728  -5.2524539653661595 -0.32734796326992011  -5.2525934374941725 -0.3150580577119157  -5.2528609264721062 -0.30446772060889504  -5.253144541221543 -0.30735988255385405  -5.2534165573306328 -0.29804302163221152  -5.2538028238465762 -0.29360457657328809  -5.254641399380942 -0.28315022364263531  -5.2551120124091044 -0.27792544194756691  -5.2556342755575134 -0.27270370714832953  -5.2562085136871666 -0.26748567137059276  -5.2568350516562674 -0.26227198673985963  -5.2575142143263207 -0.25706330538184274  -5.2582463265560504 -0.25186027942206107  -5.2590317132057738 -0.24666356098616365  -5.2615486709941699 -0.23109428462688691  -5.2634414145669943 -0.22073483787170753  -5.2655524080462301 -0.21040118962423465  -5.2678851296241556 -0.20009906757445209  -5.2704430574937131 -0.18983419941243485  -5.2732296698465637 -0.1796123128281347  -5.2762484448761668 -0.16943913551163528  -5.2795028607741532 -0.15932039515290911  -5.2899834656520381 -0.12914466802017782  -5.2980288180823747 -0.10927528405524978  -5.3070594117329017 -0.089802354786533201  -5.3170022053110868 -0.070874567453317938  -5.3277841575259632 -0.052640609294929516  -5.3393322270844585 -0.035249167550660002  -5.3515733726958246 -0.018848929459824981  -5.3644345530673121 -0.0035885822617278862  -5.3912509007475204 0.024354955870374582  -5.405065858098931 0.037050142113773075  -5.4192322705691787 0.04848676922098815  -5.4336948097669771 0.058682860878492463  -5.4483981472993825 0.067656440772755497  -5.4632869547748326 0.075425532590246036  -5.4783059038013047 0.082008160017439699  -5.4933996659863675 0.087422346740801654  -5.516069536414193 0.093818001299807247  -5.523644310632708 0.09566769658524904  -5.5312342911479186 0.097236654614071924  -5.5388365335141669 0.098526327697263313  -5.5464480932856759 0.099538168145727149  -5.5540660260163142 0.10027362827047498  -5.5616873872609291 0.10073416038241581  -5.5693092325730618 0.1009212167925312  -5.5807383099745129 0.10079376632138183  -5.5845472306096937 0.10068302873154178  -5.5883548202413245 0.10050423201431696  -5.5921605196961597 0.10025757114181146  -5.5959637698038538 0.099943241086070514  -5.5997640113903753 0.099561436819220708  -5.603560685285224 0.099112353313302218  -5.6073532323153108 0.098596185540425665  -5.6130350238058444 0.09772159993877412  -5.6149277665122632 0.097413363691313537  -5.6168192402566364 0.097088465481033781  -5.6187093638661647 0.096746951058773234  -5.6205980561703148 0.096388866175227642  -5.6224852359953879 0.096014256581277629  -5.6243708221709916 0.095623168027621788  -5.6262547335241457 0.095215646265096293  -5.6290779665629325 0.094579782434138587  -5.6300186046352341 0.094363733016438897  -5.6309587925770686 0.094143596535714885  -5.6318985198653682 0.093919380736397357  -5.6328377759773804 0.093691093362791175  -5.6337765503892445 0.093458742159356886  -5.634714832578843 0.093222334870410595  -5.6356526120223425 0.0929818792403692  -5.6370585112843399 0.092615134900211046  -5.6375270160352677 0.092491876800320338  -5.6379953911250684 0.092367609828469852  -5.6384636352300088 0.092242335099252212  -5.638931747024527 0.092116053727175254  -5.6393997251855197 0.091988766826858553  -5.6398675683873494 0.091860475512808612  -5.6403352753064206 0.091731180899620832  -5.6410366292735663 0.09153573570294439  -5.641270379531087 0.091470336767901173  -5.6415040952224853 0.091404687446242638  -5.6417377761815102 0.091338787887580361  -5.6419714222393429 0.091272638241391188  -5.6422050332298479 0.091206238657328034  -5.6424386089850005 0.091139589284869607  -5.6426721493375966 0.091072690273625759  -5.6431391589029483 0.090938393272639084  -5.6426348244609752 0.091161947492520282  -5.6487397438437448 0.088961041006320254  -5.6275189704172774 0.096222814045844735  -5.6734750587136684 0.081261486622217841  -5.6151558614534709 0.099493918566121317  -5.6526513586146638 0.088391631651252356  -5.6566242166078391 0.086661538279731692  -5.6568542494923619 0.086581768504590123 
 0 10 0.0625 8 0.125 8 0.25 8 0.5 8 0.75 8 0.875 8 0.9375 8 0.96875 8 0.984375 8 0.9921875 8 0.99609375 8 1 10
1 -2.4242424242424203 -89.472527506503639 0.93743686656109215 0.3481553119113957 
1 21.509560344257316 -10 0 -1 
1 1.3988810110277017e-14 0 0 1 
7 0 0  9 10 2  0.53638869426083868 -88.372976712967727  0.45553747309962095 -88.40300410267885  0.36870617281324358 -88.416951784645477  0.27860460815320709 -88.410760183218372  0.19047500212804711 -88.381452553844056  0.11248612366625453 -88.327223156677661  0.054329280945065797 -88.25481082180022  0.017155707156275138 -88.172501932279204  -1.2220006303799345e-17 -88.086247110653773  -6.9388939039072284e-18 -88 
 0 10 1 10
7 0 0  9 98 13  5.2522573143888494 -0.33793036597693538  5.2522573143888369 -0.3325865094705836  5.2524091387069687 -0.31602589036969442  5.2524541825487905 -0.3273135390725202  5.2525932709592498 -0.31506746896081012  5.2528604656776787 -0.30449753434559129  5.2531444246357157 -0.30734272695166254  5.2534162527258665 -0.29805406358358094  5.253802510163526 -0.29360894901602969  5.2546410345836572 -0.2831543100508796  5.2551116229474317 -0.27792940321126919  5.2556338620224246 -0.27270755987730094  5.2562080763659758 -0.26748943091168853  5.2568345905359717 -0.26227566717709561  5.2575137290893181 -0.2570669195362395  5.2582458165841688 -0.25186383885179725  5.259031177577512 -0.24666707598646312  5.2615480547262772 -0.23109769343586753  5.2634407359047097 -0.22073822752156477  5.2655516573500494 -0.21040460519423976  5.267884296251129 -0.20010254758804044  5.2704421297944473 -0.18983777583724096  5.2732286351697573 -0.17961601107593578  5.276247289563484 -0.16944297443842063  5.2795015701645642 -0.15932438705881727  5.289981722152568 -0.12914913609643813  5.2980267340430505 -0.10927998030672101  5.3070569756617614 -0.089807185351557517  5.316999432837922 -0.070879433880266712  5.3277810914018904 -0.052645408542209254  5.3393289371823052 -0.03525379198670274  5.351569956009758 -0.018853266863100189  5.36443113371317 -0.0035925158207320085  5.3912477785318762 0.024352072802853796  5.4050629806775818 0.037047770859280127  5.4192297117050314 0.048484885205238665  5.4336926207562621 0.058681428385603529  5.4483963569798632 0.067655412945299337  5.4632855695149454 0.075424851429174586  5.4783049075110224 0.082007756382164482  5.4933990201089511 0.087422140349130081  5.5160693246278862 0.093817953637902421  5.5236442316587802 0.095667687357144884  5.5312343328340692 0.097236671010298092  5.5388366834388307 0.0985263585749582  5.5464483387606194 0.099538204028719809  5.5540663540834672 0.10027366134917066  5.5616877846954393 0.10073418451391497  5.569309685880941 0.10092122750053703  5.5807388264498847 0.10079375267968539  5.5845477648363024 0.10068300628725158  5.5883553689753827 0.10050420026436249  5.5921610797546188 0.10025752976607841  5.5959643380644453 0.09994318994739744  5.5997645847915649 0.099561375963404058  5.6035612608262939 0.099112282969092927  5.6073538070562785 0.098596106119529195  5.6130355930277789 0.097721507794840498  5.6149283331805702 0.097413267451067251  5.6168198036685046 0.097088365307488364  5.618709923332978 0.096746847133195549  5.6205986110116468 0.096388758697248292  5.622485785547588 0.096014145768744688  5.6243713657779137 0.09562305411674657  5.6262552705447835 0.095215529510343094  5.629078492758266 0.094579661822738553  5.6300191270650863 0.094363611187283869  5.630959311085185 0.094143473558527341  5.6318990342993098 0.093919256682755844  5.6328382861831452 0.093690968306263306  5.633777056218312 0.093458616175320128  5.6347153338812701 0.093222208036234142  5.6356531086517956 0.092981751635274487  5.6370590006863175 0.092615006260469201  5.6375275029916923 0.092491747835948504  5.6379958756003505 0.092367480559950324  5.6384641171872669 0.09224220554723872  5.6389322264297386 0.092115923912599901  5.639400202001589 0.091988636770783908  5.6398680425804653 0.091860345236585456  5.6403357468409228 0.09173105042475882  5.6410370967684633 0.091535604962746556  5.641270845670797 0.091470205944677557  5.6415045599982419 0.091404556545459412  5.6417382395852327 0.091338656914692715  5.6419718842613333 0.091272507201943409  5.6422054938630515 0.091206107556822985  5.6424390682194243 0.091139458128900105  5.6426726071655846 0.091072559067772174  5.6431396139003658 0.090938261978274607  5.6426472290434342 0.091158297792796758  5.6486862153592812 0.088976691573442471  5.6276311525225182 0.096190367285853506  5.6733516506863921 0.081296443125328063  5.6152170407579183 0.099477701353372278  5.6526584309188816 0.088388404919426164  5.6566242195235859 0.08666153726862752  5.6568542494923486 0.086581768504605236 
 0 10 0.0625 8 0.125 8 0.25 8 0.5 8 0.75 8 0.875 8 0.9375 8 0.96875 8 0.984375 8 0.9921875 8 0.99609375 8 1 10
1 -2.424242424242415 -89.472527506503653 0.93743686656109215 0.3481553119113957 
1 21.509560344257309 -10 0 -1 
1 0 -1.5707963267948966 1 0 
7 0 0  11 22 3  2.2204460492503131e-15 -0.13837217738510832  0.051208627788500931 -0.15720880323497097  0.10271285081500825 -0.17565136987761135  0.15455732125994295 -0.19363091236634372  0.20678271557583588 -0.2110783337319577  0.25942653358144407 -0.22792492538260592  0.31251519373773273 -0.24410085977450072  0.36607554571502215 -0.25953921379530126  0.4201184581096164 -0.27417188434966527  0.47465008529440705 -0.28793426621930468  0.52966490223810669 -0.30076402653543544  0.6406284572572819 -0.32444181444298359  0.69657729377271649 -0.33528984038222842  0.75297714177390107 -0.34508873901102571  0.80980166465436876 -0.35378418037106524  0.86701367878649016 -0.36132680173009613  0.92456544677954022 -0.36767334933638357  0.98239972193097125 -0.37278780878375084  1.0404514441043029 -0.37664240884871586  1.0986499869965498 -0.37921838352487269  1.1569218570206261 -0.38050637711238888  1.2151937438143632 -0.38050637711236546 
 0 12 0.59514497484126594 10 1.1902899496825319 12
1 1.1902899496825317 5.4162636914152067 -1 0 
8 4.7123889803846897 5.9026789300672213
1 1.2151937438143636 -6.2831853071795862 0 1 
8 4.7123889803846897 5.9026789300672213
1 -4.7123889803846897 5.416263691415204 1 0 
1 10 80.58373630858479 1 0 
1 15.416263691415207 10 0 1 
1 110.58373630858482 10 0 1 
1 0 88 1 0 
7 0 0  7 8 2  0 -4.9303806576313238e-32  0.22439844798565048 1.2688205053402957e-16  0.44880062788057035 2.5376621120876232e-16  0.67319647083620238 3.8064678877561616e-16  0.89759985595869474 5.0753163092450986e-16  1.121995698914326 6.344122084913605e-16  1.3463978788092468 7.6129636916609704e-16  1.5707963267948966 8.8817841970012494e-16 
 0 8 1.5707963267948966 8
7 0 0  10 56 7  -5.6568542494923708 0.086581768504588763  -5.5496027865430628 0.12377395126306082  -5.4277947250852678 0.16482436794578598  -5.2503512905480427 0.21986575679304959  -5.309703400847452 0.19980874795716869  -4.9832590735113964 0.30186214514324189  -5.0068133705703826 0.28712060216456936  -4.8179034965332788 0.34265456639183023  -4.7089473812026297 0.3685165769496116  -4.5776341502581115 0.40073752441682581  -4.3157504920116621 0.46146007655087146  -4.1828576490690903 0.49082693782531445  -4.0481087144981442 0.51918335967268125  -3.9115986104828391 0.54651331745736509  -3.7734222592195392 0.57280078654563193  -3.6336745828885375 0.59802974230141881  -3.4924505036863409 0.62218416009087552  -3.3498449437965077 0.64524801527853137  -3.2059528254107219 0.66720528322981187  -2.7707015613290848 0.72970925146978183  -2.4753394628052443 0.76698606586885765  -2.1753685496218211 0.79978366984815585  -1.8713949308947722 0.82802707494518224  -1.564045050390054 0.85165301689916217  -1.2539656865077544 0.87060995564310661  -0.94182395230071292 0.88485807531294136  -0.62830729545690411 0.89436928423928708  -0.31412349831308084 0.89912721495315684  0.31412214262089733 0.89912723341304912  0.62828758834431919 0.89437486115810549  0.94180391654225515 0.88486743485182062  1.2539831749299122 0.87061695517914117  1.5641412017445813 0.85165009609098163  1.8715976257064391 0.82800820478156023  2.1756758660666797 0.79974730171587827  2.4757031325605907 0.76693808060325896  2.7710104254439631 0.729665908417648  3.2058935904842376 0.6672132838691931  3.3496603073058839 0.6452782363895907  3.4921477713678031 0.62223860529791519  3.6332710681047757 0.59810731294605357  3.7729452829468055 0.57289728168509524  3.9110855013300978 0.54662143386711548  4.0476068086847379 0.51929269184323146  4.1824242904454696 0.4909239779652908  4.3154530320443252 0.4615282145847146  4.5777632057845912 0.40070843352148883  4.7090341739281367 0.36852384039900093  4.8199748728592295 0.34199154840662688  5.0029373647880977 0.28846687036193658  4.992346540562222 0.29892683709704115  5.3010206593445446 0.20257352213255209  5.2560548748098821 0.21812411447348209  5.4284100631814196 0.16456795100802232  5.5492185975537787 0.12390717860273165  5.6568542494923904 0.086581768504590928 
 0 11 0.19634954084936207 9 0.39269908169872414 9 0.78539816339744828 9 1.1780972450961724 9 1.3744467859455345 9 1.5707963267948966 11
1 0 -7.9999999999999973 1 0 
7 0 0  7 8 2  0 1.3988810110276972e-14  0.22439844798565073 1.3861928059742947e-14  0.44880062788056202 1.3735043899068112e-14  0.67319647083621315 1.360816332150155e-14  0.89759985595868697 1.3481278479352301e-14  1.12199569891433 1.3354397901785678e-14  1.3463978788092452 1.3227513741110865e-14  1.5707963267948966 1.3100631690576847e-14 
 0 8 1.5707963267948966 8
7 0 0  10 56 7  5.6568542494923557 0.086581768504605611  5.5496041460045431 0.12377347983509085  5.4277988661206189 0.16482296232455831  5.250356747642285 0.21986414642049582  5.3097071903087976 0.19980743014301616  4.9832739209093262 0.30185793825218993  5.0068168692471327 0.28711969759834111  4.8179151899024442 0.34265147240423116  4.7089542299818845 0.36851490063825726  4.5776399595100266 0.40073613895711302  4.3157524706133907 0.46145965625201413  4.1828584477375612 0.49082681186704896  4.0481089826133214 0.51918336872452664  3.9115989114155889 0.54651333109793998  3.7734230703259932 0.57280070326316035  3.6336762955187338 0.59802948949298873  3.4924534231738811 0.62218369406327478  3.3498492894682763 0.64524732124751838  3.2059587305798356 0.66720437532060461  2.7707122868995873 0.72970783102927672  2.4753477262967629 0.7669850213182493  2.1753712778082233 0.79978331131498803  1.8713911540546797 0.82802740557728582  1.564035403351917 0.8516538333330701  1.253951909704685 0.87061094847530451  0.9418083928131582 0.88485892956751711  0.62829240806715025 0.89436977983919819  0.3141113465506753 0.89912732718864141  -0.31412647647324438 0.89912712117501525  -0.62829812128455431 0.89437311413442766  -0.94181988976905562 0.8848642998918258  -1.2539972489537754 0.87061375531470497  -1.5641437425437876 0.85164853732018675  -1.8715809908829053 0.82800968285364129  -2.1756386910021628 0.79975220891428556  -2.4756546165724482 0.76694511253090802  -2.7709746179411794 0.72967137078015176  -3.205941624194605 0.66720622577347011  -3.3495916306740816 0.64529912201150974  -3.491918989012722 0.62229649123859498  -3.6329116755066071 0.59819472115430228  -3.772529295293463 0.57299672540905899  -3.9107030823350426 0.54671194360371778  -4.0473358994419035 0.5193563412904143  -4.1823022382458186 0.49095240997144274  -4.3154482192241383 0.46152916710032704  -4.5777349641416363 0.40071514506180128  -4.7090481747914339 0.36852054572843873  -4.819910707751629 0.34200944551844464  -5.0030421135213441 0.28843508257809852  -4.992168766080102 0.29898133942014066  -5.3011692178043637 0.20252719266920391  -5.2559359325134398 0.21815945314370538  -5.4283678241904374 0.16458274500036041  -5.5492035928981727 0.12391238185013947  -5.6568542494924055 0.086581768504608858 
 0 11 0.19634954084936207 9 0.39269908169872414 9 0.78539816339744828 9 1.1780972450961724 9 1.3744467859455345 9 1.5707963267948966 11
7 0 0  11 102 11  5.6568542494923912 0.086581768504591997  5.6560987178429345 0.086843768391740489  5.6479980607572857 0.090244641730534578  5.5825798372551967 0.10834900068324037  5.7696524496540968 0.053069081618807697  5.4922266533044999 0.13694556168099867  5.7586235213762 0.05524676122634286  5.5793376265187016 0.11075499237832097  5.6599886307059801 0.085543887164136148  5.6358258490355579 0.093106880104742509  5.6383406153115097 0.092275458297342114  5.6368033962278492 0.09268283601503273  5.6360344480504194 0.092883868586278395  5.6352651664966444 0.093082240892527271  5.6344955568249722 0.093277948956302648  5.6337256242947209 0.093470988800261459  5.6329553741637959 0.093661356446898117  5.6321848116928424 0.093849047918849737  5.6314139421382183 0.094034059238669851  5.6306427707612405 0.094216386428932403  5.6298713028189598 0.094396025512227005  5.6275560250756334 0.094926866508916366  5.6260113454555043 0.095269985783814765  5.6244655474175893 0.095602306610409582  5.6229186736534773 0.09592380526320568  5.6213707668852715 0.096234458016897187  5.6198218697877165 0.096534241145860969  5.6182720250940568 0.09682313092489582  5.6167212754794082 0.097101103628349783  5.6151696636652426 0.097368135530956454  5.6136172323438451 0.09762420290718983  5.6089576079765466 0.098359440280588892  5.6058481252140364 0.098805601608259686  5.6027358758333765 0.099207669859482303  5.599621159738879 0.099565548879064505  5.5965042768239357 0.099879142511783828  5.5933855269993638 0.10014835460252576  5.5902652101547901 0.1003730889959684  5.5871436262000991 0.10055324953706685  5.5840210750298098 0.10068874007050314  5.5808978565476064 0.10077946444115987  5.5715270988638448 0.10091705059911923  5.5652789169402244 0.10082988629415833  5.5590313436897034 0.10056324046287016  5.5527859979186331 0.1001165199891102  5.546544498437175 0.09948913175692603  5.5403084640475377 0.098680482650044865  5.5340795135641114 0.097689979552608636  5.5278592657870878 0.096517029348333991  5.5216493395294073 0.095161038921284372  5.5154513535951972 0.093621415155300369  5.4968980731892039 0.088449864492395544  5.4845526120507415 0.084255950795711992  5.4722566212458563 0.079306397439805193  5.460036178633751 0.073591778020122164  5.4479173620916956 0.067102666132263677  5.4359262494680411 0.059829635371585865  5.4240889186481187 0.051763259333754058  5.4124314474792872 0.042894111614123459  5.40097991384006 0.033212765808295491  5.389760395588822 0.022709795511717559  5.3678375455989604 4.1753128107029337e-05  5.3572118177620425 -0.012151047246722814  5.3469617764671513 -0.025129306504851848  5.3371274110958788 -0.038819704346661953  5.327748711033327 -0.0531489204723221  5.3188656656607982 -0.06804363458232901  5.3105182643624973 -0.083430526376776462  5.3027464965213547 -0.099236275556157452  5.2955903515202474 -0.11538756182064867  5.289089818742478 -0.1318110648706215  5.2803824219856228 -0.15674466417423102  5.2776393841243534 -0.16509950182429103  5.2750541148878227 -0.17349391347951618  5.2726249551681175 -0.18192383526264655  5.2703502458751528 -0.19038520329689421  5.2682283278899646 -0.19887395370476071  5.26625754213019 -0.20738602260958805  5.2644362294765941 -0.21591734613391547  5.2627627308396852 -0.22446386040091729  5.2612353871106947 -0.23302150153333731  5.2591611152309907 -0.24586855771460148  5.2585056336427769 -0.25015383897471533  5.2578858797751336 -0.25444173283263916  5.2573016389623088 -0.25873192268517808  5.2567526965669185 -0.2630240919318606  5.2562388379097396 -0.26731792396790954  5.2557598483604249 -0.27161310219393692  5.2553155132425413 -0.27590931000513275  5.2549056179149387 -0.28020623080108081  5.254529947714671 -0.28450354797852451  5.2538466282641094 -0.29309834189274353  5.2535269904508697 -0.29720974436726327  5.2532748847689792 -0.30235801783821825  5.2530377141359761 -0.30568861925645924  5.2528099623276843 -0.3092730504742226  5.2526238938110694 -0.31504494942123795  5.2524980831781738 -0.32072441965083659  5.2524119348639848 -0.32285915299169599  5.2523301967879146 -0.32418385425513363  5.2522573143889462 -0.33357243105184176  5.2522573143889133 -0.33793036597693571 
 0 12 0.015625 10 0.03125 10 0.0625 10 0.125 10 0.25 10 0.5 10 0.75 10 0.875 10 0.9375 10 1 12
7 0 0  9 10 2  0 7.9999999999999973  5.2811123998922219e-18 7.9137528893462292  0.017155707156277948 7.827498067720815  0.054329280945062147 7.745189178199765  0.11248612366627175 7.672776843322425  0.19047500212803736 7.6185474461558966  0.27860460815320931 7.5892398167816912  0.36870617281323692 7.5830482153545393  0.45553747309960907 7.5969958973211771  0.53638869426082358 7.627023287032296 
 0 10 1 10
7 0 0  11 42 5  5.2522573143889275 -0.33793036597693504  5.0551015028605431 -0.36538402437799272  4.8095785678790808 -0.39732166362748889  4.7113225278018822 -0.40742485692340985  4.3683444237314886 -0.44892413059027914  4.2202687111116832 -0.46186005870593588  4.0288374645828382 -0.47886249429636613  3.7148410657943285 -0.51062907574530048  3.5510159026426393 -0.51986963001761632  3.285014505119872 -0.54123530666669162  3.0494359525600259 -0.55652879068003647  2.5610416385551713 -0.58577787178916529  2.3136010582487252 -0.59898297028092184  2.0632765513658562 -0.61075906834453442  1.8104276146308984 -0.62109660761405905  1.5554137447718719 -0.62998602972445517  1.2985944385143822 -0.63741777630969632  1.0403291925838136 -0.64338228900455385  0.78097750370823282 -0.64787000944333639  0.52089886861209567 -0.65087137926049832  0.26045278402280309 -0.6523768400905553  -0.26045529069053147 -0.65237682704520406  -0.52091296417366695 -0.65087124070992564  -0.78101387605035233 -0.64786949296906948  -1.0403976285903096 -0.64338100223247008  -1.2987038240569686 -0.63741518690388266  -1.5555720647249192 -0.62998146539705435  -1.8106419528533926 -0.62108925611286847  -2.0635530907183002 -0.61074797746534737  -2.3139450805811945 -0.59896704785784027  -2.561457524713354 -0.58575588570053216  -3.0500025260486416 -0.55649193309997014  -3.2946050311618311 -0.53996555328644691  -3.5051186166012047 -0.52611697326005391  -3.8342304693026605 -0.49438136049553771  -3.8419095579729983 -0.50445786012776739  -4.418288641924093 -0.43471487049260005  -4.2252843600899315 -0.46850513569805258  -4.7801056367128423 -0.39801743104015269  -4.7880769557090277 -0.40021265524011951  -5.0553358077635924 -0.36535139776282055  -5.2522573143888822 -0.33793036597694037 
 0 12 0.35810603735244739 10 0.71621207470489479 10 1.0743181120573422 10 1.4324241494097896 12
7 0 0  7 8 2  1.4324241494097896 3.1582192082588669  1.2277926683242883 3.1582192082588616  1.023159222967839 3.1582192082588665  0.818529116861615 3.1582192082588794  0.61389503254817457 3.1582192082588509  0.40926492644195245 3.1582192082588776  0.204631481085497 3.1582192082588634  -1.5903060730498629e-16 3.1582192082588669 
 0 8 1.4324241494097896 8
1 -2.4242424242424221 6.5274724934963686 0.93743686656109215 0.3481553119113957 
1 1.4324241494097896 25.531108944220286 -1 2.4802106835914119e-15 
7 0 0  8 16 3  0 -0.38050637711236462  0.090390476370551406 -0.41167550689531335  0.18335678104739372 -0.43962478423708262  0.2789852323762716 -0.46385888276677179  0.37718230881773707 -0.48388894123854698  0.4776274702610408 -0.49926112530943101  0.57968196249731818 -0.50962424781596383  0.68254003511371675 -0.51480595511981098  0.8882562916811787 -0.51480595511981098  0.991114364295413 -0.50962424781499749  1.0931688565360673 -0.49926112531329636  1.1936140179668655 -0.48388894123445425  1.2918110944247019 -0.4638588827692729  1.3874395457455648 -0.43962478423611628  1.4804058504243434 -0.41167550689531451  1.5707963267948948 -0.38050637711236579 
 0 9 0.71621207470489368 7 1.4324241494097874 9
8 4.7123889803846897 5.9026789300672204
1 -4.7123889803846897 70.58373630858479 1 0 
8 4.7123889803846897 5.9026789300672204
1 1.5707963267948948 -6.2831853071795862 0 1 
7 0 0  11 102 11  -5.6568542494924126 0.086581768504607706  -5.6560986125199806 0.086843804915136366  -5.6474597943248481 0.090436092737200297  -5.5824371276908673 0.10829671935345384  -5.7719980275187135 0.052524903111636267  -5.4877553651854649 0.13811056563642923  -5.7631048202765216 0.054035485869033562  -5.5765191445797857 0.11153132682913981  -5.6610114276621788 0.085258932468047763  -5.6356182027322683 0.093164969797566749  -5.6383206177954186 0.092280822276788133  -5.6367831802108386 0.092688127297406595  -5.6360141240375441 0.092889122401737675  -5.6352447357387758 0.093087456138473218  -5.6344750205727188 0.093283124546072044  -5.6337049837912563 0.093476123662839042  -5.632934630657874 0.093666449527327889  -5.6321639664192178 0.093854098177768519  -5.6313929963413107 0.094039065652730888  -5.6306217256725546 0.094221347990497917  -5.6298501596738006 0.094400941229543955  -5.6275345914505603 0.094931641765652039  -5.625989723110739 0.095274663502036949  -5.6244437412518646 0.09560688301333034  -5.6228966885364979 0.095928276695495321  -5.6213486076480494 0.096238820944437697  -5.6197995412352055 0.096538492156141367  -5.6182495319920216 0.096827266726503838  -5.6166986225653153 0.09710512105149996  -5.6151468556410835 0.097372031527049208  -5.613594273879813 0.097627974549101437  -5.6089342121039811 0.098362830442583302  -5.6058244562553154 0.098808726376954009  -5.6027119519783923 0.099210518967011635  -5.5995969988427552 0.099568112862949254  -5.5964798964175069 0.099881412715197293  -5.5933609442730621 0.10015032317379202  -5.5902404419779819 0.10037474888929383  -5.5871186891026348 0.10055459451170075  -5.5839959852160996 0.10068976469149524  -5.5808726298881073 0.10078016407883023  -5.5715015082883994 0.10091676381442691  -5.5652531442209101 0.10082892727343357  -5.5590054477714999 0.10056159890786172  -5.5527600362205707 0.10011418992444196  -5.5465185268600292 0.099486111530056487  -5.540282536962839 0.098676774931356098  -5.5340536838266932 0.097685591335281777  -5.5278335847232922 0.096511971948476633  -5.5216238569464053 0.09515532797783223  -5.5154261177748403 0.093615070630074584  -5.496873717935931 0.088441692075894793  -5.4845290690227673 0.084246642816590694  -5.4722341039182263 0.079296082307506552  -5.4600148887831521 0.073580629521963536  -5.4478974897794199 0.067090903433436447  -5.4359079730702327 0.059817523015171917  -5.4240724048137849 0.051751107240695614  -5.412416851176701 0.042882275083250453  -5.4009673783158103 0.033201645516314438  -5.3897500523963915 0.022699837513208986  -5.3678318267602272 3.5102581461869868e-05  -5.3572083687249563 -0.012155442612963334  -5.3469605081810005 -0.025130977722206366  -5.3371281878466865 -0.038818314932525431  -5.3277513504210097 -0.053144266430210849  -5.3188699386327789 -0.068035644401482617  -5.3105238951736915 -0.083419261032669251  -5.3027531627730955 -0.099221928509974452  -5.2955976841293113 -0.1153704590197097  -5.2890974019611159 -0.13179166474811782  -5.2803896874846963 -0.15672270444814967  -5.2776464716060687 -0.16507684322672533  -5.2750609612941375 -0.17347070353380692  -5.2726315065035889 -0.18190021468601095  -5.2703564571879911 -0.19036130599993351  -5.2682341632995646 -0.19884990679221154  -5.2662629747963106 -0.20736194637941427  -5.2644412416260611 -0.21589335407819921  -5.2627673137486308 -0.22444005920513643  -5.2612395411134107 -0.23299799107685829  -5.2591646399583931 -0.24584562297652612  -5.2585089501333409 -0.25013112168205909  -5.2578889901569204 -0.25441925462262521  -5.2573045459645869 -0.25870970129405968  -5.2567554035313098 -0.26300214119259863  -5.2562413487724617 -0.26729625381395644  -5.2557621676743889 -0.27159171865434828  -5.2553176461554534 -0.27588821520963475  -5.2549075701867336 -0.28018542297586146  -5.2545317257063902 -0.28448302144899523  -5.2538480716311451 -0.29307835880109723  -5.2535282432688 -0.29718154144695158  -5.2532759361290751 -0.30235633633827624  -5.253038775915682 -0.30566984214910842  -5.2528109281492767 -0.30923031619813734  -5.2526244702015594 -0.31502450765453599  -5.2524983371958323 -0.32074009804420478  -5.2524123754486052 -0.32284887890427222  -5.2523309333014909 -0.32411399402022101  -5.2522573143888964 -0.33357227118250449  -5.2522573143889257 -0.33793036597692971 
 0 12 0.015625 10 0.03125 10 0.0625 10 0.125 10 0.25 10 0.5 10 0.75 10 0.875 10 0.9375 10 1 12
7 0 0  11 42 5  -5.2522573143889169 -0.33793036597693182  -5.0550732253023112 -0.36538796198659829  -4.8095843924899713 -0.39732053254507782  -4.7112191136575001 -0.40743811514278522  -4.3683891460814026 -0.44891704506238017  -4.2202645431646166 -0.46186037306503458  -4.0288175004111411 -0.47886588364581395  -3.714918034334505 -0.51062002193961209  -3.5510284711136215 -0.51987006599539154  -3.2850534484993381 -0.54123219029005909  -3.0494666808892759 -0.55652679832975316  -2.5610620321211934 -0.58577680252271336  -2.3136170687166437 -0.59898225924742632  -2.0632889039256876 -0.61075862517891  -1.8104369753802094 -0.62109635489750725  -1.5554207207148738 -0.62998590297934687  -1.2985995775620851 -0.6374177240078378  -1.0403329835549926 -0.64338227255667968  -0.78098037632756834 -0.64787000320974109  -0.52090119351226782 -0.65087137054247202  -0.26045487274277201 -0.65237682913581962  0.26045316943829627 -0.65237683800006807  0.52091115514997544 -0.65087124438019983  0.78101260471989764 -0.64786947690619867  1.0403970173925308 -0.64338095977956866  1.298703892396633 -0.63741511719427857  1.5555727289864505 -0.62998137335635229  1.8106430263836542 -0.62108915245653007  2.0635542838431737 -0.61074787870105562  2.3139460005927539 -0.59896697628358997  2.561457675877731 -0.58575586940587376  3.0499999419917461 -0.55649209512546527  3.2946012648094292 -0.53996585406264408  3.5051166153816267 -0.52611692572728197  3.834217375015085 -0.4943830547593171  3.8419260405161944 -0.50445541972709462  4.4182631717622982 -0.43471857195242208  4.2253137100836007 -0.4685012193163256  4.7800931908747728 -0.39801925738119837  4.7880886926319368 -0.40021110385394937  5.0553376868927327 -0.36535113609684483  5.2522573143888902 -0.33793036597693521 
 0 12 0.35810603735244739 10 0.71621207470489479 10 1.0743181120573422 10 1.4324241494097896 12
7 0 0  7 8 2  1.4324241494097896 3.1582192082588758  1.2277926683242879 3.1582192082588678  1.0231592229678499 3.1582192082588803  0.81852911686161378 3.1582192082588838  0.61389503254815547 3.1582192082588594  0.40926492644197121 3.15821920825889  0.20463148108549672 3.1582192082588696  -1.5903060730498605e-16 3.1582192082588758 
 0 8 1.4324241494097896 8
1 -2.4242424242424221 119.47252750650364 0.93743686656109215 -0.3481553119113957 
8 4.7123889803846897 6.1448131297944801
1 -4.7123889803846897 25.531108944220271 1 0 
8 4.7123889803846897 6.1448131297944801
1 1.2151937438143625 -6.2831853071795862 0 1 
8 4.7123889803846897 5.9026789300672204
1 -4.7123889803846897 70.583736308584818 1 0 
8 4.7123889803846897 5.9026789300672204
1 0 -6.2831853071795862 0 1 
8 4.7123889803846897 5.9026789300672213
1 -4.7123889803846897 5.4162636914152067 1 0 
8 4.7123889803846897 5.9026789300672213
1 0 -6.2831853071795862 0 1 
1 0 100.58373630858482 1 -2.3877971445515864e-14 
7 0 0  11 22 3  -5.5511151231257827e-17 -0.38050637711236612  0.058271886793805738 -0.38050637711238178  0.11654375681746705 -0.37921838352496395  0.17474229971093092 -0.376642408848677  0.23279402188238157 -0.37278780878387568  0.29062829703685666 -0.36767334933625734  0.3481800650261635 -0.36132680173040405  0.40539207916138997 -0.35378418037100678  0.46221660203969228 -0.3450887390112039  0.51861645004201673 -0.33528984038215082  0.57456528655706218 -0.32444181444299797  0.68552884157619487 -0.3007640265354205  0.7405436585204761 -0.28793426621934798  0.79507528570322283 -0.27417188434961992  0.84911819810202782 -0.25953921379533307  0.90267855007341069 -0.24410085977441995  0.95576721023563171 -0.22792492538275544  1.0084110282367293 -0.21107833373178461  1.0606364225553899 -0.19363091236643962  1.112480892998932 -0.17565136987758623  1.1639851160259747 -0.1572088032349713  1.2151937438143625 -0.13837217738510638 
 0 12 0.59514497484126594 10 1.1902899496825319 12
Curves 64
1 0 0 0 0 0 1 
8 0 1
7 0 0  9 10 2  0 7.9999999999999982 8.8817841970012504e-16  1.961355906097995e-18 7.913752889346231 8.7369967712935946e-16  0.0063714696841031962 7.8274980677208159 -0.015928674210257125  0.020177388396017935 7.7451891781997659 -0.050443470990043975  0.041776297548868628 7.6727768433224348 -0.10444074387217073  0.070740639868880573 7.6185474461558913 -0.1768515996722006  0.10347115385738964 7.5892398167816983 -0.2586778846434733  0.13693403489704056 7.5830482153545384 -0.34233508724260059  0.16918237023910246 7.5969958973211762 -0.4229559255977553  0.19920975995022117 7.6270232870322952 -0.49802439987555208 
 0 10 1 10
8 0 1
7 0 0  9 10 2  0 118 1.3100631690576847e-14  1.961355906098049e-18 118.08624711065377 1.3105303653617123e-14  0.0063714696841028111 118.17250193227918 -0.015928674210243906  0.020177388396019336 118.25481082180028 -0.050443470990035218  0.041776297548864028 118.32722315667756 -0.10444074387214694  0.070740639868884694 118.38145255384411 -0.17685159967219857  0.10347115385738929 118.41076018321833 -0.25867788464346009  0.13693403489704248 118.41695178464548 -0.34233508724259304  0.16918237023910621 118.40300410267884 -0.42295592559775236  0.1992097599502248 118.37297671296771 -0.49802439987554881 
 0 10 1 10
1 -0.90034103358570761 6.5274724934963677 2.250852583964265 0.3481553119113957 0.34815531191139582 -0.8703882797784892 
1 -0.90034103358570672 119.47252750650364 2.2508525839642717 0.3481553119113957 -0.34815531191139559 -0.8703882797784892 
1 7.9884501643331323 10.000000000000004 -19.97112541083283 0 1 1.1102230246251565e-16 
1 0 0 10 -0 1 0 
1 -1.7763568394002505e-15 7.9999999999999982 0 0 0 1 
1 -1.7763568394002505e-15 118 0 0 0 1 
7 1 0  6 7 2  0.19920975995021895 7.6270232870322952 -0.49802439987555314  1.0260281194573337 0.45048560026193396 5.805273444772447 -1.1262140006548069  1.008374317289715 1.2185108543572829 4.022630416086673 -1.5320611104909769  0.99827486392537679 2.4450706140843232 2.4450706140843304 -1.6724611274010979  0.9949603017923716 4.0226304160866766 1.2185108543572758 -1.5320611104909787  0.99827486392537867 5.8052734447724497 0.4504856002619313 -1.1262140006548069  1.0083743172897131 7.627023287032296 0.19920975995021806 -0.49802439987555402  1.0260281194573337
 0 7 1.4324241494097896 7
8 0 1
7 0 0  9 10 2  7.627023287032296 0.19920975995022122 -0.49802439987555291  7.5969958973211771 0.16918237023910257 -0.4229559255977563  7.5830482153545393 0.1369340348970409 -0.34233508724260209  7.5892398167816948 0.10347115385739004 -0.25867788464347502  7.6185474461558895 0.070740639868880142 -0.17685159967220029  7.6727768433224375 0.041776297548869246 -0.10444074387217309  7.7451891781997588 0.020177388396017789 -0.05044347099004446  7.8274980677208168 0.0063714696841033055 -0.015928674210258259  7.9137528893462292 3.1927250941449289e-18 -7.9818127353623205e-18  7.9999999999999973 5.154081000242947e-18 -1.2885202500607364e-17 
 0 10 1 10
7 1 0  6 7 2  7.9999999999999973 -8.8817841970012523e-16 0  1.0313934717875126 5.8613057347766615 0 0  1.0100254076614368 3.7783314193424014 0.6800348050695213 0  0.99792464272497539 1.9846438943817413 1.9846438943817386 0  0.99395844413692447 0.68003480506951242 3.7783314193424049 0  0.99792464272497372 9.7699626167013776e-15 5.8613057347766606 0  1.010025407661439 -8.8817841970012523e-16 7.9999999999999991 0  1.0313934717875126
 0 7 1.5707963267948966 7
7 1 0  6 7 2  0.19920975995021983 118.37297671296771 -0.49802439987555047  1.0260281194573337 0.45048560026193485 120.19472655522756 -1.1262140006548038  1.008374317289715 1.2185108543572838 121.97736958391333 -1.5320611104909738  0.99827486392537679 2.4450706140843241 123.55492938591567 -1.6724611274010939  0.9949603017923716 4.0226304160866766 124.78148914564274 -1.5320611104909747  0.99827486392537867 5.8052734447724506 125.54951439973807 -1.1262140006548029  1.0083743172897131 7.627023287032296 125.80079024004979 -0.49802439987555003  1.0260281194573337
 0 7 1.4324241494097896 7
8 0 1
7 0 0  9 10 2  7.627023287032296 125.80079024004978 -0.49802439987554475  7.5969958973211771 125.8308176297609 -0.42295592559774742  7.5830482153545402 125.86306596510296 -0.34233508724259376  7.5892398167816868 125.89652884614262 -0.25867788464346125  7.6185474461559028 125.92925936013111 -0.17685159967219893  7.6727768433224206 125.95822370245114 -0.10444074387215167  7.745189178199765 125.97982261160398 -0.050443470990037396  7.8274980677208141 125.9936285303159 -0.015928674210243472  7.9137528893462292 126 1.3993713500042218e-14  7.9999999999999973 126 1.3988810110276972e-14 
 0 10 1 10
7 1 0  6 7 2  7.9999999999999973 126 1.3988810110276972e-14  1.0313934717875126 5.8613057347766615 126 1.3988810110276972e-14  1.0100254076614368 3.7783314193424014 125.31996519493048 1.3988810110276972e-14  0.99792464272497539 1.9846438943817413 124.01535610561825 1.3988810110276972e-14  0.99395844413692447 0.68003480506951242 122.22166858065759 1.3988810110276972e-14  0.99792464272497372 9.7699626167013776e-15 120.13869426522334 1.3988810110276972e-14  1.010025407661439 -8.8817841970012523e-16 118 1.3988810110276972e-14  1.0313934717875126
 0 7 1.5707963267948966 7
1 6.5274724934963686 -0.90034103358570672 2.2508525839642646 0.3481553119113957 0.34815531191139582 -0.8703882797784892 
2 15.416263691415207 15.416263691415208 -17 -0.34815531191139609 -0.34815531191139576 0.87038827977848909 0.12930163676704737 -0.93743686656109215 -0.323254091917618 0.9284766908852593 0 0.37139067635410422 8
1 6.5274724934963677 126.90034103358572 2.2508525839642726 0.3481553119113957 -0.34815531191139559 -0.8703882797784892 
2 15.416263691415208 110.58373630858479 -16.999999999999993 -0.34815531191139548 0.34815531191139459 0.87038827977848976 -0.93743686656109215 -0.12930163676704734 -0.32325409191761767 6.6613381477509392e-16 -0.92847669088525975 0.37139067635410278 8
2 15.416263691415207 15.416263691415208 -17 -4.1232648001943613e-17 -1 1.030816200048589e-16 0.37139067635410417 -1.1102230246251565e-16 -0.92847669088525908 0.92847669088525908 6.1629758220391547e-33 0.37139067635410417 8
1 15.416263691415207 10.000000000000004 -25 0 1 1.1102230246251565e-16 
2 15.416263691415208 110.58373630858479 -16.999999999999993 1.4210854715201991e-15 -1 -3.5527136788005033e-15 -0.92847669088525953 1.9721522630525295e-31 -0.37139067635410328 0.37139067635410328 3.8263897345803649e-15 -0.92847669088525953 8
8 4.7123889803846897 6.2831853071795862
2 7.9999999999999982 7.9999999999999982 10 0 0 1 0 -1 0 1 0 -0 8
8 1.5707963267948966 3.1415926535897931
2 7.9999999999999982 118 10 -0 -0 -1 0 -1 0 -1 0 0 8
1 0 0 10 1 0 -0 
1 0 126 10 1 0 -0 
8 0 1.5707963267948966
2 88 7.9999999999999982 10 0 0 1 0 -1 0 1 0 -0 8
8 3.1415926535897931 4.7123889803846897
2 88 118 10 -0 -0 -1 0 -1 0 -1 0 0 8
1 96 0 10 -0 1 0 
1 7.9999999999999973 -1.7763568394002505e-15 0 0 0 1 
1 7.9999999999999973 126 0 0 0 1 
1 0 0 0 1 0 -0 
8 0 1
7 0 0  9 10 2  88.372976712967713 0.19920975995022239 -0.4980243998755558  88.403004102678835 0.16918237023910407 -0.42295592559776007  88.416951784645477 0.13693403489703659 -0.34233508724259137  88.410760183218287 0.10347115385740156 -0.25867788464350383  88.38145255384417 0.070740639868858868 -0.17685159967214711  88.327223156677505 0.041776297548885712 -0.10444074387221425  88.254810821800277 0.02017738839600796 -0.050443470990019883  88.172501932279175 0.006371469684105323 -0.015928674210263304  88.086247110653758 -4.5383964062193642e-18 1.1345991015548406e-17  88 -2.5770405001214735e-18 6.4426012503036819e-18 
 0 10 1 10
1 89.472527506503639 -0.90034103358570583 2.2508525839642606 -0.3481553119113957 0.34815531191139582 -0.8703882797784892 
1 10 7.988450164333134 -19.97112541083283 1 0 0 
1 0 0 126 1 0 -0 
8 0 1
7 0 0  9 10 2  88.372976712967727 125.80079024004978 -0.49802439987555464  88.40300410267885 125.83081762976089 -0.42295592559775497  88.416951784645477 125.86306596510296 -0.34233508724259504  88.410760183218372 125.89652884614262 -0.25867788464346009  88.381452553844056 125.92925936013111 -0.17685159967219793  88.327223156677661 125.95822370245114 -0.10444074387214008  88.25481082180022 125.97982261160398 -0.050443470990036279  88.172501932279204 125.9936285303159 -0.015928674210240915  88.086247110653773 126 1.4000156101292521e-14  88 126 1.3995252711527276e-14 
 0 10 1 10
1 89.472527506503653 126.90034103358572 2.250852583964265 -0.3481553119113957 -0.34815531191139559 -0.8703882797784892 
1 10 118.0115498356669 -19.971125410832819 1 0 0 
2 15.416263691415207 15.416263691415208 -17 1 0 0 0 -0.9284766908852593 -0.37139067635410372 0 0.37139067635410372 -0.9284766908852593 8
2 15.416263691415208 110.58373630858479 -16.999999999999993 -1 -6.3910604403012536e-16 1.958550780092312e-16 5.5511151231257852e-17 -0.37139067635410278 -0.92847669088525975 6.6613381477509392e-16 -0.92847669088525975 0.37139067635410278 8
1 80.58373630858479 10.000000000000004 -25 0 1 1.1102230246251565e-16 
1 10 15.41626369141521 -25 1 0 0 
1 10 110.58373630858482 -24.999999999999989 1 0 0 
1 88 -1.7763568394002505e-15 0 0 0 1 
1 88 126 0 0 0 1 
7 1 0  6 7 2  88 -8.8817841970012523e-16 0  1.0313934717875126 90.138694265223336 9.7699626167013776e-15 0  1.010025407661439 92.221668580657592 0.68003480506951242 0  0.99792464272497372 94.015356105618253 1.9846438943817413 0  0.99395844413692447 95.319965194930475 3.7783314193424014 0  0.99792464272497539 96 5.8613057347766615 0  1.0100254076614368 96 7.9999999999999973 0  1.0313934717875126
 0 7 1.5707963267948966 7
1 96 7.9999999999999973 0 0 0 1 
7 1 0  6 7 2  88 126 1.3988810110276972e-14  1.0313934717875126 90.138694265223336 125.99999999999999 1.3988810110276972e-14  1.010025407661439 92.221668580657592 125.31996519493049 1.3988810110276972e-14  0.99792464272497372 94.015356105618253 124.01535610561825 1.3988810110276972e-14  0.99395844413692447 95.319965194930475 122.22166858065759 1.3988810110276972e-14  0.99792464272497539 96 120.13869426522334 1.3988810110276972e-14  1.0100254076614368 96 118 1.3988810110276972e-14  1.0313934717875126
 0 7 1.5707963267948966 7
1 96 118 0 0 0 1 
1 96 0 0 0 0 1 
8 0 1
7 0 0  9 10 2  96 7.9999999999999973 8.8817841970012494e-16  96 7.9137528893462292 8.7369967712935916e-16  95.993628530315902 7.827498067720815 -0.015928674210256646  95.979822611603979 7.745189178199765 -0.050443470990046015  95.958223702451136 7.672776843322425 -0.1044407438721692  95.929259360131113 7.6185474461558966 -0.17685159967220201  95.896528846142616 7.5892398167816912 -0.2586778846434753  95.863065965102962 7.5830482153545393 -0.34233508724260192  95.830817629760901 7.5969958973211771 -0.42295592559775702  95.800790240049778 7.627023287032296 -0.49802439987555375 
 0 10 1 10
7 1 0  6 7 2  95.800790240049793 7.627023287032296 -0.4980243998755558  1.0260281194573337 95.549514399738072 5.8052734447724497 -1.1262140006548091  1.0083743172897131 94.781489145642738 4.0226304160866766 -1.5320611104909818  0.99827486392537867 93.554929385915671 2.4450706140843232 -1.672461127401101  0.9949603017923716 91.97736958391333 1.2185108543572829 -1.53206111049098  0.99827486392537679 90.194726555227561 0.45048560026193396 -1.1262140006548105  1.008374317289715 88.372976712967713 0.19920975995021895 -0.49802439987555713  1.0260281194573337
 0 7 1.4324241494097896 7
1 96.900341033585718 6.5274724934963686 2.2508525839642619 -0.3481553119113957 0.34815531191139582 -0.8703882797784892 
2 80.58373630858479 15.416263691415216 -17.000000000000004 -0.34815531191139537 0.34815531191139493 -0.87038827977848965 0.92847669088525953 -6.6613381477509392e-16 -0.37139067635410355 -0.12930163676704742 -0.93743686656109249 -0.32325409191761711 8
2 80.58373630858479 15.416263691415216 -17.000000000000004 -1 -1.3865946300338381e-15 9.2365757045110101e-31 1.3865946300338381e-15 -1 6.6613381477509422e-16 0 6.6613381477509422e-16 1 8
8 0 1
7 0 0  9 10 2  96 118 1.3100631690576847e-14  96 118.08624711065377 1.3105303653617123e-14  95.993628530315902 118.17250193227918 -0.015928674210243906  95.979822611603979 118.25481082180028 -0.050443470990035218  95.958223702451136 118.32722315667756 -0.10444074387214694  95.929259360131113 118.38145255384411 -0.17685159967219857  95.896528846142616 118.41076018321833 -0.25867788464346009  95.863065965102962 118.41695178464548 -0.34233508724259304  95.830817629760901 118.40300410267884 -0.42295592559775236  95.800790240049778 118.37297671296771 -0.49802439987554881 
 0 10 1 10
7 1 0  6 7 2  95.800790240049807 118.37297671296771 -0.49802439987556157  1.0260281194573337 95.549514399738086 120.19472655522756 -1.1262140006548145  1.0083743172897131 94.781489145642752 121.97736958391333 -1.5320611104909863  0.99827486392537867 93.554929385915699 123.55492938591568 -1.6724611274011045  0.9949603017923716 91.977369583913344 124.78148914564272 -1.5320611104909845  0.99827486392537679 90.194726555227575 125.54951439973807 -1.1262140006548145  1.008374317289715 88.372976712967727 125.80079024004979 -0.49802439987556069  1.0260281194573337
 0 7 1.4324241494097896 7
1 96.900341033585732 119.47252750650364 2.2508525839642646 -0.3481553119113957 -0.34815531191139559 -0.8703882797784892 
2 80.58373630858479 110.5837363085848 -16.999999999999989 -0.34815531191139648 -0.34815531191139526 -0.87038827977848909 0.93743686656109193 -0.1293016367670474 -0.32325409191761884 0 -0.92847669088525941 0.37139067635410339 8
2 80.58373630858479 110.5837363085848 -16.999999999999989 -1 -0 0 0 -0.37139067635410339 -0.92847669088525953 0 -0.92847669088525953 0.37139067635410339 8
2 80.58373630858479 15.416263691415216 -17.000000000000004 -4.5099454932378008e-16 -1 6.6613381477509422e-16 1 -4.5099454932378008e-16 3.0042271958382403e-31 0 6.6613381477509422e-16 1 8
1 88.01154983566687 10.000000000000004 -19.97112541083283 0 1 1.1102230246251565e-16 
2 80.58373630858479 110.5837363085848 -16.999999999999989 -2.6237376030502797e-15 -1 -1.7763568394002505e-15 0 1.7763568394002505e-15 -1 1 -2.6237376030502797e-15 -4.6606942359699839e-30 8
Polygon3D 0
PolygonOnTriangulations 0
Surfaces 30
1 0 0 0 0.9284766908852593 -0.37139067635410372 -0 0.37139067635410372 0.9284766908852593 0 0 -0 1 
1 0 0 0 1 0 -0 0 0 1 0 -1 0 
9 0 0 0 0 8 8 9 9 2 2 0.36780884984558765 9.1676638544743927 -0.45610943470357473  0.20839446553453062 9.0082753410895009 -0.31200476936372218  0.11803528667830891 8.9183606425939512 -0.13121255586413311  0.11428194133791397 8.9153650092865195 0.092803201929489057  -0.24597730983143851 8.5527025805224746 0.13385683910594059  0.23508045550293152 9.0355851523299346 0.61106466349325772  -0.044820171739680628 8.7555351704094821 0.69353075721066859  0.10574345858339196 8.9057210363217987 0.99917194237284801  0.23383947594187865 9.0338273864294294 1.2936308217480916  
0.28679504697230901 6.8866213616513026 -1.0734991916311907  0.13512346929013591 6.7349404213441328 -0.92537306905434713  -0.049344781781640271 6.5507047931126783 -0.79406044898854777  0.55789808318909395 7.1588371798498018 -0.25032487305573881  -1.0575537587331385 5.5415734934119216 -0.8655707750350965  0.34206053822525267 6.9419379071818073 0.091840227420723522  -0.27531528281063306 6.3254564349651892 -0.002023763349040949  -0.082394249324075602 6.517547287648787 0.32567888233794801  0.031938143395408763 6.6319047321915745 0.61295569549277873  
0.65062856450609252 5.0505866131328565 -1.4573486752691565  0.49562337172533577 4.8960380179352665 -1.3109715572098797  -0.34894882382137504 4.064383188785925 -1.5315907612153363  2.7112043074244565 7.077927175482392 0.3104457416005299  -1.5322862654545046 2.9035632722266516 -1.7018749485636055  0.50767326673675928 4.8888915473180869 -0.38404598725204497  0.20120002467178166 4.6046125022648488 -0.33457499240489419  0.2249275668899392 4.6251216908225272 -0.088048816341352559  0.31325580229459898 4.7136435800027554 0.18556933701156325  
1.5702643161344361 3.770844438287885 -1.5550445688596006  1.6201044251860879 3.8174867908143266 -1.301270561423207  3.226983616075795 5.3737787457111343 -0.21544316844846809  -2.5255598698320458 -0.20588430853174872 -3.0417988202030215  5.1361793840022543 7.2089932950112647 1.2572939595690553  0.73988028912192394 3.011406588527314 -0.88069972641785055  1.2300285328779781 3.4119048426276954 -0.35206736155834539  1.0546634363477596 3.2553671811243445 -0.23098686378773176  1.0386014515511657 3.2390325832684517 -0.011639176662190514  
2.4699130574310511 2.4697490372755029 -1.654900761700123  2.235778557390482 2.2402191349214364 -1.5497986460558271  0.16792685297268051 0.2378175322770284 -2.4254792162860221  7.0971156419654164 6.941013396349323 1.4813307187888167  -1.6934268288121626 -1.528558013604294 -2.9691409420951738  2.6255921514083047 2.5308190197399978 -0.40190749716679108  2.230539342469819 2.2563444915806388 -0.43330403659182182  2.2608902636379193 2.2600029295879369 -0.17356389532870869  2.2552902395624788 2.2547163047765553 0.050700614275757373  
3.7714454488780316 1.5715051534303179 -1.5534498186246426  3.8166617305539732 1.6134378000650162 -1.3025432360128795  5.3643453581475233 3.1223088842563427 -0.25274690702647939  0.29967202702622353 -1.8042638777558515 -2.7072376393988367  6.3877097177119539 4.0858880372140236 0.75282228957559705  3.9016703134525628 1.7613896498749109 -0.36924936687999904  3.2295795259291236 1.0129360307756412 -0.46144488283787571  3.2722096873985542 1.0727531774954959 -0.22140929335795104  3.2447428776025893 1.0452898596309659 -0.0079832803525530776  
5.0486568156038807 0.64897616237081091 -1.4590542570090519  4.8949823152807035 0.49617541837291262 -1.3117999404207714  4.1033217146934113 -0.28624575758713944 -1.5015304484275824  6.7423806161245938 2.3182680767407993 0.11387021085188162  4.2846188769808737 -0.088463082151989614 -0.95634440293230405  3.7818098320414286 -0.63434572663375255 -0.97836119972389257  4.8809204067934466 0.48548777055814168 -0.18488770472052737  4.5960796627149563 0.19592883305656897 -0.1036639015819163  4.6970415475547558 0.2969676110860871 0.1765741851810656  
6.8848467256801431 0.28505882005457045 -1.074487106195918  6.7119498198504335 0.11203300296504906 -0.93741246211990514  6.4432971652157782 -0.15677392118118486 -0.85043045037837905  7.4023016615857671 0.80268908666222361 -0.12175923480604142  5.0580077372560472 -1.5424596875531902 -1.1197309570420408  7.1969933564769448 0.59712583052647161 0.22591110018858146  6.2202137852349146 -0.37984866576576665 -0.057243473107874601  6.5087007372416767 -0.091280986040562964 0.32108105644390955  6.6447330495493908 0.044854079633721684 0.61973754200766262  
9.213115435082722 0.41341630479339708 -0.43228337463917216  9.0282961521124605 0.22845264945620289 -0.30144540324330427  8.8776785848579731 0.077682829886210655 -0.15274426562628965  9.077697418539767 0.27792187725246648 0.17918261552436895  8.3739496700755662 -0.42634183359080197 0.038867955187216384  9.1572464302182439 0.35740914378725142 0.67571021107087237  8.7657973318368949 -0.03419047359594559 0.69860760283429735  8.962558932253879 0.16267607218780197 1.0289756776769086  9.1170773330391839 0.31731536604096089 1.3373063340876219  

-6.2225396744416139 9
6.2225396744416201 9

-0.71761451692469236 9
0.98903994660138628 9

9 0 0 0 0 8 8 9 9 2 2 0.42852099861011306 116.77155089527805 -0.42427026724371963  0.22992428508328303 116.97010870623724 -0.30061154400165019  0.067433087853267265 117.13250079207084 -0.15806111742939544  0.31740955490950334 116.88271050522232 0.19986132130028905  -0.47428985540897445 117.67419534178148 0.013745073049678647  0.38333039962719556 116.81676561266639 0.68925042716023988  -0.034936481582799203 117.23499818916915 0.69813761400813068  0.1787255173653306 117.02130505577722 1.037234317129895  0.34927876187172674 116.85070215912168 1.3538144913020569  
0.28734303162471259 119.11268080656451 -1.0731638542731845  0.10364712548083053 119.29635384559634 -0.94172642690154695  -0.17918869678971935 119.57904624129461 -0.86207550181760795  0.84523226351033909 118.55509244537235 -0.099512287878521177  -1.5893615051859558 120.98907744894211 -1.1442446861895186  0.61469147354075448 118.78538389874548 0.2351010623782443  -0.39281066191842262 119.79282138145999 -0.064064156059770172  -0.091686063331775397 119.49165185422757 0.32077754812145931  0.056611805463377997 119.34330247658956 0.62572985052226049  
0.64775936830176528 120.95185270026992 -1.4597690848476363  0.49081938471068848 121.10886186027113 -1.3143034082572422  -0.21971990828924881 121.81732228533295 -1.4571595723193302  2.1309562968578981 119.47705684349839 -0.004834206949638758  0.094783660357460511 121.49661115374305 -0.83945613390044882  -0.73682793296667226 122.34225714832772 -1.0434015415312912  0.49893319350925702 121.09873983689855 -0.17474315168549415  0.19221022677339694 121.40775800214035 -0.10578656678629282  0.29975204782764792 121.29999051340499 0.17798218890499304  
1.582379737246522 122.21903315357301 -1.5463452149543961  1.6119989750751575 122.18904185932654 -1.3033586561489749  2.9449870488711158 120.86420299790686 -0.38335447136946493  -1.2359070963119378 125.00580177155011 -2.3294013631878747  3.6785809202051754 120.15898511145134 0.45895250229521772  2.0201245043733125 121.7551851371942 -0.19024077781728965  0.93232575907536852 122.8777910621567 -0.51554519857737113  1.0476452650814463 122.75235367399783 -0.23416252292934048  1.0348703042761098 122.76550998518886 -0.013816382903184377  
2.4526082951834081 123.54489216413569 -1.6666776221626967  2.2370666843242795 123.76124068397547 -1.5521916935801376  0.54301308169912033 125.43938772888444 -2.2011725522669199  6.0153449113046031 120.04312026699299 0.86214075696423997  -0.40881170443960163 126.33261994249341 -2.2494699095273019  1.8884594262960421 124.16456857059978 -0.80951048058017971  2.4585651966498627 123.52028151145615 -0.30828678698146084  2.2900733615717943 123.70956976351002 -0.15874210762299953  2.2689826161219608 123.72990077104089 0.058378980578723982  
3.7851932025742481 124.41715468081517 -1.5446682705418757  3.8115291408734318 124.38972735973664 -1.3029887577936128  5.1090283941290471 123.11075988062041 -0.40858334238575444  1.0440263453502487 127.09013351677579 -2.2756854402405549  5.841374034089668 122.44829556733828 0.43165162920701944  4.189215335106967 123.945287690735 -0.20698663364185671  3.1508512234695996 125.07481546813248 -0.50386889189651407  3.24610502290908 124.95405543169885 -0.23507522812575304  3.2340017266795993 124.96671870850614 -0.014578051484398764  
5.0457404657457134 125.3533012782508 -1.4609615208268709  4.8923738968004731 125.50729379398044 -1.3139595944119788  4.2212265247698166 126.16590970490711 -1.4302064031101007  6.4218668859528174 124.0201252734349 -0.072767673378024089  4.5360343909373722 125.803238909626 -0.80922735422464942  3.6833896796763383 126.76237138636606 -1.0338002750875661  4.8825817203097568 125.49956981540319 -0.1844959356894573  4.5936799466580727 125.80642225678812 -0.1049895806063094  4.7004154717180011 125.6992485665007 0.17852018420816704  
6.886064147557371 125.71397720719054 -1.0738259114939521  6.7028305525232064 125.8972236108909 -0.9421540542742568  6.4127016982581431 126.19051258338044 -0.86742668548707724  7.4625102938543284 125.12798529978801 -0.087633776281537998  4.9901287204247247 127.6225630269787 -1.1577814021421808  7.2284384065230052 125.36225837614253 0.24338334957393132  6.2065004436542157 126.39687887940877 -0.064434996389384949  6.5085332775357578 126.09127196646548 0.32088518881339156  6.6557361738727199 125.94396702958454 0.62527592871047077  
9.228394909927081 125.57170872706266 -0.42429922483077975  9.0311626014621353 125.76896309955853 -0.29994913870947876  8.8622745269386503 125.93969708784903 -0.16151190354042402  9.1579760815607028 125.63598052119387 0.22314340914380484  8.2863624708641836 126.52239313874207 -0.0090710267269217063  9.1997426814169856 125.59352563366109 0.69901134982945934  8.7625303706639226 126.03976488818022 0.69659151348141191  8.9768209850826821 125.82288841831512 1.0363495028704097  9.1461091506788854 125.65348209688132 1.3522899472890053  

-6.2225396744415944 9
6.2225396744416441 9

-0.71761451692469924 9
0.9890399466013885 9

2 6.5274724934963677 6.5274724934963677 5.2219779947970952 0.3481553119113957 0.34815531191139582 -0.8703882797784892 -0.9284766908852593 2.7755575615628907e-17 -0.37139067635410378 0.12930163676704723 -0.93743686656109215 -0.32325409191761811 8
2 6.5274724934963677 119.47252750650364 5.2219779947971015 0.3481553119113957 -0.34815531191139559 -0.8703882797784892 -0.9284766908852593 -1.3877787807814457e-17 -0.37139067635410372 0.12930163676704715 0.93743686656109215 -0.32325409191761789 8
2 15.416263691415207 10.000000000000004 -17 0 1 1.1102230246251565e-16 -0.9284766908852593 4.1232648001943564e-17 -0.37139067635410372 0.37139067635410372 1.0308162000485891e-16 -0.9284766908852593 8
1 0 0 10 0 0 1 1 0 -0 -0 1 0 
2 7.9999999999999982 7.9999999999999982 0 0 0 1 -1 -0 0 0 -1 0 8
2 7.9999999999999982 118 0 0 0 1 -1 -0 0 -0 1 -0 8
1 0 0 0 0 -0.37139067635410372 0.9284766908852593 0 0.9284766908852593 0.37139067635410372 -1 0 0 
1 0 0 126 0 0.37139067635410372 0.9284766908852593 0 0.9284766908852593 -0.37139067635410372 -1 0 0 
4 15.416263691415207 15.416263691415208 -17 0.92847669088525919 0 0.37139067635410417 0.12930163676704734 -0.93743686656109204 -0.32325409191761795 0.34815531191139609 0.34815531191139576 -0.87038827977848898 8
4 15.416263691415208 110.58373630858479 -16.999999999999993 6.6613381477509383e-16 -0.92847669088525975 0.37139067635410278 -0.93743686656109226 -0.12930163676704737 -0.32325409191761773 0.34815531191139548 -0.34815531191139459 -0.87038827977848965 8
1 0 25 0 -0 1 0 0 0 1 1 0 -0 
1 0 0 0 -0 1 0 0 0 1 1 0 -0 
1 0 126 0 -0 1 0 0 0 1 1 0 -0 
2 88 7.9999999999999982 0 0 0 1 0 -1 0 1 0 -0 8
2 88 118 0 0 0 1 0 1 0 1 -0 -0 8
1 96 0 0 1 0 -0 0 0 1 0 -1 0 
9 0 0 0 0 8 8 9 9 2 2 86.785426376065729 0.41465456537962492 -0.43151857422845874  86.970908386605615 0.22911758158405493 -0.30102771119309141  87.126728379789654 0.073198324579643564 -0.15504398641675471  86.893965271834219 0.30614755206209404 0.19399826664065956  87.662163095430031 -0.46227298227635927 0.02000022548146373  86.821875866120436 0.37820636189612938 0.68660068652161399  87.239277401643392 -0.03921459287507497 0.69588981115601756  87.035840551315857 0.16424096141266253 1.0296630365733808  86.879129365800281 0.32098696643172042 1.3390192933737199  
89.115977356877934 0.28405280064471378 -1.0748861903766347  89.289821490970354 0.11017105760560482 -0.93831356889530015  89.568117139059709 -0.1682748393048196 -0.8563630843295279  88.569592675786765 0.83075380483944006 -0.1070684276034197  90.977487946261448 -1.5778093476624715 -1.1382260177449404  88.78129554866706 0.61876874258471704 0.23725673433966965  89.786785303409744 -0.38678343079516947 -0.060923947436578481  89.491721126512687 -0.091719573495717355 0.32076134647290777  89.354202387432977 0.04582650475120946 0.62008752123164634  
90.953736098488875 0.64628829236798435 -1.46063036718751  91.10762564793842 0.49241145803726749 -1.3136182521406463  91.842139965444872 -0.2424564908633646 -1.4703353463446922  89.474059947588486 2.1272751713493334 -0.0039510269018854256  91.447947817268116 0.15122247220081594 -0.81111703294067727  92.372778898886722 -0.77205431396628055 -1.0635667109051399  91.0824857584727 0.51701909803364676 -0.16395345598579014  91.40517874830482 0.19490514651658208 -0.10446660688095018  91.303871388738273 0.29618783556643663 0.17591596825030226  
92.21621068926224 1.5837232570884019 -1.5453979752733544  92.170466706043655 1.6294077701997831 -1.2939255677056205  90.78585722125284 3.0145358798266124 -0.34155724483626693  95.067937790292703 -1.270388566167215 -2.3588245064812128  90.428658076351539 3.3762071047674085 0.30597952746601947  91.595251434121678 2.1999128844290614 -0.089971962007217313  92.901217335862924 0.9014506697264747 -0.53662627283218001  92.727925048051375 1.0716467192535915 -0.22131176721087559  92.751662359221669 1.0480369963815399 -0.0062402269172574564  
93.550530845963038 2.4494158073110541 -1.6685536403225691  93.783751486756728 2.2162189409394157 -1.5632563847716736  95.56280467008088 0.43746032401214702 -2.2674089851976822  90.008290525680934 5.9951451923158743 0.87412273427712461  96.210397753706161 -0.21902435893767544 -2.1619497078440997  94.305227805655079 1.7053486835165896 -0.91448006831427131  93.522472607613793 2.471989859081575 -0.2932108745088316  93.73602241480711 2.2644724948204416 -0.17256479005055353  93.749190965162114 2.2511773003735303 0.047972633273220676  
94.411656276007037 3.7884795489549861 -1.5429621162041949  94.366748774759486 3.8334222157127038 -1.291889898335135  93.065842861915797 5.1332925158314735 -0.38333517736009737  97.338655033763672 0.85874774633500728 -2.3981209295572405  92.413782029915538 5.7947594491882599 0.4230007956229479  94.249779215369244 3.938553270025591 -0.33228618238455604  95.035371366152162 3.1707154068665782 -0.50013630395981434  94.946646834108591 3.2530262800828167 -0.23118657933914799  94.957221829731878 3.2425306271863321 -0.0092720358529147159  
95.356295153408695 5.043696740741721 -1.4619391025811739  95.505918336917716 4.8940426879587609 -1.3127141277722352  96.156572529954332 4.2441067376488135 -1.4258932660531487  93.953586517537417 6.4466021571764802 -0.043553720789059225  96.608483913814979 3.7877154473783303 -1.2129037436682164  96.098167090312046 4.3075285201443592 -0.70696378322429021  95.636920062195315 4.7599768836374636 -0.24646246169763841  95.775416623811793 4.6247531045079242 -0.088787492402565005  95.688041992437377 4.712081149561957 0.18433352128893765  
95.717200722288283 6.8827588068108039 -1.0755675296565259  95.877550993804192 6.7224368743914713 -0.93191950615821417  96.114018194651706 6.485743960322174 -0.82789814584204846  95.32310067257427 7.2775797541215033 -0.18784653571006327  97.201369319648862 5.3977796815346677 -0.94091384491435048  95.57400632699833 7.0264316535678102 0.13594242409853141  96.300057054617142 6.2998894948935584 -0.015293762361358511  96.083387504066096 6.5166197501888901 0.32508711387796968  95.967583098481981 6.6324106681452513 0.61304951319686707  
95.614122610056498 9.1857998641324379 -0.44658275061134656  95.781725036323493 9.0182382752154417 -0.30671582355317306  95.896589401120465 8.903336042644435 -0.13909605605676853  95.761984327380802 9.0382712470367021 0.1580862657279182  96.421136051129352 8.3786265299624798 0.041893033639273526  95.652838723148506 9.1472122006113867 0.6700453410442021  96.07144265744391 8.7285190607154366 0.67920949832763877  95.889916335861614 8.9100469572015282 1.00134925988336  95.759810314724703 9.0401374302940418 1.2967850350448753  

-6.2225396744416077 9
6.2225396744416317 9

-0.71761451692469458 9
0.98903994660138872 9

2 89.472527506503639 6.5274724934963677 5.2219779947970917 -0.3481553119113957 0.34815531191139582 -0.8703882797784892 0 -0.92847669088525919 -0.37139067635410389 0.93743686656109215 0.12930163676704726 -0.32325409191761795 8
2 10 15.416263691415208 -17 1 0 0 0 1.1102230246251565e-16 -1 0 -1 -1.1102230246251565e-16 8
9 0 0 0 0 8 8 9 9 2 2 95.614014332371525 116.81404938139896 -0.44648730014897453  95.781777955135794 116.98177121291963 -0.30672228197576801  95.895208780989336 117.09419834891044 -0.1380345855754328  95.764911861121419 116.97041628230156 0.15414766402854704  96.421275818829159 117.61037350110398 0.046555030430691799  95.650226437471716 116.86003647920066 0.66699723475950079  96.072803724531909 117.26931182736709 0.68011510373036788  95.889723010021655 117.08985546530887 1.0014713393504675  95.75950340821565 116.95959954294017 1.2969744069010911  
95.717126431336496 119.11714271500726 -1.0754434329232143  95.877566589749421 119.27754468812019 -0.93185848155012185  96.113093048603176 119.5115686758553 -0.82687765389344248  95.321244019882343 118.72914703394835 -0.1905527979690993  97.206403103673765 120.59214942067383 -0.93696161999132876  95.569259408106376 118.98147755765434 0.13286826597292389  96.301915573979869 119.69734753342044 -0.014364460391479662  96.083299238490142 119.48345684325594 0.32515486873947469  95.967399193471266 119.36750889197748 0.61318162020099654  
95.356221546671151 120.95638698932063 -1.4619818798864934  95.50609421156723 121.10661939353663 -1.3127849921993784  96.169625215800082 121.77215762659856 -1.4322881642487124  93.932607825290106 119.50130366407605 -0.0227330010449199  96.612616622669648 122.28288761607291 -1.2389300631420008  96.110467979814231 121.64342190417082 -0.68890221963586495  95.629430242408532 121.25446624115142 -0.25201651101532485  95.775786973532604 121.37534366083473 -0.089330323311638232  95.687972595376223 121.28799118518504 0.18368210368565438  
94.411903319094222 122.2114017353535 -1.5430684491555871  94.366889498042127 122.16561232471892 -1.2921147010973266  93.043702939803381 120.84395650965467 -0.37705462204106188  97.374495137984809 125.21772731731512 -2.422686006710554  92.403179903032239 120.09438741624945 0.45754779871322565  94.228534471649354 122.13706033893962 -0.35729836168379936  95.050480615877987 122.8105894276715 -0.49247423863805251  94.945928865498544 122.74611445973316 -0.23015448335852409  94.957431387541533 122.75692339258561 -0.0079960118076135081  
93.55033691062566 123.55082230933883 -1.6683785322164495  93.783562701207515 123.78478173988344 -1.5628511596976613  95.582153069546607 125.58023948841711 -2.2706169849213369  89.975902955545493 119.94021370499723 0.8918849708409371  96.218051787904173 126.3153991719376 -2.1889908935377256  94.327295414467258 124.22811820854918 -0.89289858071958839  93.505908640174667 123.54228063375359 -0.3001170092358123  93.736922583330212 123.73669172397584 -0.17353341612151482  93.74912984520968 123.74965272442398 0.046695224401995757  
92.216271283998864 124.41606745886737 -1.5455073204339427  92.170588669767085 124.37005223967184 -1.2942239373700641  90.776393526342105 122.9774029388515 -0.34077978491825767  95.083034657298128 127.30131287481746 -2.3660103353399888  90.426814766199243 122.57523378913413 0.31855292972358201  91.580947775532209 123.83366713459593 -0.10068148266382605  92.911624224802679 125.09197359854042 -0.53299520812531265  92.727301136512409 124.92768194215564 -0.22080878492317652  92.751489264387274 124.95136910074517 -0.0055123726919967505  
90.953731184560567 125.35377417634353 -1.4605989945008775  91.107632969214634 125.50774988688829 -1.3135483611765606  91.844224105483917 126.24420255677865 -1.4703576336008173  89.470898300643654 123.86566185719332 -0.0025476534373586289  91.447607320369244 125.86022364048665 -0.81388097582315289  92.377022411384573 126.76403844406894 -1.0610172721216764  91.079576428525812 125.48451524421523 -0.16489765789488703  91.405399426947 125.80529095413462 -0.10460191473886324  91.303958664735788 125.70397737478123 0.17573487864837789  
89.115960515638506 125.71593093056723 -1.074877387147295  89.289844472899006 125.88985009163352 -0.93832535566498243  89.568167400912387 126.16833392191518 -0.85639280994342859  88.569474052560196 125.16909746215902 -0.1069991850260455  90.977625529128659 127.57799984776699 -1.1383070703983342  88.781229604350301 125.38111279448302 0.23729792424208784  89.786811180430561 126.38683724496187 -0.060940422798710259  89.491723172837055 126.09171693478129 0.32076024367623823  89.354166000748592 125.95413561728085 0.62010660221470104  
86.785385132772788 125.5853049182883 -0.431496717221381  86.970911832622846 125.77088427443377 -0.30102902837738577  87.126754934063811 125.92683556697118 -0.15506047802209133  86.893847015068005 125.69371189458896 0.19406519186931515  87.662313071149001 126.46246152025637 0.019915554606017471  86.82178776464545 125.62166671374133 0.6866517246171201  87.239289169860967 126.0392482121365 0.69588159576921549  87.035817587026585 125.8357320600758 1.0296755425844086  86.879062469550405 125.67894595888504 1.3390547397824513  

-6.222539674441653 9
6.2225396744415908 9

-0.71761451692474909 9
0.98903994660134176 9

2 89.472527506503653 119.47252750650364 5.2219779947970943 -0.3481553119113957 -0.34815531191139559 -0.8703882797784892 0 0.92847669088525941 -0.37139067635410367 0.93743686656109215 -0.12930163676704717 -0.323254091917618 8
2 10 110.58373630858482 -16.999999999999989 1 0 0 0 0.92847669088525941 -0.37139067635410367 0 -0.37139067635410367 -0.92847669088525941 8
2 80.58373630858479 10.000000000000004 -17 0 1 1.1102230246251565e-16 0 1.1102230246251565e-16 -1 1 -0 -0 8
1 96 0 0 0.9284766908852593 0.37139067635410372 0 -0.37139067635410372 0.9284766908852593 0 0 -0 1 
4 80.58373630858479 15.416263691415216 -17.000000000000004 0 6.6613381477509422e-16 1 1 -4.5099454932378008e-16 3.0042271958382403e-31 -4.5099454932378008e-16 -1 6.6613381477509422e-16 8
4 80.58373630858479 110.5837363085848 -16.999999999999989 0 -0.92847669088525953 0.37139067635410339 0 -0.37139067635410339 -0.92847669088525953 1 0 0 8
Triangulations 0

TShapes 166
Ve
0.057511134914691
-8.88178419700125e-16 1.77635683940025e-15 8
0 0

0101101
*
Ve
0.0583512124974478
0 1.22124532708767e-14 118
0 0

0101101
*
Ed
 1.00000012823076e-07 1 1 0
1  1 0 8 118
2  1 1 0 8 118
2  2 2 8 8 118
0

0101000
+166 10 -165 10 *
Ve
0.057511134914691
0.199209759950221 0.498024399875555 7.6270232870323
0 0

0101101
*
Ed
 0.0323008666903088 1 1 0
1  2 0 0 1
2  3 1 7 0 1
2  4 3 0 0 1
0

0101000
+166 11 -163 11 *
Ve
0.0583512124974478
0.199209759950222 0.498024399875576 118.372976712968
0 0

0101101
*
Ed
 0.0332893118736221 1 1 0
1  3 0 0 1
2  5 1 7 0 1
2  6 4 0 0 1
0

0101000
+165 11 -161 11 *
Ve
1e-07
7.98845016433313 19.9711254108328 15.4162636914152
0 0

0101101
*
Ed
 1e-07 1 1 0
1  4 0 3.15821920825887 25.5311089442203
2  7 1 7 3.15821920825887 25.5311089442203
2  1 5 0 3.15821920825887 25.5311089442203
4 G1 1 7 5 0
0

0101000
+163 11 -159 11 *
Ve
1e-07
7.98845016433313 19.9711254108328 110.583736308585
0 0

0101101
*
Ed
 1e-07 1 1 0
1  5 0 3.15821920825887 25.5311089442203
2  8 1 7 3.15821920825887 25.5311089442203
2  1 6 0 3.15821920825887 25.5311089442203
4 G1 1 7 6 0
0

0101000
+161 11 -157 11 *
Ed
 1e-07 1 1 0
1  6 0 5.41626369141521 100.583736308585
2  9 1 7 5.41626369141521 100.583736308585
2  1 7 0 5.41626369141521 100.583736308585
4 G1 1 7 7 0
0

0101000
+159 11 -157 11 *
Wi

0101100
-164 7 +162 0 -160 0 +158 0 -156 0 +155 0 *
Fa
0  1e-07 1 5

0111000
+154 6 *
Ve
1e-07
-1.77635683940025e-15 -10 8
0 0

0101101
*
Ve
1e-07
-1.77635683940025e-15 -9.99999999999997 118
0 0

0101101
*
Ed
 1e-07 1 1 0
1  7 0 8 118
2  10 2 0 8 118
2  1 8 0 8 118
0

0101000
+152 12 -151 12 *
Ed
 1e-07 1 1 0
1  8 0 8.88178419700125e-16 10
2  11 2 2 8.88178419700125e-16 10
2  1 9 0 8.88178419700125e-16 10
4 G1 2 2 9 0
0

0101000
+166 11 -152 11 *
Ed
 1e-07 1 1 0
1  9 0 1.31006316905768e-14 10
2  12 2 2 1.31006316905768e-14 10
2  1 10 0 1.31006316905768e-14 10
4 G1 2 2 10 0
0

0101000
+165 11 -151 11 *
Wi

0101100
-150 2 -149 0 +148 0 +164 7 *
Fa
0  1e-07 2 0

0111000
+147 6 *
Ve
0.057511134914691
7.6270232870323 0.498024399875554 0.19920975995022
0 0

0101101
*
Ed
 0.0323008666903088 1 1 0
1  10 0 0 1.43242414940979
2  13 3 0 0 1.43242414940979
2  14 5 0 0 1.43242414940979
4 G1 3 0 5 0
0

0101000
+163 11 -145 11 *
Ve
0.057511134914691
8 -3.94430452610505e-31 -1.77635683940025e-15
0 0

0101101
*
Ed
 0.0323008666903088 1 1 0
1  11 0 0 1
2  15 3 0 0 1
2  16 11 7 0 1
0

0101000
+145 11 -143 11 *
Ed
 0.0323008666903088 1 1 0
1  12 0 0 1.5707963267949
2  17 3 0 0 1.5707963267949
2  18 9 0 0 1.5707963267949
4 G1 3 0 9 0
0

0101000
+143 11 -166 11 *
Wi

0101100
+144 0 +162 0 +142 0 +141 0 *
Fa
0  0.0323008666903088 3 0

0111000
+140 0 *
Ve
0.0583512124974478
7.6270232870323 0.498024399875577 125.80079024005
0 0

0101101
*
Ed
 0.0332893118736221 1 1 0
1  13 0 0 1.43242414940979
2  19 4 0 0 1.43242414940979
2  20 6 0 0 1.43242414940979
4 G1 4 0 6 0
0

0101000
+161 11 -138 11 *
Ve
0.0583512124974478
8 1.39888101102769e-14 126
0 0

0101101
*
Ed
 0.0332893118736221 1 1 0
1  14 0 0 1
2  21 4 0 0 1
2  22 12 7 0 1
0

0101000
+138 11 -136 11 *
Ed
 0.0332893118736221 1 1 0
1  15 0 0 1.5707963267949
2  23 4 0 0 1.5707963267949
2  24 10 0 0 1.5707963267949
4 G1 4 0 10 0
0

0101000
+136 11 -165 11 *
Wi

0101100
+137 0 +160 0 +135 0 +134 0 *
Fa
0  0.0332893118736221 4 0

0111000
+133 0 *
Ve
1e-07
15.4162636914152 19.9711254108328 7.98845016433313
0 0

0101101
*
Ed
 1e-07 1 1 0
1  16 0 3.15821920825887 25.5311089442203
2  25 5 0 3.15821920825887 25.5311089442203
2  26 11 7 3.15821920825887 25.5311089442203
4 G1 5 0 11 7
0

0101000
+145 11 -131 11 *
Ed
 1e-07 1 1 0
1  17 0 4.71238898038469 6.14481312979448
2  27 5 0 4.71238898038469 6.14481312979448
2  28 13 0 4.71238898038469 6.14481312979448
4 G1 5 0 13 0
0

0101000
+159 11 -131 11 *
Wi

0101100
+144 0 -158 0 +130 0 -129 0 *
Fa
0  1e-07 5 0

0111000
+128 0 *
Ve
1e-07
15.4162636914152 19.9711254108328 118.011549835667
0 0

0101101
*
Ed
 1e-07 1 1 0
1  18 0 3.15821920825887 25.5311089442203
2  25 6 0 3.15821920825887 25.5311089442203
2  29 12 7 3.15821920825887 25.5311089442203
4 G1 6 0 12 7
0

0101000
+138 11 -126 11 *
Ed
 1e-07 1 1 0
1  19 0 4.71238898038469 6.14481312979448
2  30 6 0 4.71238898038469 6.14481312979448
2  28 14 0 4.71238898038469 6.14481312979448
4 G1 6 0 14 0
0

0101000
+126 11 -157 11 *
Wi

0101100
+137 0 -156 0 +125 0 +124 0 *
Fa
0  1e-07 6 0

0111000
+123 0 *
Ve
1e-07
15.4162636914152 25 15.4162636914152
0 0

0101101
*
Ed
 1e-07 1 1 0
1  20 0 4.71238898038469 5.90267893006722
2  31 7 0 4.71238898038469 5.90267893006722
2  32 13 0 4.71238898038469 5.90267893006722
4 G1 7 0 13 0
0

0101000
+159 11 -121 11 *
Ve
1e-07
15.4162636914152 25 110.583736308585
0 0

0101101
*
Ed
 1e-07 1 1 0
1  21 0 5.41626369141521 100.583736308585
2  33 7 0 5.41626369141521 100.583736308585
2  34 15 7 5.41626369141521 100.583736308585
4 G1 7 0 15 7
0

0101000
+121 11 -119 11 *
Ed
 1e-07 1 1 0
1  22 0 0 1.19028994968253
2  35 7 0 0 1.19028994968253
2  36 14 0 0 1.19028994968253
4 G1 7 0 14 0
0

0101000
+157 11 -119 11 *
Wi

0101100
+120 0 -155 0 +118 0 -117 0 *
Fa
0  1e-07 7 0

0111000
+116 0 *
Ve
1e-07
8 -10 4.4408920985006e-16
0 0

0101101
*
Ed
 1e-07 1 1 0
1  23 0 4.71238898038469 6.28318530717959
2  37 8 2 4.71238898038469 6.28318530717959
2  38 9 0 4.71238898038469 6.28318530717959
0

0101000
+152 11 -114 11 *
Ve
1e-07
8 -9.99999999999997 126
0 0

0101101
*
Ed
 1e-07 1 1 0
1  24 0 1.5707963267949 3.14159265358979
2  39 8 2 1.5707963267949 3.14159265358979
2  40 10 0 1.5707963267949 3.14159265358979
0

0101000
+151 11 -112 11 *
Ve
1e-07
88 -10 4.4408920985006e-16
0 0

0101101
*
Ed
 1e-07 1 1 0
1  25 0 8 88
2  41 8 0 8 88
2  42 16 0 8 88
0

0101000
+114 12 -110 12 *
Ve
1e-07
88 -9.99999999999997 126
0 0

0101101
*
Ed
 1e-07 1 1 0
1  26 0 8 88
2  43 8 0 8 88
2  42 17 0 8 88
0

0101000
+112 12 -108 12 *
Ve
1e-07
96 -10 8
0 0

0101101
*
Ed
 1e-07 1 1 0
1  27 0 0 1.5707963267949
2  44 8 2 0 1.5707963267949
2  45 18 0 0 1.5707963267949
0

0101000
+110 11 -106 11 *
Ve
1e-07
96 -9.99999999999997 118
0 0

0101101
*
Ed
 1e-07 1 1 0
1  28 0 3.14159265358979 4.71238898038469
2  46 8 2 3.14159265358979 4.71238898038469
2  47 19 0 3.14159265358979 4.71238898038469
0

0101000
+108 11 -104 11 *
Ed
 1e-07 1 1 0
1  29 0 8 118
2  48 8 0 8 118
2  10 20 0 8 118
0

0101000
+106 12 -104 12 *
Wi

0101100
-150 2 +113 0 -111 0 +109 2 -107 2 +105 0 -103 0 +102 2 *
Fa
0  1e-07 8 0

0111000
+101 6 *
Ed
 1e-07 1 1 0
1  30 0 0 10
2  49 9 0 0 10
2  50 16 2 0 10
4 G1 9 0 16 2
0

0101000
+143 11 -114 11 *
Wi

0101100
-141 0 +99 0 -149 0 -113 0 *
Fa
0  1e-07 9 0

0111000
+98 0 *
Ed
 1e-07 1 1 0
1  31 0 1.3988810110277e-14 10
2  49 10 0 1.3988810110277e-14 10
2  50 17 2 1.3988810110277e-14 10
4 G1 10 0 17 2
0

0101000
+136 11 -112 11 *
Wi

0101100
-134 0 +96 0 -148 0 -111 0 *
Fa
0  1e-07 10 0

0111000
+95 0 *
Ve
0.0572567402515202
88 -3.94430452610505e-31 -1.77635683940025e-15
0 0

0101101
*
Ed
 1e-07 1 1 0
1  32 0 8 88
2  51 11 0 8 88
2  1 16 8 8 88
0

0101000
+143 10 -93 10 *
Ve
0.0572567402515202
88.3729767129677 0.49802439987556 0.199209759950221
0 0

0101101
*
Ed
 0.0329072232932708 1 1 0
1  33 0 0 1
2  52 11 7 0 1
2  53 21 0 0 1
0

0101000
+91 11 -93 11 *
Ve
1e-07
80.5837363085848 19.9711254108328 7.98845016433314
0 0

0101101
*
Ed
 1e-07 1 1 0
1  34 0 3.15821920825887 25.5311089442203
2  54 11 7 3.15821920825887 25.5311089442203
2  1 22 0 3.15821920825887 25.5311089442203
4 G1 11 7 22 0
0

0101000
+91 11 -89 11 *
Ed
 1e-07 1 1 0
1  35 0 5.41626369141521 70.5837363085848
2  55 11 7 5.41626369141521 70.5837363085848
2  33 23 0 5.41626369141521 70.5837363085848
4 G1 11 7 23 0
0

0101000
+131 11 -89 11 *
Wi

0101100
+92 7 +142 0 -90 0 -130 0 +88 0 -87 0 *
Fa
0  1e-07 11 5

0111000
+86 6 *
Ve
0.0572455864434492
88 1.39888101102769e-14 126
0 0

0101101
*
Ed
 1.0000001398881e-07 1 1 0
1  36 0 8 88
2  51 12 0 8 88
2  56 17 8 8 88
0

0101000
+136 10 -84 10 *
Ve
0.0572455864434492
88.3729767129677 0.498024399875586 125.80079024005
0 0

0101101
*
Ed
 0.0328586083735707 1 1 0
1  37 0 0 1
2  57 12 7 0 1
2  58 24 0 0 1
0

0101000
+82 11 -84 11 *
Ve
1e-07
80.5837363085848 19.9711254108328 118.011549835667
0 0

0101101
*
Ed
 1e-07 1 1 0
1  38 0 3.15821920825888 25.5311089442203
2  59 12 7 3.15821920825888 25.5311089442203
2  1 25 0 3.15821920825888 25.5311089442203
4 G1 12 7 25 0
0

0101000
+82 11 -80 11 *
Ed
 1e-07 1 1 0
1  39 0 5.4162636914152 70.5837363085848
2  60 12 7 5.4162636914152 70.5837363085848
2  1 26 0 5.4162636914152 70.5837363085848
4 G1 12 7 26 0
0

0101000
+126 11 -80 11 *
Wi

0101100
+83 7 +135 0 -81 0 -125 0 +79 0 -78 0 *
Fa
0  1e-07 12 5

0111000
+77 6 *
Ed
 1e-07 1 1 1
2  61 13 0 0 1.21519374381436
0

0101000
+159 11 -159 11 *
Ed
 1e-07 1 1 0
1  40 0 0 1.19028994968253
2  62 13 0 0 1.19028994968253
2  63 23 0 0 1.19028994968253
4 G1 13 0 23 0
0

0101000
+131 11 -121 11 *
Wi

0101100
-129 0 +75 0 +120 0 -74 0 *
Fa
0  1e-07 13 0

0111000
+73 0 *
Ed
 1e-07 1 1 1
2  61 14 0 0 1.21519374381436
0

0101000
+126 11 -126 11 *
Ed
 1e-07 1 1 0
1  41 0 4.71238898038469 5.90267893006722
2  64 14 0 4.71238898038469 5.90267893006722
2  65 26 0 4.71238898038469 5.90267893006722
4 G1 14 0 26 0
0

0101000
+126 11 -119 11 *
Wi

0101100
-124 0 +71 0 +70 0 -117 0 *
Fa
0  1e-07 14 0

0111000
+69 0 *
Ve
1e-07
80.5837363085848 25 15.4162636914152
0 0

0101101
*
Ve
1e-07
80.5837363085848 25 110.583736308585
0 0

0101101
*
Ed
 1e-07 1 1 0
1  42 0 5.41626369141521 100.583736308585
2  66 15 7 5.41626369141521 100.583736308585
2  1 27 0 5.41626369141521 100.583736308585
4 G1 15 7 27 0
0

0101000
+67 11 -66 11 *
Ed
 1e-07 1 1 0
1  43 0 5.41626369141521 70.5837363085848
2  67 15 7 5.41626369141521 70.5837363085848
2  1 23 0 5.41626369141521 70.5837363085848
4 G1 15 7 23 0
0

0101000
+121 11 -67 11 *
Ed
 1e-07 1 1 0
1  44 0 5.41626369141521 70.5837363085848
2  68 15 7 5.41626369141521 70.5837363085848
2  33 26 0 5.41626369141521 70.5837363085848
4 G1 15 7 26 0
0

0101000
+119 11 -66 11 *
Wi

0101100
-65 0 -64 0 +63 0 +118 0 *
Fa
0  1e-07 15 0

0111000
+62 13 *
Ed
 1e-07 1 1 0
1  45 0 0 10
2  69 16 2 0 10
2  1 18 0 0 10
4 G1 16 2 18 0
0

0101000
+93 11 -110 11 *
Wi

0101100
-92 7 +99 0 -60 0 +109 2 *
Fa
0  1e-07 16 0

0111000
+59 6 *
Ed
 1e-07 1 1 0
1  46 0 1.3988810110277e-14 10
2  69 17 2 1.3988810110277e-14 10
2  1 19 0 1.3988810110277e-14 10
4 G1 17 2 19 0
0

0101000
+84 11 -108 11 *
Wi

0101100
-83 7 +96 0 -57 0 +107 2 *
Fa
0  1e-07 17 0

0111000
+56 6 *
Ve
0.0572567402515202
96 1.77635683940025e-15 8
0 0

0101101
*
Ed
 0.0329072232932708 1 1 0
1  47 0 0 1.5707963267949
2  70 18 0 0 1.5707963267949
2  71 21 0 0 1.5707963267949
4 G1 18 0 21 0
0

0101000
+93 11 -54 11 *
Ed
 1e-07 1 1 0
1  48 0 8.88178419700125e-16 10
2  49 18 0 8.88178419700125e-16 10
2  72 20 2 8.88178419700125e-16 10
4 G1 18 0 20 2
0

0101000
+54 11 -106 11 *
Wi

0101100
+53 0 -60 0 +52 0 -105 0 *
Fa
0  1e-07 18 0

0111000
+51 0 *
Ve
0.0572455864434492
96 1.22124532708767e-14 118
0 0

0101101
*
Ed
 0.0328586083735707 1 1 0
1  49 0 0 1.5707963267949
2  73 19 0 0 1.5707963267949
2  74 24 0 0 1.5707963267949
4 G1 19 0 24 0
0

0101000
+84 11 -49 11 *
Ed
 1e-07 1 1 0
1  50 0 1.31006316905768e-14 10
2  49 19 0 1.31006316905768e-14 10
2  12 20 2 1.31006316905768e-14 10
4 G1 19 0 20 2
0

0101000
+49 11 -104 11 *
Wi

0101100
+48 0 -57 0 +47 0 -103 0 *
Fa
0  1e-07 19 0

0111000
+46 0 *
Ed
 1.00000012823076e-07 1 1 0
1  51 0 8 118
2  2 20 8 8 118
2  1 28 0 8 118
0

0101000
+54 10 -49 10 *
Wi

0101100
-102 2 -52 0 +47 0 +44 7 *
Fa
0  1e-07 20 0

0111000
+43 6 *
Ve
0.0572567402515202
95.8007902400498 0.49802439987556 7.6270232870323
0 0

0101101
*
Ed
 0.0329072232932708 1 1 0
1  52 0 0 1
2  75 21 0 0 1
2  76 28 7 0 1
0

0101000
+54 11 -41 11 *
Ed
 0.0329072232932708 1 1 0
1  53 0 0 1.43242414940979
2  77 21 0 0 1.43242414940979
2  78 22 0 0 1.43242414940979
4 G1 21 0 22 0
0

0101000
+41 11 -91 11 *
Wi

0101100
-53 0 -90 0 -40 0 -39 0 *
Fa
0  0.0329072232932708 21 0

0111000
+38 0 *
Ve
1e-07
88.0115498356669 19.9711254108328 15.4162636914152
0 0

0101101
*
Ed
 1e-07 1 1 0
1  54 0 3.15821920825887 25.5311089442203
2  25 22 0 3.15821920825887 25.5311089442203
2  79 28 7 3.15821920825887 25.5311089442203
4 G1 22 0 28 7
0

0101000
+41 11 -36 11 *
Ed
 1e-07 1 1 0
1  55 0 0 1.43242414940979
2  80 22 0 0 1.43242414940979
2  81 29 0 0 1.43242414940979
4 G1 22 0 29 0
0

0101000
+36 11 -89 11 *
Wi

0101100
-39 0 +35 0 -88 0 +34 0 *
Fa
0  1e-07 22 0

0111000
+33 0 *
Ed
 1e-07 1 1 0
1  56 0 4.71238898038469 5.90267893006722
2  82 23 0 4.71238898038469 5.90267893006722
2  83 29 0 4.71238898038469 5.90267893006722
4 G1 23 0 29 0
0

0101000
+67 11 -89 11 *
Wi

0101100
-64 0 -74 0 -31 0 +87 0 *
Fa
0  1e-07 23 0

0111000
+30 0 *
Ve
0.0572455864434492
95.8007902400498 0.498024399875584 118.372976712968
0 0

0101101
*
Ed
 0.0328586083735707 1 1 0
1  57 0 0 1
2  84 24 0 0 1
2  5 28 7 0 1
0

0101000
+49 11 -28 11 *
Ed
 0.0328586083735707 1 1 0
1  58 0 0 1.43242414940979
2  85 24 0 0 1.43242414940979
2  86 25 0 0 1.43242414940979
4 G1 24 0 25 0
0

0101000
+28 11 -82 11 *
Wi

0101100
+48 0 +81 0 +27 0 +26 0 *
Fa
0  0.0328586083735707 24 0

0111000
+25 0 *
Ve
1e-07
88.0115498356669 19.9711254108328 110.583736308585
0 0

0101101
*
Ed
 1e-07 1 1 0
1  59 0 3.15821920825888 25.5311089442203
2  25 25 0 3.15821920825888 25.5311089442203
2  87 28 7 3.15821920825888 25.5311089442203
4 G1 25 0 28 7
0

0101000
+28 11 -23 11 *
Ed
 1e-07 1 1 0
1  60 0 4.71238898038469 6.14481312979448
2  88 25 0 4.71238898038469 6.14481312979448
2  89 30 0 4.71238898038469 6.14481312979448
4 G1 25 0 30 0
0

0101000
+80 11 -23 11 *
Wi

0101100
-26 0 +22 0 -79 0 -21 0 *
Fa
0  1e-07 25 0

0111000
+20 0 *
Ed
 1e-07 1 1 0
1  61 0 4.71238898038469 5.90267893006722
2  90 26 0 4.71238898038469 5.90267893006722
2  91 30 0 4.71238898038469 5.90267893006722
4 G1 26 0 30 0
0

0101000
+80 11 -66 11 *
Wi

0101100
+70 0 -78 0 +63 0 -18 0 *
Fa
0  1e-07 26 0

0111000
+17 0 *
Ed
 1e-07 1 1 0
1  62 0 4.71238898038469 5.90267893006722
2  92 27 0 4.71238898038469 5.90267893006722
2  93 29 0 4.71238898038469 5.90267893006722
4 G1 27 0 29 0
0

0101000
+67 11 -36 11 *
Ed
 1e-07 1 1 0
1  63 0 5.41626369141521 100.583736308585
2  33 27 0 5.41626369141521 100.583736308585
2  9 28 7 5.41626369141521 100.583736308585
4 G1 27 0 28 7
0

0101000
+36 11 -23 11 *
Ed
 1e-07 1 1 0
1  64 0 0 1.19028994968253
2  94 27 0 0 1.19028994968253
2  95 30 0 0 1.19028994968253
4 G1 27 0 30 0
0

0101000
+66 11 -23 11 *
Wi

0101100
+15 0 -65 0 +14 0 -13 0 *
Fa
0  1e-07 27 0

0111000
+12 0 *
Wi

0101100
-44 7 +40 0 -27 0 +35 0 -22 0 +14 0 *
Fa
0  1e-07 28 5

0111000
+10 6 *
Ed
 1e-07 1 1 1
2  61 29 0 0 1.57079632679489
0

0101000
+67 11 -67 11 *
Wi

0101100
-15 0 +8 0 +31 0 -34 0 *
Fa
0  1e-07 29 0

0111000
+7 0 *
Ed
 1e-07 1 1 1
2  61 30 0 0 1.21519374381436
0

0101000
+80 11 -80 11 *
Wi

0101100
-18 0 +5 0 +21 0 -13 0 *
Fa
0  1e-07 30 0

0111000
+4 0 *
Sh

0101100
-153 2 -146 2 +139 0 -132 0 -127 0 +122 0 -115 0 +100 2 +97 0 -94 0 
-85 2 +76 2 +72 0 +68 0 +61 7 -58 2 +55 2 +50 0 -45 0 +42 2 
+37 0 -32 0 -29 0 +24 0 +19 0 -16 0 -11 0 +9 2 -6 0 +3 0 
*
So

1100000
+2 0 *

+1 1 