DBRep_DrawableShape

CASCADE Topology V1, (c) Matra-Datavision
Locations 1949
1
              1               0               0               0 
              0               1               0               0 
              0               0               1               0 
1
              1               0               0               0 
              0               1               0               0 
              0               0               1               0 
1
              1               0               0               0 
              0               1               0               0 
              0               0               1               0 
1
              1               0               0               0 
              0               1               0               0 
              0               0               1               0 
1
              1               0               0               0 
              0               1               0               0 
              0               0               1               0 
1
              1               0               0               0 
              0               1               0               0 
              0               0               1               0 
1
              1               0               0               0 
              0               1               0               0 
              0               0               1               0 
2  2 1 3 -1 4 1 5 -1 6 1 7 -1 0
1
              1               0               0               0 
              0               1               0               0 
              0               0               1               0 
1
              0              -0               1             8.5 
              1               0              -0          -2e-15 
              0               1               0           2e-15 
1
              1               0               0               0 
              0               1               0               0 
              0               0               1               0 
2  9 1 10 1 11 -1 2 1 3 -1 4 1 5 -1 6 1 7 -1 0
2  10 -1 9 -1 0
2  11 1 10 -1 9 -1 0
1
              1               0               0              13 
              0               1               0          -3e-15 
              0               0               1           3e-15 
2  15 -1 11 1 10 -1 9 -1 0
2  9 1 10 1 11 -1 0
2  9 1 10 1 11 -1 15 1 0
2  9 1 10 1 11 -1 15 1 2 1 3 -1 4 1 5 -1 6 1 7 -1 0
1
              1               0               0               0 
              0               1               0               0 
              0               0               1               0 
1
              0              -0               1            21.5 
              1               0              -0          -5e-15 
              0               1               0           5e-15 
2  20 1 21 1 6 -1 5 1 4 -1 3 1 2 -1 15 -1 11 1 10 -1 9 -1 0
2  20 1 21 1 7 -1 0
2  6 1 7 -1 0
1
              1               0               0               0 
              0               1               0               0 
              0               0               1               0 
1
              1               0               0               0 
              0               1               0               0 
              0               0               1               0 
1
              1               0              -0        -2.2e-14 
              0               1               0               0 
              0               0               1            98.7 
2  25 1 26 1 27 1 5 -1 6 1 7 -1 0
2  5 1 27 -1 26 -1 25 -1 0
1
              1               0               0           8e-15 
              0               1               0               0 
              0               0               1             -35 
2  30 -1 5 1 27 -1 26 -1 25 -1 0
2  27 -1 26 -1 25 -1 0
2  2 1 3 -1 4 1 27 -1 26 -1 25 -1 0
2  25 -1 0
1
              1               0               0               0 
              0               1               0               0 
              0               0               1               0 
2  35 1 26 1 27 1 5 -1 6 1 7 -1 0
2  27 -1 26 -1 35 -1 0
2  5 1 27 -1 26 -1 35 -1 0
2  30 -1 5 1 27 -1 26 -1 35 -1 0
2  2 1 3 -1 4 1 27 -1 26 -1 35 -1 0
2  35 -1 0
1
              1               0               0               0 
              0               1               0               0 
              0               0               1               0 
2  42 1 26 1 27 1 5 -1 6 1 7 -1 0
2  5 1 27 -1 26 -1 42 -1 0
2  30 -1 5 1 27 -1 26 -1 42 -1 0
2  27 -1 26 -1 42 -1 0
2  2 1 3 -1 4 1 27 -1 26 -1 42 -1 0
2  42 -1 0
1
              1               0               0               0 
              0               1               0               0 
              0               0               1               0 
1
              1               0               0               0 
              0               1               0               0 
              0               0               1               0 
1
              1               0              -0        -2.2e-14 
              0               1               0               0 
              0               0               1            98.7 
2  49 1 50 1 51 1 3 -1 4 1 5 -1 6 1 7 -1 0
2  3 1 51 -1 50 -1 49 -1 0
1
              1               0               0         1.8e-14 
              0               1               0               0 
              0               0               1             -82 
2  54 -1 3 1 51 -1 50 -1 49 -1 0
2  51 -1 50 -1 49 -1 0
2  2 1 51 -1 50 -1 49 -1 0
2  49 -1 0
2  5 1 4 -1 3 1 51 -1 50 -1 49 -1 0
1
              1               0               0               0 
              0               1               0               0 
              0               0               1               0 
2  60 1 50 1 51 1 3 -1 4 1 5 -1 6 1 7 -1 0
2  3 1 51 -1 50 -1 60 -1 0
2  54 -1 3 1 51 -1 50 -1 60 -1 0
2  51 -1 50 -1 60 -1 0
2  2 1 51 -1 50 -1 60 -1 0
2  60 -1 0
1
              1               0               0               0 
              0               1               0               0 
              0               0               1               0 
2  67 1 50 1 51 1 3 -1 4 1 5 -1 6 1 7 -1 0
2  3 1 51 -1 50 -1 67 -1 0
2  54 -1 3 1 51 -1 50 -1 67 -1 0
2  51 -1 50 -1 67 -1 0
2  2 1 51 -1 50 -1 67 -1 0
2  67 -1 0
1
              1               0               0               0 
              0               1               0               0 
              0               0               1               0 
2  74 1 50 1 51 1 3 -1 4 1 5 -1 6 1 7 -1 0
2  3 1 51 -1 50 -1 74 -1 0
2  54 -1 3 1 51 -1 50 -1 74 -1 0
2  51 -1 50 -1 74 -1 0
2  2 1 51 -1 50 -1 74 -1 0
2  74 -1 0
2  50 1 51 1 3 -1 4 1 5 -1 6 1 7 -1 0
2  3 1 51 -1 50 -1 0
2  54 -1 3 1 51 -1 50 -1 0
2  51 -1 50 -1 0
2  2 1 51 -1 50 -1 0
1
              1               0               0              -5 
              0               1               0           1e-15 
              0               0               1          -1e-15 
2  20 1 21 1 7 -1 86 1 7 1 6 -1 5 1 4 -1 3 1 51 -1 50 -1 0
2  7 1 6 -1 5 1 4 -1 3 1 51 -1 50 -1 0
2  11 -1 0
1
              1               0               0               0 
              0               1               0               0 
              0               0               1               0 
1
              1               0               0               0 
              0               1               0               0 
              0               0               1               0 
1
              1               0               0               0 
              0               1               0               0 
              0               0               1               0 
1
              1               0               0               0 
              0               1               0               0 
              0               0               1               0 
1
              1               0               0               0 
              0               1               0               0 
              0               0               1               0 
1
              1               0               0               0 
              0               1               0               0 
              0               0               1               0 
1
              1               0               0               0 
              0               1               0               0 
              0               0               1               0 
1
              1               0               0               0 
              0               1               0               0 
              0               0               1               0 
1
              1               0               0               0 
              0               1               0               0 
              0               0               1               0 
1
              1               0               0               0 
              0               1               0               0 
              0               0               1               0 
1
              1               0               0               0 
              0               1               0               0 
              0               0               1               0 
2  90 -1 91 1 92 -1 93 1 94 -1 95 -1 96 1 97 -1 98 1 99 -1 100 1 2 -1 15 -1 11 1 10 -1 9 -1 0
1
              1               0               0               0 
              0               1               0               0 
              0               0               1               0 
1
              1               0               0               0 
              0               1               0               0 
              0               0               1               0 
1
              1               0               0               0 
              0               1               0               0 
              0               0               1               0 
1
              1               0               0               0 
              0               1               0               0 
              0               0               1               0 
1
              1               0               0               0 
              0               1               0               0 
              0               0               1               0 
1
              1               0               0               0 
              0               1               0               0 
              0               0               1               0 
1
              1               0               0               0 
              0               1               0               0 
              0               0               1               0 
1
              1               0               0               0 
              0               1               0               0 
              0               0               1               0 
1
              1               0               0               0 
              0               1               0               0 
              0               0               1               0 
1
              1               0               0               0 
              0               1               0               0 
              0               0               1               0 
1
              1               0               0               0 
              0               1               0               0 
              0               0               1               0 
2  102 -1 103 1 104 -1 105 1 106 -1 107 -1 108 1 109 -1 110 1 111 -1 112 1 2 -1 15 -1 11 1 10 -1 9 -1 0
1
              0              -0               1               0 
              1               0              -0               0 
             -0               1               0               0 
1
              1               0               0               0 
              0               1               0               0 
              0               0               1               0 
1
              1               0               0               0 
              0               1               0               0 
              0               0               1               0 
1
              1               0               0               0 
              0               1               0               0 
              0               0               1               0 
1
              1               0               0               0 
              0               1               0               0 
              0               0               1               0 
1
              1               0               0             8.5 
              0               1               0          -2e-15 
              0               0               1           2e-15 
1
              1               0               0               0 
              0               1               0               0 
              0               0               1               0 
1
              1               0               0               0 
              0               1               0               0 
              0               0               1               0 
1
              1               0               0               0 
              0               1               0               0 
              0               0               1               0 
2  114 1 115 1 116 1 117 1 118 -1 119 1 120 1 121 -1 122 1 11 -1 0
1
              1               0               0               0 
              0               1               0               0 
              0               0               1               0 
1
              1               0               0               0 
              0               1               0               0 
              0               0               1               0 
2  124 1 125 -1 116 -1 115 -1 114 -1 0
1
              1               0               0              10 
              0               1               0          -2e-15 
              0               0               1           2e-15 
2  127 -1 124 1 125 -1 116 -1 115 -1 114 -1 0
2  115 -1 114 -1 0
1
              1               0               0               0 
              0               1               0               0 
              0               0               1               0 
1
              1               0               0               0 
              0               1               0               0 
              0               0               1               0 
2  130 1 131 -1 116 -1 115 -1 114 -1 0
1
              1               0               0               7 
              0               1               0          -2e-15 
              0               0               1           2e-15 
2  133 -1 130 1 131 -1 116 -1 115 -1 114 -1 0
1
              1               0               0               0 
              0               1               0               0 
              0               0               1               0 
1
              1               0               0               0 
              0               1               0               0 
              0               0               1               0 
2  135 1 136 -1 116 -1 115 -1 114 -1 0
1
              1               0               0               6 
              0               1               0          -1e-15 
              0               0               1           1e-15 
2  138 -1 135 1 136 -1 116 -1 115 -1 114 -1 0
1
              1               0               0               0 
              0               1               0               0 
              0               0               1               0 
1
              1               0               0               0 
              0               1               0               0 
              0               0               1               0 
2  140 1 141 -1 116 -1 115 -1 114 -1 0
1
              1               0               0               5 
              0               1               0          -1e-15 
              0               0               1           1e-15 
2  143 -1 140 1 141 -1 116 -1 115 -1 114 -1 0
1
              1               0               0               0 
              0               1               0               0 
              0               0               1               0 
1
              1               0               0               0 
              0               1               0               0 
              0               0               1               0 
2  145 1 146 -1 116 -1 115 -1 114 -1 0
1
              1               0               0               5 
              0               1               0          -1e-15 
              0               0               1           1e-15 
2  148 -1 145 1 146 -1 116 -1 115 -1 114 -1 0
1
              1               0               0               0 
              0               1               0               0 
              0               0               1               0 
1
              1               0               0               0 
              0               1               0               0 
              0               0               1               0 
2  150 1 151 -1 116 -1 115 -1 114 -1 0
1
              1               0               0               5 
              0               1               0          -1e-15 
              0               0               1           1e-15 
2  153 -1 150 1 151 -1 116 -1 115 -1 114 -1 0
1
              1               0               0               0 
              0               1               0               0 
              0               0               1               0 
1
              1               0               0               0 
              0               1               0               0 
              0               0               1               0 
1
              1               0               0               0 
              0               1               0               0 
              0               0               1               0 
1
              1               0               0               0 
              0               1               0               0 
              0               0               1               0 
1
              1               0               0               0 
              0               1               0               0 
              0               0               1               0 
1
              1               0               0               0 
              0               1               0               0 
              0               0               1               0 
1
              1               0               0               0 
              0               1               0               0 
              0               0               1               0 
1
              1               0               0               0 
              0               1               0               0 
              0               0               1               0 
1
              1               0               0               0 
              0               1               0               0 
              0               0               1               0 
1
              1               0               0               0 
              0               1               0               0 
              0               0               1               0 
1
              1               0               0               0 
              0               1               0               0 
              0               0               1               0 
1
              1               0               0               0 
              0               1               0               0 
              0               0               1               0 
1
              1               0               0               0 
              0               1               0               0 
              0               0               1               0 
1
              1               0               0               0 
              0               1               0               0 
              0               0               1               0 
1
              1               0               0               0 
              0               1               0               0 
              0               0               1               0 
1
              1               0               0               0 
              0               1               0               0 
              0               0               1               0 
1
              1               0               0               0 
              0               1               0               0 
              0               0               1               0 
1
              1               0               0               0 
              0               1               0               0 
              0               0               1               0 
1
              1               0               0               0 
              0               1               0               0 
              0               0               1               0 
1
              1               0               0               0 
              0               1               0               0 
              0               0               1               0 
1
              1               0               0               0 
              0               1               0               0 
              0               0               1               0 
2  155 -1 156 1 157 1 158 -1 159 1 160 -1 161 1 162 1 163 -1 164 1 165 -1 166 1 167 1 168 1 169 1 170 1 171 -1 172 -1 173 -1 174 -1 175 -1 153 -1 150 1 151 -1 116 -1 115 -1 114 -1 0
1
              1               0               0               0 
              0               1               0               0 
              0               0               1               0 
1
              1               0               0               0 
              0               1               0               0 
              0               0               1               0 
2  155 -1 156 1 157 1 158 -1 159 1 160 -1 161 1 162 1 163 -1 164 1 165 -1 166 1 167 1 168 1 169 1 177 1 178 -1 172 -1 173 -1 174 -1 175 -1 153 -1 150 1 151 -1 116 -1 115 -1 114 -1 0
1
              1               0               0               0 
              0               1               0               0 
              0               0               1               0 
1
              1               0               0               0 
              0               1               0               0 
              0               0               1               0 
1
              1               0               0               0 
              0               1               0               0 
              0               0               1               0 
1
              1               0               0               0 
              0               1               0               0 
              0               0               1               0 
1
              1               0               0               0 
              0               1               0               0 
              0               0               1               0 
1
              1               0               0               0 
              0               1               0               0 
              0               0               1               0 
1
              1               0               0               0 
              0               1               0               0 
              0               0               1               0 
1
              1               0               0               0 
              0               1               0               0 
              0               0               1               0 
1
              1               0               0               0 
              0               1               0               0 
              0               0               1               0 
1
              1               0               0               0 
              0               1               0               0 
              0               0               1               0 
1
              1               0               0               0 
              0               1               0               0 
              0               0               1               0 
1
              1               0               0               0 
              0               1               0               0 
              0               0               1               0 
1
              1               0               0               0 
              0               1               0               0 
              0               0               1               0 
1
              1               0               0               0 
              0               1               0               0 
              0               0               1               0 
2  155 -1 156 1 157 1 158 -1 159 1 160 -1 161 1 162 1 180 -1 181 1 182 -1 183 1 184 1 185 1 186 1 187 1 188 -1 189 -1 190 -1 191 -1 192 -1 193 1 175 -1 153 -1 150 1 151 -1 116 -1 115 -1 114 -1 0
1
              1               0               0               0 
              0               1               0               0 
              0               0               1               0 
1
              1               0               0               0 
              0               1               0               0 
              0               0               1               0 
2  155 -1 156 1 157 1 158 -1 159 1 160 -1 161 1 162 1 180 -1 181 1 182 -1 183 1 184 1 185 1 186 1 195 1 196 -1 189 -1 190 -1 191 -1 192 -1 193 1 175 -1 153 -1 150 1 151 -1 116 -1 115 -1 114 -1 0
1
              1               0               0               0 
              0               1               0               0 
              0               0               1               0 
1
              1               0               0               0 
              0               1               0               0 
              0               0               1               0 
2  198 1 199 -1 116 -1 115 -1 114 -1 0
1
              1               0               0               5 
              0               1               0          -1e-15 
              0               0               1           1e-15 
2  201 -1 198 1 199 -1 116 -1 115 -1 114 -1 0
1
              1               0               0               0 
              0               1               0               0 
              0               0               1               0 
1
              1               0               0               0 
              0               1               0               0 
              0               0               1               0 
1
              1               0               0               0 
              0               1               0               0 
              0               0               1               0 
1
              1               0               0               0 
              0               1               0               0 
              0               0               1               0 
1
              1               0               0               0 
              0               1               0               0 
              0               0               1               0 
1
              1               0               0               0 
              0               1               0               0 
              0               0               1               0 
1
              1               0               0               0 
              0               1               0               0 
              0               0               1               0 
1
              1               0               0               0 
              0               1               0               0 
              0               0               1               0 
1
              1               0               0               0 
              0               1               0               0 
              0               0               1               0 
1
              1               0               0               0 
              0               1               0               0 
              0               0               1               0 
1
              1               0               0               0 
              0               1               0               0 
              0               0               1               0 
1
              1               0               0               0 
              0               1               0               0 
              0               0               1               0 
1
              1               0               0               0 
              0               1               0               0 
              0               0               1               0 
1
              1               0               0               0 
              0               1               0               0 
              0               0               1               0 
1
              1               0               0               0 
              0               1               0               0 
              0               0               1               0 
1
              1               0               0               0 
              0               1               0               0 
              0               0               1               0 
1
              1               0               0               0 
              0               1               0               0 
              0               0               1               0 
1
              1               0               0               0 
              0               1               0               0 
              0               0               1               0 
1
              1               0               0               0 
              0               1               0               0 
              0               0               1               0 
1
              1               0               0               0 
              0               1               0               0 
              0               0               1               0 
1
              1               0               0               0 
              0               1               0               0 
              0               0               1               0 
1
              1               0               0               0 
              0               1               0               0 
              0               0               1               0 
1
              1               0               0               0 
              0               1               0               0 
              0               0               1               0 
2  203 -1 204 1 205 1 206 -1 207 1 208 -1 209 1 210 1 211 -1 212 1 213 -1 214 1 215 1 216 1 217 1 218 1 219 -1 220 -1 221 -1 222 -1 223 -1 224 1 225 -1 201 -1 198 1 199 -1 116 -1 115 -1 114 -1 0
1
              1               0               0               0 
              0               1               0               0 
              0               0               1               0 
1
              1               0               0               0 
              0               1               0               0 
              0               0               1               0 
1
              1               0               0               0 
              0               1               0               0 
              0               0               1               0 
1
              1               0               0               0 
              0               1               0               0 
              0               0               1               0 
1
              1               0               0               0 
              0               1               0               0 
              0               0               1               0 
1
              1               0               0               0 
              0               1               0               0 
              0               0               1               0 
1
              1               0               0               0 
              0               1               0               0 
              0               0               1               0 
1
              1               0               0               0 
              0               1               0               0 
              0               0               1               0 
1
              1               0               0               0 
              0               1               0               0 
              0               0               1               0 
1
              1               0               0               0 
              0               1               0               0 
              0               0               1               0 
1
              1               0               0               0 
              0               1               0               0 
              0               0               1               0 
1
              1               0               0               0 
              0               1               0               0 
              0               0               1               0 
1
              1               0               0               0 
              0               1               0               0 
              0               0               1               0 
1
              1               0               0               0 
              0               1               0               0 
              0               0               1               0 
1
              1               0               0               0 
              0               1               0               0 
              0               0               1               0 
1
              1               0               0               0 
              0               1               0               0 
              0               0               1               0 
1
              1               0               0               0 
              0               1               0               0 
              0               0               1               0 
2  227 -1 228 1 229 1 230 -1 231 1 232 -1 233 1 234 1 235 -1 236 1 237 -1 238 1 239 1 240 1 241 1 242 1 243 -1 220 -1 221 -1 222 -1 223 -1 224 1 225 -1 201 -1 198 1 199 -1 116 -1 115 -1 114 -1 0
1
              1               0               0               0 
              0               1               0               0 
              0               0               1               0 
1
              1               0               0               0 
              0               1               0               0 
              0               0               1               0 
1
              1               0               0               0 
              0               1               0               0 
              0               0               1               0 
1
              1               0               0               0 
              0               1               0               0 
              0               0               1               0 
1
              1               0               0               0 
              0               1               0               0 
              0               0               1               0 
1
              1               0               0               0 
              0               1               0               0 
              0               0               1               0 
1
              1               0               0               0 
              0               1               0               0 
              0               0               1               0 
1
              1               0               0               0 
              0               1               0               0 
              0               0               1               0 
1
              1               0               0               0 
              0               1               0               0 
              0               0               1               0 
1
              1               0               0               0 
              0               1               0               0 
              0               0               1               0 
1
              1               0               0               0 
              0               1               0               0 
              0               0               1               0 
1
              1               0               0               0 
              0               1               0               0 
              0               0               1               0 
1
              1               0               0               0 
              0               1               0               0 
              0               0               1               0 
1
              1               0               0               0 
              0               1               0               0 
              0               0               1               0 
1
              1               0               0               0 
              0               1               0               0 
              0               0               1               0 
1
              1               0               0               0 
              0               1               0               0 
              0               0               1               0 
1
              1               0               0               0 
              0               1               0               0 
              0               0               1               0 
2  245 -1 246 1 247 1 248 -1 249 1 250 -1 251 1 252 1 253 -1 254 1 255 -1 256 1 257 1 258 1 259 1 260 1 261 -1 220 -1 221 -1 222 -1 223 -1 224 1 225 -1 201 -1 198 1 199 -1 116 -1 115 -1 114 -1 0
1
              1               0               0               0 
              0               1               0               0 
              0               0               1               0 
1
              1               0               0               0 
              0               1               0               0 
              0               0               1               0 
1
              1               0               0               0 
              0               1               0               0 
              0               0               1               0 
1
              1               0               0               0 
              0               1               0               0 
              0               0               1               0 
1
              1               0               0               0 
              0               1               0               0 
              0               0               1               0 
1
              1               0               0               0 
              0               1               0               0 
              0               0               1               0 
1
              1               0               0               0 
              0               1               0               0 
              0               0               1               0 
1
              1               0               0               0 
              0               1               0               0 
              0               0               1               0 
1
              1               0               0               0 
              0               1               0               0 
              0               0               1               0 
1
              1               0               0               0 
              0               1               0               0 
              0               0               1               0 
1
              1               0               0               0 
              0               1               0               0 
              0               0               1               0 
1
              1               0               0               0 
              0               1               0               0 
              0               0               1               0 
1
              1               0               0               0 
              0               1               0               0 
              0               0               1               0 
1
              1               0               0               0 
              0               1               0               0 
              0               0               1               0 
2  245 -1 246 1 247 1 263 -1 264 1 265 -1 266 1 267 1 268 -1 269 1 270 -1 271 1 272 1 273 1 274 1 275 1 276 -1 220 -1 221 -1 222 -1 223 -1 224 1 225 -1 201 -1 198 1 199 -1 116 -1 115 -1 114 -1 0
1
              1               0               0               0 
              0               1               0               0 
              0               0               1               0 
1
              1               0               0               0 
              0               1               0               0 
              0               0               1               0 
1
              1               0               0               0 
              0               1               0               0 
              0               0               1               0 
2  245 -1 246 1 247 1 263 -1 264 1 265 -1 266 1 267 1 268 -1 269 1 270 -1 278 1 279 1 280 -1 220 -1 221 -1 222 -1 223 -1 224 1 225 -1 201 -1 198 1 199 -1 116 -1 115 -1 114 -1 0
1
              1               0               0               0 
              0               1               0               0 
              0               0               1               0 
2  245 -1 246 1 247 1 263 -1 264 1 265 -1 266 1 267 1 268 -1 269 1 270 -1 271 1 272 1 273 1 274 1 282 1 280 -1 220 -1 221 -1 222 -1 223 -1 224 1 225 -1 201 -1 198 1 199 -1 116 -1 115 -1 114 -1 0
1
              1               0               0               0 
              0               1               0               0 
              0               0               1               0 
1
              1               0               0               0 
              0               1               0               0 
              0               0               1               0 
1
              1               0               0               0 
              0               1               0               0 
              0               0               1               0 
2  245 -1 246 1 247 1 263 -1 264 1 265 -1 266 1 267 1 268 -1 269 1 270 -1 284 1 285 1 286 -1 220 -1 221 -1 222 -1 223 -1 224 1 225 -1 201 -1 198 1 199 -1 116 -1 115 -1 114 -1 0
1
              1               0               0               0 
              0               1               0               0 
              0               0               1               0 
2  245 -1 246 1 247 1 263 -1 264 1 265 -1 266 1 267 1 268 -1 269 1 270 -1 271 1 272 1 273 1 274 1 288 1 286 -1 220 -1 221 -1 222 -1 223 -1 224 1 225 -1 201 -1 198 1 199 -1 116 -1 115 -1 114 -1 0
1
              1               0               0               0 
              0               1               0               0 
              0               0               1               0 
1
              1               0               0               0 
              0               1               0               0 
              0               0               1               0 
2  290 1 291 -1 116 -1 115 -1 114 -1 0
1
              1               0               0            28.5 
              0               1               0          -6e-15 
              0               0               1           6e-15 
2  293 -1 290 1 291 -1 116 -1 115 -1 114 -1 0
1
              1               0               0               0 
              0               1               0               0 
              0               0               1               0 
1
              1               0               0               0 
              0               1               0               0 
              0               0               1               0 
2  295 1 296 -1 116 -1 115 -1 114 -1 0
1
              1               0               0             8.5 
              0               1               0          -2e-15 
              0               0               1           2e-15 
2  298 -1 295 1 296 -1 116 -1 115 -1 114 -1 0
2  118 1 117 -1 116 -1 115 -1 114 -1 0
2  119 -1 118 1 117 -1 116 -1 115 -1 114 -1 0
2  122 -1 121 1 120 -1 119 -1 118 1 117 -1 116 -1 115 -1 114 -1 0
2  114 -1 0
2  11 -1 15 1 2 1 3 -1 4 1 5 -1 6 1 7 -1 0
2  7 1 21 -1 20 -1 0
2  86 -1 7 1 21 -1 20 -1 0
2  21 -1 20 -1 0
2  11 -1 15 1 2 1 3 -1 4 1 5 -1 6 1 21 -1 20 -1 0
2  4 1 5 -1 6 1 7 -1 86 -1 7 1 21 -1 20 -1 0
2  4 1 5 -1 6 1 7 -1 0
2  5 1 4 -1 0
2  7 1 6 -1 5 1 4 -1 0
2  26 1 27 1 5 -1 0
2  26 1 27 1 5 -1 30 1 0
2  26 1 27 1 5 -1 30 1 5 1 4 -1 0
2  25 1 26 1 27 1 5 -1 30 1 6 1 7 -1 0
2  35 1 26 1 27 1 5 -1 0
2  35 1 26 1 27 1 5 -1 30 1 0
2  4 1 5 -1 0
2  42 1 26 1 27 1 5 -1 0
2  42 1 26 1 27 1 5 -1 30 1 0
1
              1               0               0               0 
              0               1               0               0 
              0               0               1               0 
2  322 -1 7 1 6 -1 5 1 4 -1 0
2  50 1 51 1 3 -1 0
2  50 1 51 1 3 -1 54 1 0
2  49 1 50 1 51 1 3 -1 4 1 5 -1 0
2  49 1 50 1 51 1 3 -1 54 1 4 1 5 -1 0
2  322 -1 7 1 6 -1 5 1 4 -1 54 -1 3 1 51 -1 50 -1 49 -1 0
2  60 1 50 1 51 1 3 -1 0
2  60 1 50 1 51 1 3 -1 54 1 0
2  67 1 50 1 51 1 3 -1 0
2  67 1 50 1 51 1 3 -1 54 1 0
2  74 1 50 1 51 1 3 -1 0
2  74 1 50 1 51 1 3 -1 54 1 0
2  20 1 21 1 7 -1 86 1 0
2  50 1 51 1 3 -1 54 1 4 1 5 -1 6 1 7 -1 0
2  120 1 121 -1 122 1 11 -1 2 1 3 -1 4 1 5 -1 6 1 7 -1 0
2  115 1 116 1 117 1 118 -1 119 1 0
1
              0              -0               1               0 
              1               0              -0               0 
             -0               1               0               0 
1
              1               0               0               0 
              0               1               0               0 
              0               0               1               0 
1
              1               0               0               0 
              0               1               0               0 
              0               0               1               0 
1
              1               0               0               0 
              0               1               0               0 
              0               0               1               0 
1
              1               0               0               0 
              0               1               0               0 
              0               0               1               0 
1
              1               0               0               0 
              0               1               0               0 
              0               0               1               0 
1
              1               0               0               0 
              0               1               0               0 
              0               0               1               0 
1
              1               0               0               0 
              0               1               0               0 
              0               0               1               0 
1
              1               0               0               0 
              0               1               0               0 
              0               0               1               0 
2  339 1 340 1 341 1 342 1 343 -1 344 1 345 -1 346 1 347 1 118 -1 0
1
              1               0               0               0 
              0               1               0               0 
              0               0               1               0 
1
              1               0               0               0 
              0               1               0               0 
              0               0               1               0 
2  349 1 350 -1 341 -1 340 -1 339 -1 0
1
              1               0               0            -1.8 
              0               1               0               0 
              0               0               1              -0 
2  352 -1 349 1 350 -1 341 -1 340 -1 339 -1 0
2  340 -1 339 -1 0
1
              1               0               0               0 
              0               1               0               0 
              0               0               1               0 
1
              1               0               0               0 
              0               1               0               0 
              0               0               1               0 
2  355 1 356 -1 341 -1 340 -1 339 -1 0
1
              1               0               0               0 
              0               1               0               0 
              0               0               1               0 
1
              1               0               0               0 
              0               1               0               0 
              0               0               1               0 
2  358 1 359 -1 341 -1 340 -1 339 -1 0
1
              1               0               0               0 
              0               1               0               0 
              0               0               1               0 
1
              1               0               0               0 
              0               1               0               0 
              0               0               1               0 
2  361 1 362 -1 341 -1 340 -1 339 -1 0
1
              1               0               0               0 
              0               1               0               0 
              0               0               1               0 
1
              1               0               0               0 
              0               1               0               0 
              0               0               1               0 
2  364 1 365 -1 341 -1 340 -1 339 -1 0
1
              1               0               0               0 
              0               1               0               0 
              0               0               1               0 
1
              1               0               0               0 
              0               1               0               0 
              0               0               1               0 
2  367 1 368 -1 341 -1 340 -1 339 -1 0
1
              1               0               0               0 
              0               1               0               0 
              0               0               1               0 
1
              1               0               0               0 
              0               1               0               0 
              0               0               1               0 
2  370 1 371 -1 341 -1 340 -1 339 -1 0
1
              1               0               0            -1.8 
              0               1               0               0 
              0               0               1              -0 
2  373 -1 370 1 371 -1 341 -1 340 -1 339 -1 0
1
              1               0               0               0 
              0               1               0               0 
              0               0               1               0 
1
              1               0               0               0 
              0               1               0               0 
              0               0               1               0 
2  375 1 376 -1 341 -1 340 -1 339 -1 0
1
              1               0               0            -1.8 
              0               1               0               0 
              0               0               1              -0 
2  378 -1 375 1 376 -1 341 -1 340 -1 339 -1 0
1
              1               0               0               0 
              0               1               0               0 
              0               0               1               0 
1
              1               0               0               0 
              0               1               0               0 
              0               0               1               0 
2  380 1 381 -1 341 -1 340 -1 339 -1 0
1
              1               0               0            -1.8 
              0               1               0               0 
              0               0               1              -0 
2  383 -1 380 1 381 -1 341 -1 340 -1 339 -1 0
1
              1               0               0               0 
              0               1               0               0 
              0               0               1               0 
1
              1               0               0               0 
              0               1               0               0 
              0               0               1               0 
2  385 1 386 -1 341 -1 340 -1 339 -1 0
1
              1               0               0            -1.8 
              0               1               0               0 
              0               0               1              -0 
2  388 -1 385 1 386 -1 341 -1 340 -1 339 -1 0
1
              1               0               0               0 
              0               1               0               0 
              0               0               1               0 
1
              1               0               0               0 
              0               1               0               0 
              0               0               1               0 
2  390 1 391 -1 341 -1 340 -1 339 -1 0
1
              1               0               0            -1.8 
              0               1               0               0 
              0               0               1              -0 
2  393 -1 390 1 391 -1 341 -1 340 -1 339 -1 0
1
              1               0               0               0 
              0               1               0               0 
              0               0               1               0 
1
              1               0               0               0 
              0               1               0               0 
              0               0               1               0 
2  395 1 396 -1 341 -1 340 -1 339 -1 0
1
              1               0               0            -1.8 
              0               1               0               0 
              0               0               1              -0 
2  398 -1 395 1 396 -1 341 -1 340 -1 339 -1 0
1
              1               0               0               0 
              0               1               0               0 
              0               0               1               0 
1
              1               0               0               0 
              0               1               0               0 
              0               0               1               0 
2  400 1 401 -1 341 -1 340 -1 339 -1 0
1
              1               0               0            -1.8 
              0               1               0               0 
              0               0               1              -0 
2  403 -1 400 1 401 -1 341 -1 340 -1 339 -1 0
1
              1               0               0               0 
              0               1               0               0 
              0               0               1               0 
1
              1               0               0               0 
              0               1               0               0 
              0               0               1               0 
2  405 1 406 -1 341 -1 340 -1 339 -1 0
1
              1               0               0            -1.8 
              0               1               0               0 
              0               0               1              -0 
2  408 -1 405 1 406 -1 341 -1 340 -1 339 -1 0
1
              1               0               0               0 
              0               1               0               0 
              0               0               1               0 
1
              1               0               0               0 
              0               1               0               0 
              0               0               1               0 
2  410 1 411 -1 341 -1 340 -1 339 -1 0
1
              1               0               0            -1.8 
              0               1               0               0 
              0               0               1              -0 
2  413 -1 410 1 411 -1 341 -1 340 -1 339 -1 0
1
              1               0               0               0 
              0               1               0               0 
              0               0               1               0 
1
              1               0               0               0 
              0               1               0               0 
              0               0               1               0 
2  415 1 416 -1 341 -1 340 -1 339 -1 0
1
              1               0               0            -1.8 
              0               1               0               0 
              0               0               1              -0 
2  418 -1 415 1 416 -1 341 -1 340 -1 339 -1 0
1
              1               0               0               0 
              0               1               0               0 
              0               0               1               0 
1
              1               0               0               0 
              0               1               0               0 
              0               0               1               0 
2  420 1 421 -1 341 -1 340 -1 339 -1 0
1
              1               0               0            -1.8 
              0               1               0               0 
              0               0               1              -0 
2  423 -1 420 1 421 -1 341 -1 340 -1 339 -1 0
1
              1               0               0               0 
              0               1               0               0 
              0               0               1               0 
1
              1               0               0               0 
              0               1               0               0 
              0               0               1               0 
2  425 1 426 -1 341 -1 340 -1 339 -1 0
1
              1               0               0            -1.8 
              0               1               0               0 
              0               0               1              -0 
2  428 -1 425 1 426 -1 341 -1 340 -1 339 -1 0
1
              1               0               0               0 
              0               1               0               0 
              0               0               1               0 
1
              1               0               0               0 
              0               1               0               0 
              0               0               1               0 
2  430 1 431 -1 341 -1 340 -1 339 -1 0
1
              1               0               0            -1.8 
              0               1               0               0 
              0               0               1              -0 
2  433 -1 430 1 431 -1 341 -1 340 -1 339 -1 0
1
              1               0               0               0 
              0               1               0               0 
              0               0               1               0 
1
              1               0               0               0 
              0               1               0               0 
              0               0               1               0 
2  435 1 436 -1 341 -1 340 -1 339 -1 0
1
              1               0               0            -1.8 
              0               1               0               0 
              0               0               1              -0 
2  438 -1 435 1 436 -1 341 -1 340 -1 339 -1 0
1
              1               0               0               0 
              0               1               0               0 
              0               0               1               0 
1
              1               0               0               0 
              0               1               0               0 
              0               0               1               0 
2  440 1 441 -1 341 -1 340 -1 339 -1 0
1
              1               0               0            -1.8 
              0               1               0               0 
              0               0               1              -0 
2  443 -1 440 1 441 -1 341 -1 340 -1 339 -1 0
1
              1               0               0               0 
              0               1               0               0 
              0               0               1               0 
1
              1               0               0               0 
              0               1               0               0 
              0               0               1               0 
2  445 1 446 -1 341 -1 340 -1 339 -1 0
1
              1               0               0            -1.8 
              0               1               0               0 
              0               0               1              -0 
2  448 -1 445 1 446 -1 341 -1 340 -1 339 -1 0
1
              1               0               0               0 
              0               1               0               0 
              0               0               1               0 
1
              1               0               0               0 
              0               1               0               0 
              0               0               1               0 
2  450 1 451 -1 341 -1 340 -1 339 -1 0
1
              1               0               0            -1.8 
              0               1               0               0 
              0               0               1              -0 
2  453 -1 450 1 451 -1 341 -1 340 -1 339 -1 0
1
              1               0               0               0 
              0               1               0               0 
              0               0               1               0 
1
              1               0               0               0 
              0               1               0               0 
              0               0               1               0 
2  455 1 456 -1 341 -1 340 -1 339 -1 0
1
              1               0               0            -1.8 
              0               1               0               0 
              0               0               1              -0 
2  458 -1 455 1 456 -1 341 -1 340 -1 339 -1 0
1
              1               0               0               0 
              0               1               0               0 
              0               0               1               0 
1
              1               0               0               0 
              0               1               0               0 
              0               0               1               0 
2  460 1 461 -1 341 -1 340 -1 339 -1 0
1
              1               0               0            -1.8 
              0               1               0               0 
              0               0               1              -0 
2  463 -1 460 1 461 -1 341 -1 340 -1 339 -1 0
1
              1               0               0               0 
              0               1               0               0 
              0               0               1               0 
1
              1               0               0               0 
              0               1               0               0 
              0               0               1               0 
2  465 1 466 -1 341 -1 340 -1 339 -1 0
1
              1               0               0            -1.8 
              0               1               0               0 
              0               0               1              -0 
2  468 -1 465 1 466 -1 341 -1 340 -1 339 -1 0
1
              1               0               0               0 
              0               1               0               0 
              0               0               1               0 
1
              1               0               0               0 
              0               1               0               0 
              0               0               1               0 
2  470 1 471 -1 341 -1 340 -1 339 -1 0
1
              1               0               0            -1.8 
              0               1               0               0 
              0               0               1              -0 
2  473 -1 470 1 471 -1 341 -1 340 -1 339 -1 0
1
              1               0               0               0 
              0               1               0               0 
              0               0               1               0 
1
              1               0               0               0 
              0               1               0               0 
              0               0               1               0 
2  475 1 476 -1 341 -1 340 -1 339 -1 0
1
              1               0               0               0 
              0               1               0               0 
              0               0               1               0 
1
              1               0               0               0 
              0               1               0               0 
              0               0               1               0 
2  478 1 479 -1 341 -1 340 -1 339 -1 0
1
              1               0               0            -1.8 
              0               1               0               0 
              0               0               1              -0 
2  481 -1 478 1 479 -1 341 -1 340 -1 339 -1 0
1
              1               0               0               0 
              0               1               0               0 
              0               0               1               0 
1
              1               0               0               0 
              0               1               0               0 
              0               0               1               0 
2  483 1 484 -1 341 -1 340 -1 339 -1 0
1
              1               0               0               0 
              0               1               0               0 
              0               0               1               0 
1
              1               0               0               0 
              0               1               0               0 
              0               0               1               0 
2  486 1 487 -1 341 -1 340 -1 339 -1 0
1
              1               0               0               0 
              0               1               0               0 
              0               0               1               0 
1
              1               0               0               0 
              0               1               0               0 
              0               0               1               0 
2  489 1 490 -1 341 -1 340 -1 339 -1 0
1
              1               0               0            -1.8 
              0               1               0               0 
              0               0               1              -0 
2  492 -1 489 1 490 -1 341 -1 340 -1 339 -1 0
1
              1               0               0               0 
              0               1               0               0 
              0               0               1               0 
1
              1               0               0               0 
              0               1               0               0 
              0               0               1               0 
2  494 1 495 -1 341 -1 340 -1 339 -1 0
1
              1               0               0            -1.8 
              0               1               0               0 
              0               0               1              -0 
2  497 -1 494 1 495 -1 341 -1 340 -1 339 -1 0
1
              1               0               0               0 
              0               1               0               0 
              0               0               1               0 
1
              1               0               0               0 
              0               1               0               0 
              0               0               1               0 
2  499 1 500 -1 341 -1 340 -1 339 -1 0
1
              1               0               0            -1.8 
              0               1               0               0 
              0               0               1              -0 
2  502 -1 499 1 500 -1 341 -1 340 -1 339 -1 0
1
              1               0               0               0 
              0               1               0               0 
              0               0               1               0 
1
              1               0               0               0 
              0               1               0               0 
              0               0               1               0 
2  504 1 505 -1 341 -1 340 -1 339 -1 0
1
              1               0               0            -1.8 
              0               1               0               0 
              0               0               1              -0 
2  507 -1 504 1 505 -1 341 -1 340 -1 339 -1 0
1
              1               0               0               0 
              0               1               0               0 
              0               0               1               0 
1
              1               0               0               0 
              0               1               0               0 
              0               0               1               0 
2  509 1 510 -1 341 -1 340 -1 339 -1 0
1
              1               0               0            -1.8 
              0               1               0               0 
              0               0               1              -0 
2  512 -1 509 1 510 -1 341 -1 340 -1 339 -1 0
1
              1               0               0               0 
              0               1               0               0 
              0               0               1               0 
1
              1               0               0               0 
              0               1               0               0 
              0               0               1               0 
2  514 1 515 -1 341 -1 340 -1 339 -1 0
1
              1               0               0            -1.8 
              0               1               0               0 
              0               0               1              -0 
2  517 -1 514 1 515 -1 341 -1 340 -1 339 -1 0
1
              1               0               0               0 
              0               1               0               0 
              0               0               1               0 
1
              1               0               0               0 
              0               1               0               0 
              0               0               1               0 
2  519 1 520 -1 341 -1 340 -1 339 -1 0
1
              1               0               0               0 
              0               1               0               0 
              0               0               1               0 
1
              1               0               0               0 
              0               1               0               0 
              0               0               1               0 
2  522 1 523 -1 341 -1 340 -1 339 -1 0
1
              1               0               0               0 
              0               1               0               0 
              0               0               1               0 
1
              1               0               0               0 
              0               1               0               0 
              0               0               1               0 
2  525 1 526 -1 341 -1 340 -1 339 -1 0
2  343 1 342 -1 341 -1 340 -1 339 -1 0
2  118 1 347 -1 346 -1 345 1 344 -1 343 1 342 -1 341 -1 340 -1 339 -1 0
2  116 1 117 1 347 -1 346 -1 345 1 344 -1 343 1 342 -1 341 -1 340 -1 339 -1 0
2  114 1 115 1 116 1 117 1 118 -1 119 1 0
2  322 -1 0
1
              1               0               0               0 
              0               1               0               0 
              0               0               1               0 
2  533 1 50 1 51 1 3 -1 54 1 4 1 5 -1 6 1 7 -1 0
2  3 1 51 -1 50 -1 533 -1 0
2  54 -1 3 1 51 -1 50 -1 533 -1 0
2  51 -1 50 -1 533 -1 0
2  2 1 51 -1 50 -1 533 -1 0
2  322 -1 7 1 6 -1 5 1 4 -1 54 -1 3 1 51 -1 50 -1 533 -1 0
2  533 -1 0
2  5 -1 30 1 6 1 7 -1 0
2  26 1 27 1 0
1
              1               0               0               0 
              0               1               0               0 
              0               0               1               0 
2  5 1 27 -1 26 -1 543 -1 0
2  30 -1 5 1 27 -1 26 -1 543 -1 0
2  27 -1 26 -1 543 -1 0
2  4 1 5 -1 30 -1 5 1 27 -1 26 -1 543 -1 0
2  543 -1 0
1
              1               0               0               0 
              0               1               0               0 
              0               0               1               0 
2  5 1 27 -1 26 -1 549 -1 0
2  30 -1 5 1 27 -1 26 -1 549 -1 0
2  27 -1 26 -1 549 -1 0
2  4 1 5 -1 30 -1 5 1 27 -1 26 -1 549 -1 0
2  549 -1 0
1
              1               0               0               0 
              0               1               0               0 
              0               0               1               0 
2  5 1 27 -1 26 -1 555 -1 0
2  30 -1 5 1 27 -1 26 -1 555 -1 0
2  27 -1 26 -1 555 -1 0
2  4 1 5 -1 30 -1 5 1 27 -1 26 -1 555 -1 0
2  555 -1 0
2  555 1 26 1 27 1 5 -1 30 1 0
1
              1               0               0               0 
              0               1               0               0 
              0               0               1               0 
2  562 1 50 1 51 1 3 -1 54 1 4 1 5 -1 0
2  3 1 51 -1 50 -1 562 -1 0
2  54 -1 3 1 51 -1 50 -1 562 -1 0
2  51 -1 50 -1 562 -1 0
2  2 1 51 -1 50 -1 562 -1 0
2  562 -1 0
2  3 -1 54 1 4 1 5 -1 6 1 7 -1 0
2  50 1 51 1 0
1
              1               0               0               0 
              0               1               0               0 
              0               0               1               0 
2  3 1 51 -1 50 -1 571 -1 0
2  54 -1 3 1 51 -1 50 -1 571 -1 0
2  51 -1 50 -1 571 -1 0
2  2 1 51 -1 50 -1 571 -1 0
2  571 -1 0
1
              1               0               0               0 
              0               1               0               0 
              0               0               1               0 
2  3 1 51 -1 50 -1 577 -1 0
2  54 -1 3 1 51 -1 50 -1 577 -1 0
2  51 -1 50 -1 577 -1 0
2  2 1 51 -1 50 -1 577 -1 0
2  577 -1 0
2  344 1 345 -1 346 1 347 1 118 -1 0
2  118 1 347 -1 346 -1 345 1 344 -1 0
1
              1               0               0            -1.8 
              0               1               0               0 
              0               0               1              -0 
2  339 1 340 1 341 1 342 1 343 -1 585 1 344 1 345 -1 346 1 347 1 118 -1 0
2  585 -1 343 1 342 -1 341 -1 340 -1 339 -1 0
2  543 1 26 1 27 1 5 -1 30 1 0
2  571 1 50 1 51 1 3 -1 54 1 4 1 5 -1 0
2  549 1 26 1 27 1 5 -1 30 1 0
2  577 1 50 1 51 1 3 -1 54 1 4 1 5 -1 0
2  347 1 118 -1 120 1 121 -1 122 1 11 -1 2 1 3 -1 4 1 5 -1 6 1 7 -1 0
2  344 1 345 -1 346 1 0
2  339 1 340 1 341 1 342 1 343 -1 585 1 344 1 345 -1 346 1 0
1
              1               0               0               0 
              0               1               0               0 
              0               0               1               0 
1
              1               0               0            -1.8 
              0               1               0               0 
              0               0               1              -0 
2  339 1 595 1 341 1 342 1 343 -1 596 1 344 1 345 -1 346 1 0
2  349 1 350 -1 341 -1 595 -1 339 -1 0
2  352 -1 349 1 350 -1 341 -1 595 -1 339 -1 0
2  595 -1 339 -1 0
1
              1               0               0               0 
              0               1               0               0 
              0               0               1               0 
1
              1               0               0               0 
              0               1               0               0 
              0               0               1               0 
1
              1               0               0               0 
              0               1               0               0 
              0               0               1               0 
1
              1               0               0               0 
              0               1               0               0 
              0               0               1               0 
1
              1               0               0               0 
              0               1               0               0 
              0               0               1               0 
1
              1               0               0               0 
              0               1               0               0 
              0               0               1               0 
2  601 1 602 1 603 -1 604 -1 605 1 606 -1 349 1 350 -1 341 -1 595 -1 339 -1 0
1
              1               0               0               0 
              0               1               0               0 
              0               0               1               0 
2  601 1 608 1 603 -1 604 -1 605 1 606 -1 349 1 350 -1 341 -1 595 -1 339 -1 0
2  355 1 356 -1 341 -1 595 -1 339 -1 0
1
              1               0               0            -1.8 
              0               1               0               0 
              0               0               1              -0 
2  611 -1 355 1 356 -1 341 -1 595 -1 339 -1 0
2  358 1 359 -1 341 -1 595 -1 339 -1 0
1
              1               0               0            -1.8 
              0               1               0               0 
              0               0               1              -0 
2  614 -1 358 1 359 -1 341 -1 595 -1 339 -1 0
2  361 1 362 -1 341 -1 595 -1 339 -1 0
1
              1               0               0            -1.8 
              0               1               0               0 
              0               0               1              -0 
2  617 -1 361 1 362 -1 341 -1 595 -1 339 -1 0
2  364 1 365 -1 341 -1 595 -1 339 -1 0
1
              1               0               0            -1.8 
              0               1               0               0 
              0               0               1              -0 
2  620 -1 364 1 365 -1 341 -1 595 -1 339 -1 0
2  367 1 368 -1 341 -1 595 -1 339 -1 0
1
              1               0               0            -1.8 
              0               1               0               0 
              0               0               1              -0 
2  623 -1 367 1 368 -1 341 -1 595 -1 339 -1 0
2  370 1 371 -1 341 -1 595 -1 339 -1 0
2  373 -1 370 1 371 -1 341 -1 595 -1 339 -1 0
2  375 1 376 -1 341 -1 595 -1 339 -1 0
1
              1               0               0            -1.8 
              0               1               0               0 
              0               0               1              -0 
2  628 -1 375 1 376 -1 341 -1 595 -1 339 -1 0
2  380 1 381 -1 341 -1 595 -1 339 -1 0
1
              1               0               0            -1.8 
              0               1               0               0 
              0               0               1              -0 
2  631 -1 380 1 381 -1 341 -1 595 -1 339 -1 0
2  385 1 386 -1 341 -1 595 -1 339 -1 0
1
              1               0               0            -1.8 
              0               1               0               0 
              0               0               1              -0 
2  634 -1 385 1 386 -1 341 -1 595 -1 339 -1 0
2  390 1 391 -1 341 -1 595 -1 339 -1 0
1
              1               0               0            -1.8 
              0               1               0               0 
              0               0               1              -0 
2  637 -1 390 1 391 -1 341 -1 595 -1 339 -1 0
2  395 1 396 -1 341 -1 595 -1 339 -1 0
1
              1               0               0            -1.8 
              0               1               0               0 
              0               0               1              -0 
2  640 -1 395 1 396 -1 341 -1 595 -1 339 -1 0
2  400 1 401 -1 341 -1 595 -1 339 -1 0
2  403 -1 400 1 401 -1 341 -1 595 -1 339 -1 0
2  405 1 406 -1 341 -1 595 -1 339 -1 0
2  410 1 411 -1 341 -1 595 -1 339 -1 0
2  413 -1 410 1 411 -1 341 -1 595 -1 339 -1 0
2  415 1 416 -1 341 -1 595 -1 339 -1 0
1
              1               0               0            -1.8 
              0               1               0               0 
              0               0               1              -0 
2  648 -1 415 1 416 -1 341 -1 595 -1 339 -1 0
2  420 1 421 -1 341 -1 595 -1 339 -1 0
2  423 -1 420 1 421 -1 341 -1 595 -1 339 -1 0
2  425 1 426 -1 341 -1 595 -1 339 -1 0
1
              1               0               0            -1.8 
              0               1               0               0 
              0               0               1              -0 
2  653 -1 425 1 426 -1 341 -1 595 -1 339 -1 0
2  430 1 431 -1 341 -1 595 -1 339 -1 0
1
              1               0               0            -1.8 
              0               1               0               0 
              0               0               1              -0 
2  656 -1 430 1 431 -1 341 -1 595 -1 339 -1 0
2  435 1 436 -1 341 -1 595 -1 339 -1 0
1
              1               0               0            -1.8 
              0               1               0               0 
              0               0               1              -0 
2  659 -1 435 1 436 -1 341 -1 595 -1 339 -1 0
2  440 1 441 -1 341 -1 595 -1 339 -1 0
1
              1               0               0            -1.8 
              0               1               0               0 
              0               0               1              -0 
2  662 -1 440 1 441 -1 341 -1 595 -1 339 -1 0
2  445 1 446 -1 341 -1 595 -1 339 -1 0
1
              1               0               0            -1.8 
              0               1               0               0 
              0               0               1              -0 
2  665 -1 445 1 446 -1 341 -1 595 -1 339 -1 0
2  450 1 451 -1 341 -1 595 -1 339 -1 0
1
              1               0               0            -1.8 
              0               1               0               0 
              0               0               1              -0 
2  668 -1 450 1 451 -1 341 -1 595 -1 339 -1 0
2  455 1 456 -1 341 -1 595 -1 339 -1 0
1
              1               0               0            -1.8 
              0               1               0               0 
              0               0               1              -0 
2  671 -1 455 1 456 -1 341 -1 595 -1 339 -1 0
2  460 1 461 -1 341 -1 595 -1 339 -1 0
1
              1               0               0            -1.8 
              0               1               0               0 
              0               0               1              -0 
2  674 -1 460 1 461 -1 341 -1 595 -1 339 -1 0
2  465 1 466 -1 341 -1 595 -1 339 -1 0
1
              1               0               0            -1.8 
              0               1               0               0 
              0               0               1              -0 
2  677 -1 465 1 466 -1 341 -1 595 -1 339 -1 0
2  470 1 471 -1 341 -1 595 -1 339 -1 0
2  473 -1 470 1 471 -1 341 -1 595 -1 339 -1 0
2  475 1 476 -1 341 -1 595 -1 339 -1 0
1
              1               0               0            -1.8 
              0               1               0               0 
              0               0               1              -0 
2  682 -1 475 1 476 -1 341 -1 595 -1 339 -1 0
2  478 1 479 -1 341 -1 595 -1 339 -1 0
2  481 -1 478 1 479 -1 341 -1 595 -1 339 -1 0
2  483 1 484 -1 341 -1 595 -1 339 -1 0
1
              1               0               0            -1.8 
              0               1               0               0 
              0               0               1              -0 
2  687 -1 483 1 484 -1 341 -1 595 -1 339 -1 0
2  486 1 487 -1 341 -1 595 -1 339 -1 0
1
              1               0               0            -1.8 
              0               1               0               0 
              0               0               1              -0 
2  690 -1 486 1 487 -1 341 -1 595 -1 339 -1 0
2  489 1 490 -1 341 -1 595 -1 339 -1 0
2  492 -1 489 1 490 -1 341 -1 595 -1 339 -1 0
2  494 1 495 -1 341 -1 595 -1 339 -1 0
1
              1               0               0            -1.8 
              0               1               0               0 
              0               0               1              -0 
2  695 -1 494 1 495 -1 341 -1 595 -1 339 -1 0
2  499 1 500 -1 341 -1 595 -1 339 -1 0
1
              1               0               0            -1.8 
              0               1               0               0 
              0               0               1              -0 
2  698 -1 499 1 500 -1 341 -1 595 -1 339 -1 0
2  504 1 505 -1 341 -1 595 -1 339 -1 0
1
              1               0               0            -1.8 
              0               1               0               0 
              0               0               1              -0 
2  701 -1 504 1 505 -1 341 -1 595 -1 339 -1 0
2  509 1 510 -1 341 -1 595 -1 339 -1 0
1
              1               0               0            -1.8 
              0               1               0               0 
              0               0               1              -0 
2  704 -1 509 1 510 -1 341 -1 595 -1 339 -1 0
2  514 1 515 -1 341 -1 595 -1 339 -1 0
2  517 -1 514 1 515 -1 341 -1 595 -1 339 -1 0
2  519 1 520 -1 341 -1 595 -1 339 -1 0
1
              1               0               0            -1.8 
              0               1               0               0 
              0               0               1              -0 
2  709 -1 519 1 520 -1 341 -1 595 -1 339 -1 0
2  522 1 523 -1 341 -1 595 -1 339 -1 0
1
              1               0               0            -1.8 
              0               1               0               0 
              0               0               1              -0 
2  712 -1 522 1 523 -1 341 -1 595 -1 339 -1 0
2  525 1 526 -1 341 -1 595 -1 339 -1 0
1
              1               0               0            -1.8 
              0               1               0               0 
              0               0               1              -0 
2  715 -1 525 1 526 -1 341 -1 595 -1 339 -1 0
2  343 1 342 -1 341 -1 595 -1 339 -1 0
2  596 -1 343 1 342 -1 341 -1 595 -1 339 -1 0
1
              1               0               0               0 
              0               1               0               0 
              0               0               1               0 
1
              1               0               0               0 
              0               1               0               0 
              0               0               1               0 
1
              1               0               0               0 
              0               1               0               0 
              0               0               1               0 
1
              1               0               0               0 
              0               1               0               0 
              0               0               1               0 
1
              1               0               0               0 
              0               1               0               0 
              0               0               1               0 
2  719 1 720 1 721 -1 722 -1 723 1 344 -1 343 1 342 -1 341 -1 595 -1 339 -1 0
1
              1               0               0               0 
              0               1               0               0 
              0               0               1               0 
1
              1               0               0               0 
              0               1               0               0 
              0               0               1               0 
1
              1               0               0               0 
              0               1               0               0 
              0               0               1               0 
1
              1               0               0               0 
              0               1               0               0 
              0               0               1               0 
1
              1               0               0               0 
              0               1               0               0 
              0               0               1               0 
1
              1               0               0               0 
              0               1               0               0 
              0               0               1               0 
1
              1               0               0               0 
              0               1               0               0 
              0               0               1               0 
1
              1               0               0               0 
              0               1               0               0 
              0               0               1               0 
1
              1               0               0               0 
              0               1               0               0 
              0               0               1               0 
1
              1               0               0               0 
              0               1               0               0 
              0               0               1               0 
1
              1               0               0               0 
              0               1               0               0 
              0               0               1               0 
1
              1               0               0               0 
              0               1               0               0 
              0               0               1               0 
1
              1               0               0               0 
              0               1               0               0 
              0               0               1               0 
1
              1               0               0               0 
              0               1               0               0 
              0               0               1               0 
1
              1               0               0               0 
              0               1               0               0 
              0               0               1               0 
1
              1               0               0               0 
              0               1               0               0 
              0               0               1               0 
1
              1               0               0               0 
              0               1               0               0 
              0               0               1               0 
1
              1               0               0               0 
              0               1               0               0 
              0               0               1               0 
1
              1               0               0               0 
              0               1               0               0 
              0               0               1               0 
1
              1               0               0               0 
              0               1               0               0 
              0               0               1               0 
1
              1               0               0               0 
              0               1               0               0 
              0               0               1               0 
1
              1               0               0               0 
              0               1               0               0 
              0               0               1               0 
2  725 -1 726 1 727 1 728 -1 729 1 730 -1 731 1 732 1 733 -1 734 1 735 -1 736 1 737 1 738 1 739 1 740 1 741 -1 742 -1 743 -1 744 -1 745 -1 746 1 721 -1 722 -1 723 1 344 -1 343 1 342 -1 341 -1 595 -1 339 -1 0
1
              1               0               0               0 
              0               1               0               0 
              0               0               1               0 
1
              1               0               0               0 
              0               1               0               0 
              0               0               1               0 
2  725 -1 726 1 727 1 728 -1 729 1 730 -1 731 1 732 1 733 -1 734 1 735 -1 736 1 737 1 738 1 739 1 748 1 749 -1 742 -1 743 -1 744 -1 745 -1 746 1 721 -1 722 -1 723 1 344 -1 343 1 342 -1 341 -1 595 -1 339 -1 0
2  749 -1 742 -1 743 -1 744 -1 745 -1 746 1 721 -1 722 -1 723 1 344 -1 343 1 342 -1 341 -1 595 -1 339 -1 0
1
              1               0               0               0 
              0               1               0               0 
              0               0               1               0 
1
              1               0               0               0 
              0               1               0               0 
              0               0               1               0 
1
              1               0               0               0 
              0               1               0               0 
              0               0               1               0 
1
              1               0               0               0 
              0               1               0               0 
              0               0               1               0 
1
              1               0               0               0 
              0               1               0               0 
              0               0               1               0 
1
              1               0               0               0 
              0               1               0               0 
              0               0               1               0 
1
              1               0               0               0 
              0               1               0               0 
              0               0               1               0 
1
              1               0               0               0 
              0               1               0               0 
              0               0               1               0 
1
              1               0               0               0 
              0               1               0               0 
              0               0               1               0 
1
              1               0               0               0 
              0               1               0               0 
              0               0               1               0 
1
              1               0               0               0 
              0               1               0               0 
              0               0               1               0 
1
              1               0               0               0 
              0               1               0               0 
              0               0               1               0 
1
              1               0               0               0 
              0               1               0               0 
              0               0               1               0 
1
              1               0               0               0 
              0               1               0               0 
              0               0               1               0 
2  725 -1 726 1 727 1 728 -1 729 1 730 -1 731 1 732 1 752 -1 753 1 754 -1 755 1 756 1 757 1 758 1 759 1 760 -1 761 -1 762 -1 763 -1 764 -1 765 1 745 -1 746 1 721 -1 722 -1 723 1 344 -1 343 1 342 -1 341 -1 595 -1 339 -1 0
1
              1               0               0               0 
              0               1               0               0 
              0               0               1               0 
1
              1               0               0               0 
              0               1               0               0 
              0               0               1               0 
2  725 -1 726 1 727 1 728 -1 729 1 730 -1 731 1 732 1 752 -1 753 1 754 -1 755 1 756 1 757 1 758 1 767 1 768 -1 761 -1 762 -1 763 -1 764 -1 765 1 745 -1 746 1 721 -1 722 -1 723 1 344 -1 343 1 342 -1 341 -1 595 -1 339 -1 0
2  768 -1 761 -1 762 -1 763 -1 764 -1 765 1 745 -1 746 1 721 -1 722 -1 723 1 344 -1 343 1 342 -1 341 -1 595 -1 339 -1 0
2  219 -1 220 -1 221 -1 222 -1 223 -1 224 1 225 -1 198 1 347 -1 346 -1 345 1 344 -1 596 -1 343 1 342 -1 341 -1 595 -1 339 -1 0
2  243 -1 220 -1 221 -1 222 -1 223 -1 224 1 225 -1 198 1 347 -1 346 -1 345 1 344 -1 596 -1 343 1 342 -1 341 -1 595 -1 339 -1 0
2  261 -1 220 -1 221 -1 222 -1 223 -1 224 1 225 -1 198 1 347 -1 346 -1 345 1 344 -1 596 -1 343 1 342 -1 341 -1 595 -1 339 -1 0
2  276 -1 220 -1 221 -1 222 -1 223 -1 224 1 225 -1 198 1 347 -1 346 -1 345 1 344 -1 596 -1 343 1 342 -1 341 -1 595 -1 339 -1 0
2  280 -1 220 -1 221 -1 222 -1 223 -1 224 1 225 -1 198 1 347 -1 346 -1 345 1 344 -1 596 -1 343 1 342 -1 341 -1 595 -1 339 -1 0
2  286 -1 220 -1 221 -1 222 -1 223 -1 224 1 225 -1 198 1 347 -1 346 -1 345 1 344 -1 596 -1 343 1 342 -1 341 -1 595 -1 339 -1 0
1
              1               0               0               0 
              0               1               0               0 
              0               0               1               0 
2  777 -1 220 -1 221 -1 222 -1 223 -1 224 1 225 -1 198 1 347 -1 346 -1 345 1 344 -1 596 -1 343 1 342 -1 341 -1 595 -1 339 -1 0
1
              1               0               0               0 
              0               1               0               0 
              0               0               1               0 
1
              1               0               0               0 
              0               1               0               0 
              0               0               1               0 
1
              1               0               0               0 
              0               1               0               0 
              0               0               1               0 
1
              1               0               0               0 
              0               1               0               0 
              0               0               1               0 
2  779 -1 780 -1 781 -1 782 -1 122 -1 121 1 120 -1 118 1 347 -1 346 -1 345 1 344 -1 596 -1 343 1 342 -1 341 -1 595 -1 339 -1 0
1
              1               0               0               0 
              0               1               0               0 
              0               0               1               0 
1
              1               0               0               0 
              0               1               0               0 
              0               0               1               0 
1
              1               0               0               0 
              0               1               0               0 
              0               0               1               0 
1
              1               0               0               0 
              0               1               0               0 
              0               0               1               0 
2  784 -1 785 -1 786 -1 787 -1 122 -1 121 1 120 -1 118 1 347 -1 346 -1 345 1 344 -1 596 -1 343 1 342 -1 341 -1 595 -1 339 -1 0
1
              1               0               0               0 
              0               1               0               0 
              0               0               1               0 
1
              1               0               0               0 
              0               1               0               0 
              0               0               1               0 
1
              1               0               0               0 
              0               1               0               0 
              0               0               1               0 
1
              1               0               0               0 
              0               1               0               0 
              0               0               1               0 
1
              1               0               0               0 
              0               1               0               0 
              0               0               1               0 
1
              1               0               0               0 
              0               1               0               0 
              0               0               1               0 
1
              1               0               0               0 
              0               1               0               0 
              0               0               1               0 
2  789 1 790 -1 791 1 792 -1 793 1 794 -1 795 1 122 -1 121 1 120 -1 118 1 347 -1 346 -1 345 1 344 -1 596 -1 343 1 342 -1 341 -1 595 -1 339 -1 0
1
              1               0               0               0 
              0               1               0               0 
              0               0               1               0 
1
              1               0               0               0 
              0               1               0               0 
              0               0               1               0 
1
              1               0               0               0 
              0               1               0               0 
              0               0               1               0 
2  797 1 798 -1 799 1 794 -1 795 1 122 -1 121 1 120 -1 118 1 347 -1 346 -1 345 1 344 -1 596 -1 343 1 342 -1 341 -1 595 -1 339 -1 0
1
              1               0               0               0 
              0               1               0               0 
              0               0               1               0 
1
              1               0               0               0 
              0               1               0               0 
              0               0               1               0 
1
              1               0               0               0 
              0               1               0               0 
              0               0               1               0 
1
              1               0               0               0 
              0               1               0               0 
              0               0               1               0 
1
              1               0               0               0 
              0               1               0               0 
              0               0               1               0 
1
              1               0               0               0 
              0               1               0               0 
              0               0               1               0 
1
              1               0               0               0 
              0               1               0               0 
              0               0               1               0 
1
              1               0               0               0 
              0               1               0               0 
              0               0               1               0 
2  801 -1 802 1 803 -1 804 1 805 -1 806 1 807 -1 808 1 122 -1 121 1 120 -1 118 1 347 -1 346 -1 345 1 344 -1 596 -1 343 1 342 -1 341 -1 595 -1 339 -1 0
2  95 -1 96 1 97 -1 98 1 99 -1 100 1 2 -1 11 1 122 -1 121 1 120 -1 118 1 347 -1 346 -1 345 1 344 -1 596 -1 343 1 342 -1 341 -1 595 -1 339 -1 0
2  107 -1 108 1 109 -1 110 1 111 -1 112 1 2 -1 11 1 122 -1 121 1 120 -1 118 1 347 -1 346 -1 345 1 344 -1 596 -1 343 1 342 -1 341 -1 595 -1 339 -1 0
2  322 -1 7 1 6 -1 5 1 4 -1 3 1 2 -1 11 1 122 -1 121 1 120 -1 118 1 347 -1 346 -1 345 1 344 -1 596 -1 343 1 342 -1 341 -1 595 -1 339 -1 0
1
              1               0               0               0 
              0               1               0               0 
              0               0               1               0 
1
             -0               0              -1            -1.8 
             -1               0               0               0 
              0               1              -0              -0 
1
              1               0               0               0 
              0               1               0               0 
              0               0               1               0 
1
              1               0               0               0 
              0 -0.104528463267654 0.994521895368273 -31.5925043278086 
              0 -0.994521895368273 -0.104528463267654 83.9539813337442 
2  813 1 814 1 345 -1 815 1 816 1 346 -1 345 1 344 -1 596 -1 343 1 342 -1 341 -1 595 -1 339 -1 0
1
              1               0               0               0 
              0 0.104528463267653 0.994521895368273 -36.1917567115853 
              0 -0.994521895368273 0.104528463267653 72.2049820624599 
2  813 1 814 1 345 -1 815 1 818 1 346 -1 345 1 344 -1 596 -1 343 1 342 -1 341 -1 595 -1 339 -1 0
2  813 1 814 1 345 -1 815 1 818 1 0
2  345 1 814 -1 813 -1 0
1
              1               0               0            -0.7 
              0               1               0               0 
              0               0               1              -0 
2  822 -1 345 1 814 -1 813 -1 0
2  814 -1 813 -1 0
2  344 1 814 -1 813 -1 0
1
              1               0               0               0 
              0 0.978147600733806 -0.207911690817759 12.1653898078143 
              0 0.207911690817759 0.978147600733806 -3.34595235923059 
2  344 1 345 -1 346 1 826 -1 815 -1 345 1 814 -1 813 -1 0
1
              1               0               0               0 
              0 0.913545457642601 -0.4067366430758 24.7605992727228 
              0 0.4067366430758 0.913545457642601 -4.08946086718177 
2  344 1 345 -1 346 1 828 -1 815 -1 345 1 814 -1 813 -1 0
1
              1               0               0               0 
              0 0.809016994374947 -0.587785252292473 37.2351573025881 
              0 0.587785252292473 0.809016994374947 -2.19803063430646 
2  344 1 345 -1 346 1 830 -1 815 -1 345 1 814 -1 813 -1 0
1
              1               0               0               0 
              0 0.669130606358858 -0.743144825477394 49.0438658519347 
              0 0.743144825477394 0.669130606358858 2.2456737621295 
2  344 1 345 -1 346 1 832 -1 815 -1 345 1 814 -1 813 -1 0
1
              1               0               0               0 
              0             0.5 -0.866025403784439 59.6706276926854 
              0 0.866025403784439             0.5 9.04744111674235 
2  344 1 345 -1 346 1 834 -1 815 -1 345 1 814 -1 813 -1 0
1
              1               0               0               0 
              0 0.309016994374947 -0.951056516295154 68.6510023395388 
              0 0.951056516295154 0.309016994374947 17.9100015576346 
2  344 1 345 -1 346 1 836 -1 815 -1 345 1 814 -1 813 -1 0
1
              1               0               0               0 
              0 0.104528463267654 -0.994521895368273 75.5925043278086 
              0 0.994521895368273 0.104528463267654 28.4460186662559 
2  344 1 345 -1 346 1 838 -1 815 -1 345 1 814 -1 813 -1 0
1
              1               0               0               0 
              0 -0.104528463267653 -0.994521895368273 80.1917567115853 
              0 0.994521895368273 -0.104528463267653 40.1950179375401 
2  344 1 345 -1 346 1 840 -1 815 -1 345 1 814 -1 813 -1 0
1
              1               0               0               0 
              0 -0.309016994374947 -0.951056516295154 82.2477500920365 
              0 0.951056516295154 -0.309016994374947 52.6435117253787 
2  344 1 345 -1 346 1 842 -1 815 -1 345 1 814 -1 813 -1 0
1
              1               0               0               0 
              0            -0.5 -0.866025403784439 81.6706276926855 
              0 0.866025403784439            -0.5 65.2474411167423 
2  344 1 345 -1 346 1 844 -1 815 -1 345 1 814 -1 813 -1 0
1
              1               0               0               0 
              0 -0.669130606358858 -0.743144825477394 78.4856125317244 
              0 0.743144825477394 -0.669130606358858 77.4559539168651 
2  344 1 345 -1 346 1 846 -1 815 -1 345 1 814 -1 813 -1 0
1
              1               0               0               0 
              0 -0.809016994374947 -0.587785252292473 72.8319050550858 
              0 0.587785252292473 -0.809016994374947 88.7354795334376 
2  344 1 345 -1 346 1 848 -1 815 -1 345 1 814 -1 813 -1 0
1
              1               0               0               0 
              0 -0.913545457642601 -0.4067366430758 64.9565994089972 
              0 0.4067366430758 -0.913545457642601 98.5930485718466 
2  344 1 345 -1 346 1 850 -1 815 -1 345 1 814 -1 813 -1 0
1
              1               0               0               0 
              0 -0.978147600733806 -0.20791169081776 55.2038842401018 
              0 0.20791169081776 -0.978147600733806 106.597837963249 
2  344 1 345 -1 346 1 852 -1 815 -1 345 1 814 -1 813 -1 0
1
              1               0               0               0 
              0              -1              -0              44 
              0               0              -1           112.4 
2  344 1 345 -1 346 1 854 -1 815 -1 345 1 814 -1 813 -1 0
1
              1               0               0               0 
              0 -0.978147600733806 0.207911690817759 31.8346101921857 
              0 -0.207911690817759 -0.978147600733806 115.745952359231 
2  344 1 345 -1 346 1 856 -1 815 -1 345 1 814 -1 813 -1 0
1
              1               0               0               0 
              0 -0.913545457642601 0.4067366430758 19.2394007272773 
              0 -0.4067366430758 -0.913545457642601 116.489460867182 
2  344 1 345 -1 346 1 858 -1 815 -1 345 1 814 -1 813 -1 0
1
              1               0               0               0 
              0 -0.809016994374947 0.587785252292473 6.76484269741186 
              0 -0.587785252292473 -0.809016994374947 114.598030634306 
2  344 1 345 -1 346 1 860 -1 815 -1 345 1 814 -1 813 -1 0
1
              1               0               0               0 
              0 -0.669130606358858 0.743144825477394 -5.04386585193466 
              0 -0.743144825477394 -0.669130606358858 110.154326237871 
2  344 1 345 -1 346 1 862 -1 815 -1 345 1 814 -1 813 -1 0
1
              1               0               0               0 
              0            -0.5 0.866025403784438 -15.6706276926854 
              0 -0.866025403784438            -0.5 103.352558883258 
2  344 1 345 -1 346 1 864 -1 815 -1 345 1 814 -1 813 -1 0
1
              1               0               0               0 
              0 -0.309016994374947 0.951056516295154 -24.6510023395388 
              0 -0.951056516295154 -0.309016994374947 94.4899984423654 
2  344 1 345 -1 346 1 866 -1 815 -1 345 1 814 -1 813 -1 0
2  344 1 345 -1 346 1 816 -1 815 -1 345 1 814 -1 813 -1 0
2  344 1 345 -1 346 1 818 -1 815 -1 345 1 814 -1 813 -1 0
1
              1               0               0               0 
              0 0.309016994374947 0.951056516295154 -38.2477500920365 
              0 -0.951056516295154 0.309016994374947 59.7564882746213 
2  344 1 345 -1 346 1 870 -1 815 -1 345 1 814 -1 813 -1 0
1
              1               0               0               0 
              0 0.499999999999999 0.866025403784439 -37.6706276926855 
              0 -0.866025403784439 0.499999999999999 47.1525588832577 
2  344 1 345 -1 346 1 872 -1 815 -1 345 1 814 -1 813 -1 0
1
              1               0               0               0 
              0 0.669130606358858 0.743144825477395 -34.4856125317244 
              0 -0.743144825477395 0.669130606358858 34.9440460831349 
2  344 1 345 -1 346 1 874 -1 815 -1 345 1 814 -1 813 -1 0
1
              1               0               0               0 
              0 0.809016994374947 0.587785252292473 -28.8319050550858 
              0 -0.587785252292473 0.809016994374947 23.6645204665624 
2  344 1 345 -1 346 1 876 -1 815 -1 345 1 814 -1 813 -1 0
1
              1               0               0               0 
              0 0.913545457642601 0.406736643075801 -20.9565994089972 
              0 -0.406736643075801 0.913545457642601 13.8069514281535 
2  344 1 345 -1 346 1 878 -1 815 -1 345 1 814 -1 813 -1 0
1
              1               0               0               0 
              0 0.978147600733806 0.20791169081776 -11.2038842401018 
              0 -0.20791169081776 0.978147600733806 5.80216203675084 
2  344 1 345 -1 346 1 880 -1 815 -1 345 1 814 -1 813 -1 0
2  813 1 814 1 345 -1 815 1 870 1 346 -1 345 1 344 -1 596 -1 343 1 342 -1 341 -1 595 -1 339 -1 0
2  813 1 814 1 345 -1 815 1 870 1 0
2  813 1 814 1 345 -1 815 1 872 1 346 -1 345 1 344 -1 596 -1 343 1 342 -1 341 -1 595 -1 339 -1 0
2  813 1 814 1 345 -1 815 1 872 1 0
2  813 1 814 1 345 -1 815 1 874 1 346 -1 345 1 344 -1 596 -1 343 1 342 -1 341 -1 595 -1 339 -1 0
2  813 1 814 1 345 -1 815 1 874 1 0
2  813 1 814 1 345 -1 815 1 876 1 346 -1 345 1 344 -1 596 -1 343 1 342 -1 341 -1 595 -1 339 -1 0
2  813 1 814 1 345 -1 815 1 876 1 0
2  813 1 814 1 345 -1 815 1 878 1 346 -1 345 1 344 -1 596 -1 343 1 342 -1 341 -1 595 -1 339 -1 0
2  813 1 814 1 345 -1 815 1 878 1 0
2  813 1 814 1 345 -1 815 1 880 1 346 -1 345 1 344 -1 596 -1 343 1 342 -1 341 -1 595 -1 339 -1 0
2  813 1 814 1 345 -1 815 1 880 1 0
2  813 1 814 1 344 -1 596 -1 343 1 342 -1 341 -1 595 -1 339 -1 0
2  813 1 814 1 345 -1 346 1 0
2  813 1 814 1 345 -1 815 1 826 1 346 -1 345 1 344 -1 596 -1 343 1 342 -1 341 -1 595 -1 339 -1 0
2  813 1 814 1 345 -1 815 1 826 1 0
2  813 1 814 1 345 -1 815 1 828 1 346 -1 345 1 344 -1 596 -1 343 1 342 -1 341 -1 595 -1 339 -1 0
2  813 1 814 1 345 -1 815 1 828 1 0
2  813 1 814 1 345 -1 815 1 830 1 346 -1 345 1 344 -1 596 -1 343 1 342 -1 341 -1 595 -1 339 -1 0
2  813 1 814 1 345 -1 815 1 830 1 0
2  813 1 814 1 345 -1 815 1 832 1 346 -1 345 1 344 -1 596 -1 343 1 342 -1 341 -1 595 -1 339 -1 0
2  813 1 814 1 345 -1 815 1 832 1 0
2  813 1 814 1 345 -1 815 1 834 1 346 -1 345 1 344 -1 596 -1 343 1 342 -1 341 -1 595 -1 339 -1 0
2  813 1 814 1 345 -1 815 1 834 1 0
2  813 1 814 1 345 -1 815 1 836 1 346 -1 345 1 344 -1 596 -1 343 1 342 -1 341 -1 595 -1 339 -1 0
2  813 1 814 1 345 -1 815 1 836 1 0
2  813 1 814 1 345 -1 815 1 838 1 346 -1 345 1 344 -1 596 -1 343 1 342 -1 341 -1 595 -1 339 -1 0
2  813 1 814 1 345 -1 815 1 838 1 0
2  813 1 814 1 345 -1 815 1 840 1 346 -1 345 1 344 -1 596 -1 343 1 342 -1 341 -1 595 -1 339 -1 0
2  813 1 814 1 345 -1 815 1 840 1 0
2  813 1 814 1 345 -1 815 1 842 1 346 -1 345 1 344 -1 596 -1 343 1 342 -1 341 -1 595 -1 339 -1 0
2  813 1 814 1 345 -1 815 1 842 1 0
2  813 1 814 1 345 -1 815 1 844 1 346 -1 345 1 344 -1 596 -1 343 1 342 -1 341 -1 595 -1 339 -1 0
2  813 1 814 1 345 -1 815 1 844 1 0
2  813 1 814 1 345 -1 815 1 846 1 346 -1 345 1 344 -1 596 -1 343 1 342 -1 341 -1 595 -1 339 -1 0
2  813 1 814 1 345 -1 815 1 846 1 0
2  813 1 814 1 345 -1 815 1 848 1 346 -1 345 1 344 -1 596 -1 343 1 342 -1 341 -1 595 -1 339 -1 0
2  813 1 814 1 345 -1 815 1 848 1 0
2  813 1 814 1 345 -1 815 1 850 1 346 -1 345 1 344 -1 596 -1 343 1 342 -1 341 -1 595 -1 339 -1 0
2  813 1 814 1 345 -1 815 1 850 1 0
2  813 1 814 1 345 -1 815 1 852 1 346 -1 345 1 344 -1 596 -1 343 1 342 -1 341 -1 595 -1 339 -1 0
2  813 1 814 1 345 -1 815 1 852 1 0
2  813 1 814 1 345 -1 815 1 854 1 346 -1 345 1 344 -1 596 -1 343 1 342 -1 341 -1 595 -1 339 -1 0
2  813 1 814 1 345 -1 815 1 854 1 0
2  813 1 814 1 345 -1 815 1 856 1 346 -1 345 1 344 -1 596 -1 343 1 342 -1 341 -1 595 -1 339 -1 0
2  813 1 814 1 345 -1 815 1 856 1 0
2  813 1 814 1 345 -1 815 1 858 1 346 -1 345 1 344 -1 596 -1 343 1 342 -1 341 -1 595 -1 339 -1 0
2  813 1 814 1 345 -1 815 1 858 1 0
2  813 1 814 1 345 -1 815 1 860 1 346 -1 345 1 344 -1 596 -1 343 1 342 -1 341 -1 595 -1 339 -1 0
2  813 1 814 1 345 -1 815 1 860 1 0
2  813 1 814 1 345 -1 815 1 862 1 346 -1 345 1 344 -1 596 -1 343 1 342 -1 341 -1 595 -1 339 -1 0
2  813 1 814 1 345 -1 815 1 862 1 0
2  813 1 814 1 345 -1 815 1 864 1 346 -1 345 1 344 -1 596 -1 343 1 342 -1 341 -1 595 -1 339 -1 0
2  813 1 814 1 345 -1 815 1 864 1 0
2  813 1 814 1 345 -1 815 1 866 1 346 -1 345 1 344 -1 596 -1 343 1 342 -1 341 -1 595 -1 339 -1 0
2  813 1 814 1 345 -1 815 1 866 1 0
2  813 1 814 1 345 -1 815 1 816 1 0
2  339 1 595 1 341 1 342 1 343 -1 344 1 345 -1 346 1 0
2  116 1 199 1 347 -1 346 -1 345 1 344 -1 343 1 342 -1 341 -1 595 -1 339 -1 0
2  203 -1 204 1 205 1 206 -1 207 1 208 -1 209 1 210 1 211 -1 212 1 213 -1 214 1 215 1 216 1 217 1 218 1 219 -1 220 -1 221 -1 222 -1 223 -1 224 1 225 -1 198 1 347 -1 346 -1 345 1 344 -1 343 1 342 -1 341 -1 595 -1 339 -1 0
2  219 -1 220 -1 221 -1 222 -1 223 -1 224 1 225 -1 198 1 347 -1 346 -1 345 1 344 -1 343 1 342 -1 341 -1 595 -1 339 -1 0
2  227 -1 228 1 229 1 230 -1 231 1 232 -1 233 1 234 1 235 -1 236 1 237 -1 238 1 239 1 240 1 241 1 242 1 243 -1 220 -1 221 -1 222 -1 223 -1 224 1 225 -1 198 1 347 -1 346 -1 345 1 344 -1 343 1 342 -1 341 -1 595 -1 339 -1 0
2  243 -1 220 -1 221 -1 222 -1 223 -1 224 1 225 -1 198 1 347 -1 346 -1 345 1 344 -1 343 1 342 -1 341 -1 595 -1 339 -1 0
2  245 -1 246 1 247 1 248 -1 249 1 250 -1 251 1 252 1 253 -1 254 1 255 -1 256 1 257 1 258 1 259 1 260 1 261 -1 220 -1 221 -1 222 -1 223 -1 224 1 225 -1 198 1 347 -1 346 -1 345 1 344 -1 343 1 342 -1 341 -1 595 -1 339 -1 0
2  261 -1 220 -1 221 -1 222 -1 223 -1 224 1 225 -1 198 1 347 -1 346 -1 345 1 344 -1 343 1 342 -1 341 -1 595 -1 339 -1 0
2  245 -1 246 1 247 1 263 -1 264 1 265 -1 266 1 267 1 268 -1 269 1 270 -1 271 1 272 1 273 1 274 1 275 1 276 -1 220 -1 221 -1 222 -1 223 -1 224 1 225 -1 198 1 347 -1 346 -1 345 1 344 -1 343 1 342 -1 341 -1 595 -1 339 -1 0
2  276 -1 220 -1 221 -1 222 -1 223 -1 224 1 225 -1 198 1 347 -1 346 -1 345 1 344 -1 343 1 342 -1 341 -1 595 -1 339 -1 0
2  245 -1 246 1 247 1 263 -1 264 1 265 -1 266 1 267 1 268 -1 269 1 270 -1 278 1 279 1 280 -1 220 -1 221 -1 222 -1 223 -1 224 1 225 -1 198 1 347 -1 346 -1 345 1 344 -1 343 1 342 -1 341 -1 595 -1 339 -1 0
2  245 -1 246 1 247 1 263 -1 264 1 265 -1 266 1 267 1 268 -1 269 1 270 -1 271 1 272 1 273 1 274 1 282 1 280 -1 220 -1 221 -1 222 -1 223 -1 224 1 225 -1 198 1 347 -1 346 -1 345 1 344 -1 343 1 342 -1 341 -1 595 -1 339 -1 0
2  280 -1 220 -1 221 -1 222 -1 223 -1 224 1 225 -1 198 1 347 -1 346 -1 345 1 344 -1 343 1 342 -1 341 -1 595 -1 339 -1 0
2  245 -1 246 1 247 1 263 -1 264 1 265 -1 266 1 267 1 268 -1 269 1 270 -1 284 1 285 1 286 -1 220 -1 221 -1 222 -1 223 -1 224 1 225 -1 198 1 347 -1 346 -1 345 1 344 -1 343 1 342 -1 341 -1 595 -1 339 -1 0
2  245 -1 246 1 247 1 263 -1 264 1 265 -1 266 1 267 1 268 -1 269 1 270 -1 271 1 272 1 273 1 274 1 288 1 286 -1 220 -1 221 -1 222 -1 223 -1 224 1 225 -1 198 1 347 -1 346 -1 345 1 344 -1 343 1 342 -1 341 -1 595 -1 339 -1 0
2  286 -1 220 -1 221 -1 222 -1 223 -1 224 1 225 -1 198 1 347 -1 346 -1 345 1 344 -1 343 1 342 -1 341 -1 595 -1 339 -1 0
1
              1               0               0               0 
              0               1               0               0 
              0               0               1               0 
1
              1               0               0               0 
              0               1               0               0 
              0               0               1               0 
2  245 -1 246 1 247 1 263 -1 264 1 265 -1 266 1 267 1 268 -1 269 1 270 -1 955 1 956 1 777 -1 220 -1 221 -1 222 -1 223 -1 224 1 225 -1 198 1 347 -1 346 -1 345 1 344 -1 343 1 342 -1 341 -1 595 -1 339 -1 0
1
              1               0               0               0 
              0               1               0               0 
              0               0               1               0 
2  245 -1 246 1 247 1 263 -1 264 1 265 -1 266 1 267 1 268 -1 269 1 270 -1 271 1 272 1 273 1 274 1 958 1 777 -1 220 -1 221 -1 222 -1 223 -1 224 1 225 -1 198 1 347 -1 346 -1 345 1 344 -1 343 1 342 -1 341 -1 595 -1 339 -1 0
2  777 -1 220 -1 221 -1 222 -1 223 -1 224 1 225 -1 198 1 347 -1 346 -1 345 1 344 -1 343 1 342 -1 341 -1 595 -1 339 -1 0
2  116 1 117 1 347 -1 346 -1 345 1 344 -1 343 1 342 -1 341 -1 595 -1 339 -1 0
2  779 -1 780 -1 781 -1 782 -1 122 -1 121 1 120 -1 118 1 347 -1 346 -1 345 1 344 -1 343 1 342 -1 341 -1 595 -1 339 -1 0
2  784 -1 785 -1 786 -1 787 -1 122 -1 121 1 120 -1 118 1 347 -1 346 -1 345 1 344 -1 343 1 342 -1 341 -1 595 -1 339 -1 0
2  789 1 790 -1 791 1 792 -1 793 1 794 -1 795 1 122 -1 121 1 120 -1 118 1 347 -1 346 -1 345 1 344 -1 343 1 342 -1 341 -1 595 -1 339 -1 0
2  797 1 798 -1 799 1 794 -1 795 1 122 -1 121 1 120 -1 118 1 347 -1 346 -1 345 1 344 -1 343 1 342 -1 341 -1 595 -1 339 -1 0
2  801 -1 802 1 803 -1 804 1 805 -1 806 1 807 -1 808 1 122 -1 121 1 120 -1 118 1 347 -1 346 -1 345 1 344 -1 343 1 342 -1 341 -1 595 -1 339 -1 0
2  95 -1 96 1 97 -1 98 1 99 -1 100 1 2 -1 11 1 122 -1 121 1 120 -1 118 1 347 -1 346 -1 345 1 344 -1 343 1 342 -1 341 -1 595 -1 339 -1 0
2  107 -1 108 1 109 -1 110 1 111 -1 112 1 2 -1 11 1 122 -1 121 1 120 -1 118 1 347 -1 346 -1 345 1 344 -1 343 1 342 -1 341 -1 595 -1 339 -1 0
2  322 -1 7 1 6 -1 5 1 4 -1 3 1 2 -1 11 1 122 -1 121 1 120 -1 118 1 347 -1 346 -1 345 1 344 -1 343 1 342 -1 341 -1 595 -1 339 -1 0
2  339 -1 0
2  595 1 341 1 342 1 343 -1 0
2  595 1 341 1 342 1 343 -1 596 1 0
2  815 1 816 1 346 -1 345 1 344 -1 596 -1 343 1 342 -1 341 -1 595 -1 339 -1 0
2  219 -1 220 -1 221 -1 222 -1 223 -1 224 1 225 -1 198 1 347 -1 816 -1 815 -1 822 -1 345 1 814 -1 813 -1 0
2  219 -1 220 -1 221 -1 222 -1 223 -1 224 1 225 -1 198 1 347 -1 866 -1 815 -1 822 -1 345 1 814 -1 813 -1 0
2  219 -1 220 -1 221 -1 222 -1 223 -1 224 1 225 -1 198 1 347 -1 864 -1 815 -1 822 -1 345 1 814 -1 813 -1 0
2  219 -1 220 -1 221 -1 222 -1 223 -1 224 1 225 -1 198 1 347 -1 862 -1 815 -1 822 -1 345 1 814 -1 813 -1 0
2  219 -1 220 -1 221 -1 222 -1 223 -1 224 1 225 -1 198 1 347 -1 860 -1 815 -1 822 -1 345 1 814 -1 813 -1 0
2  219 -1 220 -1 221 -1 222 -1 223 -1 224 1 225 -1 198 1 347 -1 858 -1 815 -1 822 -1 345 1 814 -1 813 -1 0
2  219 -1 220 -1 221 -1 222 -1 223 -1 224 1 225 -1 198 1 347 -1 856 -1 815 -1 822 -1 345 1 814 -1 813 -1 0
2  219 -1 220 -1 221 -1 222 -1 223 -1 224 1 225 -1 198 1 347 -1 854 -1 815 -1 822 -1 345 1 814 -1 813 -1 0
2  219 -1 220 -1 221 -1 222 -1 223 -1 224 1 225 -1 198 1 347 -1 852 -1 815 -1 822 -1 345 1 814 -1 813 -1 0
2  219 -1 220 -1 221 -1 222 -1 223 -1 224 1 225 -1 198 1 347 -1 850 -1 815 -1 822 -1 345 1 814 -1 813 -1 0
2  219 -1 220 -1 221 -1 222 -1 223 -1 224 1 225 -1 198 1 347 -1 848 -1 815 -1 822 -1 345 1 814 -1 813 -1 0
2  219 -1 220 -1 221 -1 222 -1 223 -1 224 1 225 -1 198 1 347 -1 846 -1 815 -1 822 -1 345 1 814 -1 813 -1 0
2  219 -1 220 -1 221 -1 222 -1 223 -1 224 1 225 -1 198 1 347 -1 844 -1 815 -1 822 -1 345 1 814 -1 813 -1 0
2  219 -1 220 -1 221 -1 222 -1 223 -1 224 1 225 -1 198 1 347 -1 842 -1 815 -1 822 -1 345 1 814 -1 813 -1 0
2  219 -1 220 -1 221 -1 222 -1 223 -1 224 1 225 -1 198 1 347 -1 840 -1 815 -1 822 -1 345 1 814 -1 813 -1 0
2  219 -1 220 -1 221 -1 222 -1 223 -1 224 1 225 -1 198 1 347 -1 838 -1 815 -1 822 -1 345 1 814 -1 813 -1 0
2  219 -1 220 -1 221 -1 222 -1 223 -1 224 1 225 -1 198 1 347 -1 836 -1 815 -1 822 -1 345 1 814 -1 813 -1 0
2  219 -1 220 -1 221 -1 222 -1 223 -1 224 1 225 -1 198 1 347 -1 834 -1 815 -1 822 -1 345 1 814 -1 813 -1 0
2  219 -1 220 -1 221 -1 222 -1 223 -1 224 1 225 -1 198 1 347 -1 832 -1 815 -1 822 -1 345 1 814 -1 813 -1 0
2  219 -1 220 -1 221 -1 222 -1 223 -1 224 1 225 -1 198 1 347 -1 830 -1 815 -1 822 -1 345 1 814 -1 813 -1 0
2  219 -1 220 -1 221 -1 222 -1 223 -1 224 1 225 -1 198 1 347 -1 828 -1 815 -1 822 -1 345 1 814 -1 813 -1 0
2  219 -1 220 -1 221 -1 222 -1 223 -1 224 1 225 -1 198 1 347 -1 826 -1 815 -1 822 -1 345 1 814 -1 813 -1 0
2  219 -1 220 -1 221 -1 222 -1 223 -1 224 1 225 -1 198 1 347 -1 346 -1 822 -1 345 1 814 -1 813 -1 0
2  219 -1 220 -1 221 -1 222 -1 223 -1 224 1 225 -1 198 1 347 -1 880 -1 815 -1 822 -1 345 1 814 -1 813 -1 0
2  219 -1 220 -1 221 -1 222 -1 223 -1 224 1 225 -1 198 1 347 -1 878 -1 815 -1 822 -1 345 1 814 -1 813 -1 0
2  219 -1 220 -1 221 -1 222 -1 223 -1 224 1 225 -1 198 1 347 -1 876 -1 815 -1 822 -1 345 1 814 -1 813 -1 0
2  219 -1 220 -1 221 -1 222 -1 223 -1 224 1 225 -1 198 1 347 -1 874 -1 815 -1 822 -1 345 1 814 -1 813 -1 0
2  219 -1 220 -1 221 -1 222 -1 223 -1 224 1 225 -1 198 1 347 -1 872 -1 815 -1 822 -1 345 1 814 -1 813 -1 0
2  219 -1 220 -1 221 -1 222 -1 223 -1 224 1 225 -1 198 1 347 -1 870 -1 815 -1 822 -1 345 1 814 -1 813 -1 0
2  219 -1 220 -1 221 -1 222 -1 223 -1 224 1 225 -1 198 1 347 -1 818 -1 815 -1 822 -1 345 1 814 -1 813 -1 0
2  243 -1 220 -1 221 -1 222 -1 223 -1 224 1 225 -1 198 1 347 -1 816 -1 815 -1 822 -1 345 1 814 -1 813 -1 0
2  243 -1 220 -1 221 -1 222 -1 223 -1 224 1 225 -1 198 1 347 -1 866 -1 815 -1 822 -1 345 1 814 -1 813 -1 0
2  243 -1 220 -1 221 -1 222 -1 223 -1 224 1 225 -1 198 1 347 -1 864 -1 815 -1 822 -1 345 1 814 -1 813 -1 0
2  243 -1 220 -1 221 -1 222 -1 223 -1 224 1 225 -1 198 1 347 -1 862 -1 815 -1 822 -1 345 1 814 -1 813 -1 0
2  243 -1 220 -1 221 -1 222 -1 223 -1 224 1 225 -1 198 1 347 -1 860 -1 815 -1 822 -1 345 1 814 -1 813 -1 0
2  243 -1 220 -1 221 -1 222 -1 223 -1 224 1 225 -1 198 1 347 -1 858 -1 815 -1 822 -1 345 1 814 -1 813 -1 0
2  243 -1 220 -1 221 -1 222 -1 223 -1 224 1 225 -1 198 1 347 -1 856 -1 815 -1 822 -1 345 1 814 -1 813 -1 0
2  243 -1 220 -1 221 -1 222 -1 223 -1 224 1 225 -1 198 1 347 -1 854 -1 815 -1 822 -1 345 1 814 -1 813 -1 0
2  243 -1 220 -1 221 -1 222 -1 223 -1 224 1 225 -1 198 1 347 -1 852 -1 815 -1 822 -1 345 1 814 -1 813 -1 0
2  243 -1 220 -1 221 -1 222 -1 223 -1 224 1 225 -1 198 1 347 -1 850 -1 815 -1 822 -1 345 1 814 -1 813 -1 0
2  243 -1 220 -1 221 -1 222 -1 223 -1 224 1 225 -1 198 1 347 -1 848 -1 815 -1 822 -1 345 1 814 -1 813 -1 0
2  243 -1 220 -1 221 -1 222 -1 223 -1 224 1 225 -1 198 1 347 -1 846 -1 815 -1 822 -1 345 1 814 -1 813 -1 0
2  243 -1 220 -1 221 -1 222 -1 223 -1 224 1 225 -1 198 1 347 -1 844 -1 815 -1 822 -1 345 1 814 -1 813 -1 0
2  243 -1 220 -1 221 -1 222 -1 223 -1 224 1 225 -1 198 1 347 -1 842 -1 815 -1 822 -1 345 1 814 -1 813 -1 0
2  243 -1 220 -1 221 -1 222 -1 223 -1 224 1 225 -1 198 1 347 -1 840 -1 815 -1 822 -1 345 1 814 -1 813 -1 0
2  243 -1 220 -1 221 -1 222 -1 223 -1 224 1 225 -1 198 1 347 -1 838 -1 815 -1 822 -1 345 1 814 -1 813 -1 0
2  243 -1 220 -1 221 -1 222 -1 223 -1 224 1 225 -1 198 1 347 -1 836 -1 815 -1 822 -1 345 1 814 -1 813 -1 0
2  243 -1 220 -1 221 -1 222 -1 223 -1 224 1 225 -1 198 1 347 -1 834 -1 815 -1 822 -1 345 1 814 -1 813 -1 0
2  243 -1 220 -1 221 -1 222 -1 223 -1 224 1 225 -1 198 1 347 -1 832 -1 815 -1 822 -1 345 1 814 -1 813 -1 0
2  243 -1 220 -1 221 -1 222 -1 223 -1 224 1 225 -1 198 1 347 -1 830 -1 815 -1 822 -1 345 1 814 -1 813 -1 0
2  243 -1 220 -1 221 -1 222 -1 223 -1 224 1 225 -1 198 1 347 -1 828 -1 815 -1 822 -1 345 1 814 -1 813 -1 0
2  243 -1 220 -1 221 -1 222 -1 223 -1 224 1 225 -1 198 1 347 -1 826 -1 815 -1 822 -1 345 1 814 -1 813 -1 0
2  243 -1 220 -1 221 -1 222 -1 223 -1 224 1 225 -1 198 1 347 -1 346 -1 822 -1 345 1 814 -1 813 -1 0
2  243 -1 220 -1 221 -1 222 -1 223 -1 224 1 225 -1 198 1 347 -1 880 -1 815 -1 822 -1 345 1 814 -1 813 -1 0
2  243 -1 220 -1 221 -1 222 -1 223 -1 224 1 225 -1 198 1 347 -1 878 -1 815 -1 822 -1 345 1 814 -1 813 -1 0
2  243 -1 220 -1 221 -1 222 -1 223 -1 224 1 225 -1 198 1 347 -1 876 -1 815 -1 822 -1 345 1 814 -1 813 -1 0
2  243 -1 220 -1 221 -1 222 -1 223 -1 224 1 225 -1 198 1 347 -1 874 -1 815 -1 822 -1 345 1 814 -1 813 -1 0
2  243 -1 220 -1 221 -1 222 -1 223 -1 224 1 225 -1 198 1 347 -1 872 -1 815 -1 822 -1 345 1 814 -1 813 -1 0
2  243 -1 220 -1 221 -1 222 -1 223 -1 224 1 225 -1 198 1 347 -1 870 -1 815 -1 822 -1 345 1 814 -1 813 -1 0
2  243 -1 220 -1 221 -1 222 -1 223 -1 224 1 225 -1 198 1 347 -1 818 -1 815 -1 822 -1 345 1 814 -1 813 -1 0
2  261 -1 220 -1 221 -1 222 -1 223 -1 224 1 225 -1 198 1 347 -1 816 -1 815 -1 822 -1 345 1 814 -1 813 -1 0
2  261 -1 220 -1 221 -1 222 -1 223 -1 224 1 225 -1 198 1 347 -1 866 -1 815 -1 822 -1 345 1 814 -1 813 -1 0
2  261 -1 220 -1 221 -1 222 -1 223 -1 224 1 225 -1 198 1 347 -1 864 -1 815 -1 822 -1 345 1 814 -1 813 -1 0
2  261 -1 220 -1 221 -1 222 -1 223 -1 224 1 225 -1 198 1 347 -1 862 -1 815 -1 822 -1 345 1 814 -1 813 -1 0
2  261 -1 220 -1 221 -1 222 -1 223 -1 224 1 225 -1 198 1 347 -1 860 -1 815 -1 822 -1 345 1 814 -1 813 -1 0
2  261 -1 220 -1 221 -1 222 -1 223 -1 224 1 225 -1 198 1 347 -1 858 -1 815 -1 822 -1 345 1 814 -1 813 -1 0
2  261 -1 220 -1 221 -1 222 -1 223 -1 224 1 225 -1 198 1 347 -1 856 -1 815 -1 822 -1 345 1 814 -1 813 -1 0
2  261 -1 220 -1 221 -1 222 -1 223 -1 224 1 225 -1 198 1 347 -1 854 -1 815 -1 822 -1 345 1 814 -1 813 -1 0
2  261 -1 220 -1 221 -1 222 -1 223 -1 224 1 225 -1 198 1 347 -1 852 -1 815 -1 822 -1 345 1 814 -1 813 -1 0
2  261 -1 220 -1 221 -1 222 -1 223 -1 224 1 225 -1 198 1 347 -1 850 -1 815 -1 822 -1 345 1 814 -1 813 -1 0
2  261 -1 220 -1 221 -1 222 -1 223 -1 224 1 225 -1 198 1 347 -1 848 -1 815 -1 822 -1 345 1 814 -1 813 -1 0
2  261 -1 220 -1 221 -1 222 -1 223 -1 224 1 225 -1 198 1 347 -1 846 -1 815 -1 822 -1 345 1 814 -1 813 -1 0
2  261 -1 220 -1 221 -1 222 -1 223 -1 224 1 225 -1 198 1 347 -1 844 -1 815 -1 822 -1 345 1 814 -1 813 -1 0
2  261 -1 220 -1 221 -1 222 -1 223 -1 224 1 225 -1 198 1 347 -1 842 -1 815 -1 822 -1 345 1 814 -1 813 -1 0
2  261 -1 220 -1 221 -1 222 -1 223 -1 224 1 225 -1 198 1 347 -1 840 -1 815 -1 822 -1 345 1 814 -1 813 -1 0
2  261 -1 220 -1 221 -1 222 -1 223 -1 224 1 225 -1 198 1 347 -1 838 -1 815 -1 822 -1 345 1 814 -1 813 -1 0
2  261 -1 220 -1 221 -1 222 -1 223 -1 224 1 225 -1 198 1 347 -1 836 -1 815 -1 822 -1 345 1 814 -1 813 -1 0
2  261 -1 220 -1 221 -1 222 -1 223 -1 224 1 225 -1 198 1 347 -1 834 -1 815 -1 822 -1 345 1 814 -1 813 -1 0
2  261 -1 220 -1 221 -1 222 -1 223 -1 224 1 225 -1 198 1 347 -1 832 -1 815 -1 822 -1 345 1 814 -1 813 -1 0
2  261 -1 220 -1 221 -1 222 -1 223 -1 224 1 225 -1 198 1 347 -1 830 -1 815 -1 822 -1 345 1 814 -1 813 -1 0
2  261 -1 220 -1 221 -1 222 -1 223 -1 224 1 225 -1 198 1 347 -1 828 -1 815 -1 822 -1 345 1 814 -1 813 -1 0
2  261 -1 220 -1 221 -1 222 -1 223 -1 224 1 225 -1 198 1 347 -1 826 -1 815 -1 822 -1 345 1 814 -1 813 -1 0
2  261 -1 220 -1 221 -1 222 -1 223 -1 224 1 225 -1 198 1 347 -1 346 -1 822 -1 345 1 814 -1 813 -1 0
2  261 -1 220 -1 221 -1 222 -1 223 -1 224 1 225 -1 198 1 347 -1 880 -1 815 -1 822 -1 345 1 814 -1 813 -1 0
2  261 -1 220 -1 221 -1 222 -1 223 -1 224 1 225 -1 198 1 347 -1 878 -1 815 -1 822 -1 345 1 814 -1 813 -1 0
2  261 -1 220 -1 221 -1 222 -1 223 -1 224 1 225 -1 198 1 347 -1 876 -1 815 -1 822 -1 345 1 814 -1 813 -1 0
2  261 -1 220 -1 221 -1 222 -1 223 -1 224 1 225 -1 198 1 347 -1 874 -1 815 -1 822 -1 345 1 814 -1 813 -1 0
2  261 -1 220 -1 221 -1 222 -1 223 -1 224 1 225 -1 198 1 347 -1 872 -1 815 -1 822 -1 345 1 814 -1 813 -1 0
2  261 -1 220 -1 221 -1 222 -1 223 -1 224 1 225 -1 198 1 347 -1 870 -1 815 -1 822 -1 345 1 814 -1 813 -1 0
2  261 -1 220 -1 221 -1 222 -1 223 -1 224 1 225 -1 198 1 347 -1 818 -1 815 -1 822 -1 345 1 814 -1 813 -1 0
2  276 -1 220 -1 221 -1 222 -1 223 -1 224 1 225 -1 198 1 347 -1 816 -1 815 -1 822 -1 345 1 814 -1 813 -1 0
2  276 -1 220 -1 221 -1 222 -1 223 -1 224 1 225 -1 198 1 347 -1 866 -1 815 -1 822 -1 345 1 814 -1 813 -1 0
2  276 -1 220 -1 221 -1 222 -1 223 -1 224 1 225 -1 198 1 347 -1 864 -1 815 -1 822 -1 345 1 814 -1 813 -1 0
2  276 -1 220 -1 221 -1 222 -1 223 -1 224 1 225 -1 198 1 347 -1 862 -1 815 -1 822 -1 345 1 814 -1 813 -1 0
2  276 -1 220 -1 221 -1 222 -1 223 -1 224 1 225 -1 198 1 347 -1 860 -1 815 -1 822 -1 345 1 814 -1 813 -1 0
2  276 -1 220 -1 221 -1 222 -1 223 -1 224 1 225 -1 198 1 347 -1 858 -1 815 -1 822 -1 345 1 814 -1 813 -1 0
2  276 -1 220 -1 221 -1 222 -1 223 -1 224 1 225 -1 198 1 347 -1 856 -1 815 -1 822 -1 345 1 814 -1 813 -1 0
2  276 -1 220 -1 221 -1 222 -1 223 -1 224 1 225 -1 198 1 347 -1 854 -1 815 -1 822 -1 345 1 814 -1 813 -1 0
2  276 -1 220 -1 221 -1 222 -1 223 -1 224 1 225 -1 198 1 347 -1 852 -1 815 -1 822 -1 345 1 814 -1 813 -1 0
2  276 -1 220 -1 221 -1 222 -1 223 -1 224 1 225 -1 198 1 347 -1 850 -1 815 -1 822 -1 345 1 814 -1 813 -1 0
2  276 -1 220 -1 221 -1 222 -1 223 -1 224 1 225 -1 198 1 347 -1 848 -1 815 -1 822 -1 345 1 814 -1 813 -1 0
2  276 -1 220 -1 221 -1 222 -1 223 -1 224 1 225 -1 198 1 347 -1 846 -1 815 -1 822 -1 345 1 814 -1 813 -1 0
2  276 -1 220 -1 221 -1 222 -1 223 -1 224 1 225 -1 198 1 347 -1 844 -1 815 -1 822 -1 345 1 814 -1 813 -1 0
2  276 -1 220 -1 221 -1 222 -1 223 -1 224 1 225 -1 198 1 347 -1 842 -1 815 -1 822 -1 345 1 814 -1 813 -1 0
2  276 -1 220 -1 221 -1 222 -1 223 -1 224 1 225 -1 198 1 347 -1 840 -1 815 -1 822 -1 345 1 814 -1 813 -1 0
2  276 -1 220 -1 221 -1 222 -1 223 -1 224 1 225 -1 198 1 347 -1 838 -1 815 -1 822 -1 345 1 814 -1 813 -1 0
2  276 -1 220 -1 221 -1 222 -1 223 -1 224 1 225 -1 198 1 347 -1 836 -1 815 -1 822 -1 345 1 814 -1 813 -1 0
2  276 -1 220 -1 221 -1 222 -1 223 -1 224 1 225 -1 198 1 347 -1 834 -1 815 -1 822 -1 345 1 814 -1 813 -1 0
2  276 -1 220 -1 221 -1 222 -1 223 -1 224 1 225 -1 198 1 347 -1 832 -1 815 -1 822 -1 345 1 814 -1 813 -1 0
2  276 -1 220 -1 221 -1 222 -1 223 -1 224 1 225 -1 198 1 347 -1 830 -1 815 -1 822 -1 345 1 814 -1 813 -1 0
2  276 -1 220 -1 221 -1 222 -1 223 -1 224 1 225 -1 198 1 347 -1 828 -1 815 -1 822 -1 345 1 814 -1 813 -1 0
2  276 -1 220 -1 221 -1 222 -1 223 -1 224 1 225 -1 198 1 347 -1 826 -1 815 -1 822 -1 345 1 814 -1 813 -1 0
2  276 -1 220 -1 221 -1 222 -1 223 -1 224 1 225 -1 198 1 347 -1 346 -1 822 -1 345 1 814 -1 813 -1 0
2  276 -1 220 -1 221 -1 222 -1 223 -1 224 1 225 -1 198 1 347 -1 880 -1 815 -1 822 -1 345 1 814 -1 813 -1 0
2  276 -1 220 -1 221 -1 222 -1 223 -1 224 1 225 -1 198 1 347 -1 878 -1 815 -1 822 -1 345 1 814 -1 813 -1 0
2  276 -1 220 -1 221 -1 222 -1 223 -1 224 1 225 -1 198 1 347 -1 876 -1 815 -1 822 -1 345 1 814 -1 813 -1 0
2  276 -1 220 -1 221 -1 222 -1 223 -1 224 1 225 -1 198 1 347 -1 874 -1 815 -1 822 -1 345 1 814 -1 813 -1 0
2  276 -1 220 -1 221 -1 222 -1 223 -1 224 1 225 -1 198 1 347 -1 872 -1 815 -1 822 -1 345 1 814 -1 813 -1 0
2  276 -1 220 -1 221 -1 222 -1 223 -1 224 1 225 -1 198 1 347 -1 870 -1 815 -1 822 -1 345 1 814 -1 813 -1 0
2  276 -1 220 -1 221 -1 222 -1 223 -1 224 1 225 -1 198 1 347 -1 818 -1 815 -1 822 -1 345 1 814 -1 813 -1 0
2  280 -1 220 -1 221 -1 222 -1 223 -1 224 1 225 -1 198 1 347 -1 816 -1 815 -1 822 -1 345 1 814 -1 813 -1 0
2  280 -1 220 -1 221 -1 222 -1 223 -1 224 1 225 -1 198 1 347 -1 866 -1 815 -1 822 -1 345 1 814 -1 813 -1 0
2  280 -1 220 -1 221 -1 222 -1 223 -1 224 1 225 -1 198 1 347 -1 864 -1 815 -1 822 -1 345 1 814 -1 813 -1 0
2  280 -1 220 -1 221 -1 222 -1 223 -1 224 1 225 -1 198 1 347 -1 862 -1 815 -1 822 -1 345 1 814 -1 813 -1 0
2  280 -1 220 -1 221 -1 222 -1 223 -1 224 1 225 -1 198 1 347 -1 860 -1 815 -1 822 -1 345 1 814 -1 813 -1 0
2  280 -1 220 -1 221 -1 222 -1 223 -1 224 1 225 -1 198 1 347 -1 858 -1 815 -1 822 -1 345 1 814 -1 813 -1 0
2  280 -1 220 -1 221 -1 222 -1 223 -1 224 1 225 -1 198 1 347 -1 856 -1 815 -1 822 -1 345 1 814 -1 813 -1 0
2  280 -1 220 -1 221 -1 222 -1 223 -1 224 1 225 -1 198 1 347 -1 854 -1 815 -1 822 -1 345 1 814 -1 813 -1 0
2  280 -1 220 -1 221 -1 222 -1 223 -1 224 1 225 -1 198 1 347 -1 852 -1 815 -1 822 -1 345 1 814 -1 813 -1 0
2  280 -1 220 -1 221 -1 222 -1 223 -1 224 1 225 -1 198 1 347 -1 850 -1 815 -1 822 -1 345 1 814 -1 813 -1 0
2  280 -1 220 -1 221 -1 222 -1 223 -1 224 1 225 -1 198 1 347 -1 848 -1 815 -1 822 -1 345 1 814 -1 813 -1 0
2  280 -1 220 -1 221 -1 222 -1 223 -1 224 1 225 -1 198 1 347 -1 846 -1 815 -1 822 -1 345 1 814 -1 813 -1 0
2  280 -1 220 -1 221 -1 222 -1 223 -1 224 1 225 -1 198 1 347 -1 844 -1 815 -1 822 -1 345 1 814 -1 813 -1 0
2  280 -1 220 -1 221 -1 222 -1 223 -1 224 1 225 -1 198 1 347 -1 842 -1 815 -1 822 -1 345 1 814 -1 813 -1 0
2  280 -1 220 -1 221 -1 222 -1 223 -1 224 1 225 -1 198 1 347 -1 840 -1 815 -1 822 -1 345 1 814 -1 813 -1 0
2  280 -1 220 -1 221 -1 222 -1 223 -1 224 1 225 -1 198 1 347 -1 838 -1 815 -1 822 -1 345 1 814 -1 813 -1 0
2  280 -1 220 -1 221 -1 222 -1 223 -1 224 1 225 -1 198 1 347 -1 836 -1 815 -1 822 -1 345 1 814 -1 813 -1 0
2  280 -1 220 -1 221 -1 222 -1 223 -1 224 1 225 -1 198 1 347 -1 834 -1 815 -1 822 -1 345 1 814 -1 813 -1 0
2  280 -1 220 -1 221 -1 222 -1 223 -1 224 1 225 -1 198 1 347 -1 832 -1 815 -1 822 -1 345 1 814 -1 813 -1 0
2  280 -1 220 -1 221 -1 222 -1 223 -1 224 1 225 -1 198 1 347 -1 830 -1 815 -1 822 -1 345 1 814 -1 813 -1 0
2  280 -1 220 -1 221 -1 222 -1 223 -1 224 1 225 -1 198 1 347 -1 828 -1 815 -1 822 -1 345 1 814 -1 813 -1 0
2  280 -1 220 -1 221 -1 222 -1 223 -1 224 1 225 -1 198 1 347 -1 826 -1 815 -1 822 -1 345 1 814 -1 813 -1 0
2  280 -1 220 -1 221 -1 222 -1 223 -1 224 1 225 -1 198 1 347 -1 346 -1 822 -1 345 1 814 -1 813 -1 0
2  280 -1 220 -1 221 -1 222 -1 223 -1 224 1 225 -1 198 1 347 -1 880 -1 815 -1 822 -1 345 1 814 -1 813 -1 0
2  280 -1 220 -1 221 -1 222 -1 223 -1 224 1 225 -1 198 1 347 -1 878 -1 815 -1 822 -1 345 1 814 -1 813 -1 0
2  280 -1 220 -1 221 -1 222 -1 223 -1 224 1 225 -1 198 1 347 -1 876 -1 815 -1 822 -1 345 1 814 -1 813 -1 0
2  280 -1 220 -1 221 -1 222 -1 223 -1 224 1 225 -1 198 1 347 -1 874 -1 815 -1 822 -1 345 1 814 -1 813 -1 0
2  280 -1 220 -1 221 -1 222 -1 223 -1 224 1 225 -1 198 1 347 -1 872 -1 815 -1 822 -1 345 1 814 -1 813 -1 0
2  280 -1 220 -1 221 -1 222 -1 223 -1 224 1 225 -1 198 1 347 -1 870 -1 815 -1 822 -1 345 1 814 -1 813 -1 0
2  280 -1 220 -1 221 -1 222 -1 223 -1 224 1 225 -1 198 1 347 -1 818 -1 815 -1 822 -1 345 1 814 -1 813 -1 0
2  286 -1 220 -1 221 -1 222 -1 223 -1 224 1 225 -1 198 1 347 -1 816 -1 815 -1 822 -1 345 1 814 -1 813 -1 0
2  286 -1 220 -1 221 -1 222 -1 223 -1 224 1 225 -1 198 1 347 -1 866 -1 815 -1 822 -1 345 1 814 -1 813 -1 0
2  286 -1 220 -1 221 -1 222 -1 223 -1 224 1 225 -1 198 1 347 -1 864 -1 815 -1 822 -1 345 1 814 -1 813 -1 0
2  286 -1 220 -1 221 -1 222 -1 223 -1 224 1 225 -1 198 1 347 -1 862 -1 815 -1 822 -1 345 1 814 -1 813 -1 0
2  286 -1 220 -1 221 -1 222 -1 223 -1 224 1 225 -1 198 1 347 -1 860 -1 815 -1 822 -1 345 1 814 -1 813 -1 0
2  286 -1 220 -1 221 -1 222 -1 223 -1 224 1 225 -1 198 1 347 -1 858 -1 815 -1 822 -1 345 1 814 -1 813 -1 0
2  286 -1 220 -1 221 -1 222 -1 223 -1 224 1 225 -1 198 1 347 -1 856 -1 815 -1 822 -1 345 1 814 -1 813 -1 0
2  286 -1 220 -1 221 -1 222 -1 223 -1 224 1 225 -1 198 1 347 -1 854 -1 815 -1 822 -1 345 1 814 -1 813 -1 0
2  286 -1 220 -1 221 -1 222 -1 223 -1 224 1 225 -1 198 1 347 -1 852 -1 815 -1 822 -1 345 1 814 -1 813 -1 0
2  286 -1 220 -1 221 -1 222 -1 223 -1 224 1 225 -1 198 1 347 -1 850 -1 815 -1 822 -1 345 1 814 -1 813 -1 0
2  286 -1 220 -1 221 -1 222 -1 223 -1 224 1 225 -1 198 1 347 -1 848 -1 815 -1 822 -1 345 1 814 -1 813 -1 0
2  286 -1 220 -1 221 -1 222 -1 223 -1 224 1 225 -1 198 1 347 -1 846 -1 815 -1 822 -1 345 1 814 -1 813 -1 0
2  286 -1 220 -1 221 -1 222 -1 223 -1 224 1 225 -1 198 1 347 -1 844 -1 815 -1 822 -1 345 1 814 -1 813 -1 0
2  286 -1 220 -1 221 -1 222 -1 223 -1 224 1 225 -1 198 1 347 -1 842 -1 815 -1 822 -1 345 1 814 -1 813 -1 0
2  286 -1 220 -1 221 -1 222 -1 223 -1 224 1 225 -1 198 1 347 -1 840 -1 815 -1 822 -1 345 1 814 -1 813 -1 0
2  286 -1 220 -1 221 -1 222 -1 223 -1 224 1 225 -1 198 1 347 -1 838 -1 815 -1 822 -1 345 1 814 -1 813 -1 0
2  286 -1 220 -1 221 -1 222 -1 223 -1 224 1 225 -1 198 1 347 -1 836 -1 815 -1 822 -1 345 1 814 -1 813 -1 0
2  286 -1 220 -1 221 -1 222 -1 223 -1 224 1 225 -1 198 1 347 -1 834 -1 815 -1 822 -1 345 1 814 -1 813 -1 0
2  286 -1 220 -1 221 -1 222 -1 223 -1 224 1 225 -1 198 1 347 -1 832 -1 815 -1 822 -1 345 1 814 -1 813 -1 0
2  286 -1 220 -1 221 -1 222 -1 223 -1 224 1 225 -1 198 1 347 -1 830 -1 815 -1 822 -1 345 1 814 -1 813 -1 0
2  286 -1 220 -1 221 -1 222 -1 223 -1 224 1 225 -1 198 1 347 -1 828 -1 815 -1 822 -1 345 1 814 -1 813 -1 0
2  286 -1 220 -1 221 -1 222 -1 223 -1 224 1 225 -1 198 1 347 -1 826 -1 815 -1 822 -1 345 1 814 -1 813 -1 0
2  286 -1 220 -1 221 -1 222 -1 223 -1 224 1 225 -1 198 1 347 -1 346 -1 822 -1 345 1 814 -1 813 -1 0
2  286 -1 220 -1 221 -1 222 -1 223 -1 224 1 225 -1 198 1 347 -1 880 -1 815 -1 822 -1 345 1 814 -1 813 -1 0
2  286 -1 220 -1 221 -1 222 -1 223 -1 224 1 225 -1 198 1 347 -1 878 -1 815 -1 822 -1 345 1 814 -1 813 -1 0
2  286 -1 220 -1 221 -1 222 -1 223 -1 224 1 225 -1 198 1 347 -1 876 -1 815 -1 822 -1 345 1 814 -1 813 -1 0
2  286 -1 220 -1 221 -1 222 -1 223 -1 224 1 225 -1 198 1 347 -1 874 -1 815 -1 822 -1 345 1 814 -1 813 -1 0
2  286 -1 220 -1 221 -1 222 -1 223 -1 224 1 225 -1 198 1 347 -1 872 -1 815 -1 822 -1 345 1 814 -1 813 -1 0
2  286 -1 220 -1 221 -1 222 -1 223 -1 224 1 225 -1 198 1 347 -1 870 -1 815 -1 822 -1 345 1 814 -1 813 -1 0
2  286 -1 220 -1 221 -1 222 -1 223 -1 224 1 225 -1 198 1 347 -1 818 -1 815 -1 822 -1 345 1 814 -1 813 -1 0
2  777 -1 220 -1 221 -1 222 -1 223 -1 224 1 225 -1 198 1 347 -1 816 -1 815 -1 822 -1 345 1 814 -1 813 -1 0
2  777 -1 220 -1 221 -1 222 -1 223 -1 224 1 225 -1 198 1 347 -1 866 -1 815 -1 822 -1 345 1 814 -1 813 -1 0
2  777 -1 220 -1 221 -1 222 -1 223 -1 224 1 225 -1 198 1 347 -1 864 -1 815 -1 822 -1 345 1 814 -1 813 -1 0
2  777 -1 220 -1 221 -1 222 -1 223 -1 224 1 225 -1 198 1 347 -1 862 -1 815 -1 822 -1 345 1 814 -1 813 -1 0
2  777 -1 220 -1 221 -1 222 -1 223 -1 224 1 225 -1 198 1 347 -1 860 -1 815 -1 822 -1 345 1 814 -1 813 -1 0
2  777 -1 220 -1 221 -1 222 -1 223 -1 224 1 225 -1 198 1 347 -1 858 -1 815 -1 822 -1 345 1 814 -1 813 -1 0
2  777 -1 220 -1 221 -1 222 -1 223 -1 224 1 225 -1 198 1 347 -1 856 -1 815 -1 822 -1 345 1 814 -1 813 -1 0
2  777 -1 220 -1 221 -1 222 -1 223 -1 224 1 225 -1 198 1 347 -1 854 -1 815 -1 822 -1 345 1 814 -1 813 -1 0
2  777 -1 220 -1 221 -1 222 -1 223 -1 224 1 225 -1 198 1 347 -1 852 -1 815 -1 822 -1 345 1 814 -1 813 -1 0
2  777 -1 220 -1 221 -1 222 -1 223 -1 224 1 225 -1 198 1 347 -1 850 -1 815 -1 822 -1 345 1 814 -1 813 -1 0
2  777 -1 220 -1 221 -1 222 -1 223 -1 224 1 225 -1 198 1 347 -1 848 -1 815 -1 822 -1 345 1 814 -1 813 -1 0
2  777 -1 220 -1 221 -1 222 -1 223 -1 224 1 225 -1 198 1 347 -1 846 -1 815 -1 822 -1 345 1 814 -1 813 -1 0
2  777 -1 220 -1 221 -1 222 -1 223 -1 224 1 225 -1 198 1 347 -1 844 -1 815 -1 822 -1 345 1 814 -1 813 -1 0
2  777 -1 220 -1 221 -1 222 -1 223 -1 224 1 225 -1 198 1 347 -1 842 -1 815 -1 822 -1 345 1 814 -1 813 -1 0
2  777 -1 220 -1 221 -1 222 -1 223 -1 224 1 225 -1 198 1 347 -1 840 -1 815 -1 822 -1 345 1 814 -1 813 -1 0
2  777 -1 220 -1 221 -1 222 -1 223 -1 224 1 225 -1 198 1 347 -1 838 -1 815 -1 822 -1 345 1 814 -1 813 -1 0
2  777 -1 220 -1 221 -1 222 -1 223 -1 224 1 225 -1 198 1 347 -1 836 -1 815 -1 822 -1 345 1 814 -1 813 -1 0
2  777 -1 220 -1 221 -1 222 -1 223 -1 224 1 225 -1 198 1 347 -1 834 -1 815 -1 822 -1 345 1 814 -1 813 -1 0
2  777 -1 220 -1 221 -1 222 -1 223 -1 224 1 225 -1 198 1 347 -1 832 -1 815 -1 822 -1 345 1 814 -1 813 -1 0
2  777 -1 220 -1 221 -1 222 -1 223 -1 224 1 225 -1 198 1 347 -1 830 -1 815 -1 822 -1 345 1 814 -1 813 -1 0
2  777 -1 220 -1 221 -1 222 -1 223 -1 224 1 225 -1 198 1 347 -1 828 -1 815 -1 822 -1 345 1 814 -1 813 -1 0
2  777 -1 220 -1 221 -1 222 -1 223 -1 224 1 225 -1 198 1 347 -1 826 -1 815 -1 822 -1 345 1 814 -1 813 -1 0
2  777 -1 220 -1 221 -1 222 -1 223 -1 224 1 225 -1 198 1 347 -1 346 -1 822 -1 345 1 814 -1 813 -1 0
2  777 -1 220 -1 221 -1 222 -1 223 -1 224 1 225 -1 198 1 347 -1 880 -1 815 -1 822 -1 345 1 814 -1 813 -1 0
2  777 -1 220 -1 221 -1 222 -1 223 -1 224 1 225 -1 198 1 347 -1 878 -1 815 -1 822 -1 345 1 814 -1 813 -1 0
2  777 -1 220 -1 221 -1 222 -1 223 -1 224 1 225 -1 198 1 347 -1 876 -1 815 -1 822 -1 345 1 814 -1 813 -1 0
2  777 -1 220 -1 221 -1 222 -1 223 -1 224 1 225 -1 198 1 347 -1 874 -1 815 -1 822 -1 345 1 814 -1 813 -1 0
2  777 -1 220 -1 221 -1 222 -1 223 -1 224 1 225 -1 198 1 347 -1 872 -1 815 -1 822 -1 345 1 814 -1 813 -1 0
2  777 -1 220 -1 221 -1 222 -1 223 -1 224 1 225 -1 198 1 347 -1 870 -1 815 -1 822 -1 345 1 814 -1 813 -1 0
2  777 -1 220 -1 221 -1 222 -1 223 -1 224 1 225 -1 198 1 347 -1 818 -1 815 -1 822 -1 345 1 814 -1 813 -1 0
2  779 -1 780 -1 781 -1 782 -1 122 -1 121 1 120 -1 118 1 347 -1 816 -1 815 -1 822 -1 345 1 814 -1 813 -1 0
2  779 -1 780 -1 781 -1 782 -1 122 -1 121 1 120 -1 118 1 347 -1 866 -1 815 -1 822 -1 345 1 814 -1 813 -1 0
2  779 -1 780 -1 781 -1 782 -1 122 -1 121 1 120 -1 118 1 347 -1 864 -1 815 -1 822 -1 345 1 814 -1 813 -1 0
2  779 -1 780 -1 781 -1 782 -1 122 -1 121 1 120 -1 118 1 347 -1 862 -1 815 -1 822 -1 345 1 814 -1 813 -1 0
2  779 -1 780 -1 781 -1 782 -1 122 -1 121 1 120 -1 118 1 347 -1 860 -1 815 -1 822 -1 345 1 814 -1 813 -1 0
2  779 -1 780 -1 781 -1 782 -1 122 -1 121 1 120 -1 118 1 347 -1 858 -1 815 -1 822 -1 345 1 814 -1 813 -1 0
2  779 -1 780 -1 781 -1 782 -1 122 -1 121 1 120 -1 118 1 347 -1 856 -1 815 -1 822 -1 345 1 814 -1 813 -1 0
2  779 -1 780 -1 781 -1 782 -1 122 -1 121 1 120 -1 118 1 347 -1 854 -1 815 -1 822 -1 345 1 814 -1 813 -1 0
2  779 -1 780 -1 781 -1 782 -1 122 -1 121 1 120 -1 118 1 347 -1 852 -1 815 -1 822 -1 345 1 814 -1 813 -1 0
2  779 -1 780 -1 781 -1 782 -1 122 -1 121 1 120 -1 118 1 347 -1 850 -1 815 -1 822 -1 345 1 814 -1 813 -1 0
2  779 -1 780 -1 781 -1 782 -1 122 -1 121 1 120 -1 118 1 347 -1 848 -1 815 -1 822 -1 345 1 814 -1 813 -1 0
2  779 -1 780 -1 781 -1 782 -1 122 -1 121 1 120 -1 118 1 347 -1 846 -1 815 -1 822 -1 345 1 814 -1 813 -1 0
2  779 -1 780 -1 781 -1 782 -1 122 -1 121 1 120 -1 118 1 347 -1 844 -1 815 -1 822 -1 345 1 814 -1 813 -1 0
2  779 -1 780 -1 781 -1 782 -1 122 -1 121 1 120 -1 118 1 347 -1 842 -1 815 -1 822 -1 345 1 814 -1 813 -1 0
2  779 -1 780 -1 781 -1 782 -1 122 -1 121 1 120 -1 118 1 347 -1 840 -1 815 -1 822 -1 345 1 814 -1 813 -1 0
2  779 -1 780 -1 781 -1 782 -1 122 -1 121 1 120 -1 118 1 347 -1 838 -1 815 -1 822 -1 345 1 814 -1 813 -1 0
2  779 -1 780 -1 781 -1 782 -1 122 -1 121 1 120 -1 118 1 347 -1 836 -1 815 -1 822 -1 345 1 814 -1 813 -1 0
2  779 -1 780 -1 781 -1 782 -1 122 -1 121 1 120 -1 118 1 347 -1 834 -1 815 -1 822 -1 345 1 814 -1 813 -1 0
2  779 -1 780 -1 781 -1 782 -1 122 -1 121 1 120 -1 118 1 347 -1 832 -1 815 -1 822 -1 345 1 814 -1 813 -1 0
2  779 -1 780 -1 781 -1 782 -1 122 -1 121 1 120 -1 118 1 347 -1 830 -1 815 -1 822 -1 345 1 814 -1 813 -1 0
2  779 -1 780 -1 781 -1 782 -1 122 -1 121 1 120 -1 118 1 347 -1 828 -1 815 -1 822 -1 345 1 814 -1 813 -1 0
2  779 -1 780 -1 781 -1 782 -1 122 -1 121 1 120 -1 118 1 347 -1 826 -1 815 -1 822 -1 345 1 814 -1 813 -1 0
2  779 -1 780 -1 781 -1 782 -1 122 -1 121 1 120 -1 118 1 347 -1 346 -1 822 -1 345 1 814 -1 813 -1 0
2  779 -1 780 -1 781 -1 782 -1 122 -1 121 1 120 -1 118 1 347 -1 880 -1 815 -1 822 -1 345 1 814 -1 813 -1 0
2  779 -1 780 -1 781 -1 782 -1 122 -1 121 1 120 -1 118 1 347 -1 878 -1 815 -1 822 -1 345 1 814 -1 813 -1 0
2  779 -1 780 -1 781 -1 782 -1 122 -1 121 1 120 -1 118 1 347 -1 876 -1 815 -1 822 -1 345 1 814 -1 813 -1 0
2  779 -1 780 -1 781 -1 782 -1 122 -1 121 1 120 -1 118 1 347 -1 874 -1 815 -1 822 -1 345 1 814 -1 813 -1 0
2  779 -1 780 -1 781 -1 782 -1 122 -1 121 1 120 -1 118 1 347 -1 872 -1 815 -1 822 -1 345 1 814 -1 813 -1 0
2  779 -1 780 -1 781 -1 782 -1 122 -1 121 1 120 -1 118 1 347 -1 870 -1 815 -1 822 -1 345 1 814 -1 813 -1 0
2  779 -1 780 -1 781 -1 782 -1 122 -1 121 1 120 -1 118 1 347 -1 818 -1 815 -1 822 -1 345 1 814 -1 813 -1 0
2  784 -1 785 -1 786 -1 787 -1 122 -1 121 1 120 -1 118 1 347 -1 816 -1 815 -1 822 -1 345 1 814 -1 813 -1 0
2  784 -1 785 -1 786 -1 787 -1 122 -1 121 1 120 -1 118 1 347 -1 866 -1 815 -1 822 -1 345 1 814 -1 813 -1 0
2  784 -1 785 -1 786 -1 787 -1 122 -1 121 1 120 -1 118 1 347 -1 864 -1 815 -1 822 -1 345 1 814 -1 813 -1 0
2  784 -1 785 -1 786 -1 787 -1 122 -1 121 1 120 -1 118 1 347 -1 862 -1 815 -1 822 -1 345 1 814 -1 813 -1 0
2  784 -1 785 -1 786 -1 787 -1 122 -1 121 1 120 -1 118 1 347 -1 860 -1 815 -1 822 -1 345 1 814 -1 813 -1 0
2  784 -1 785 -1 786 -1 787 -1 122 -1 121 1 120 -1 118 1 347 -1 858 -1 815 -1 822 -1 345 1 814 -1 813 -1 0
2  784 -1 785 -1 786 -1 787 -1 122 -1 121 1 120 -1 118 1 347 -1 856 -1 815 -1 822 -1 345 1 814 -1 813 -1 0
2  784 -1 785 -1 786 -1 787 -1 122 -1 121 1 120 -1 118 1 347 -1 854 -1 815 -1 822 -1 345 1 814 -1 813 -1 0
2  784 -1 785 -1 786 -1 787 -1 122 -1 121 1 120 -1 118 1 347 -1 852 -1 815 -1 822 -1 345 1 814 -1 813 -1 0
2  784 -1 785 -1 786 -1 787 -1 122 -1 121 1 120 -1 118 1 347 -1 850 -1 815 -1 822 -1 345 1 814 -1 813 -1 0
2  784 -1 785 -1 786 -1 787 -1 122 -1 121 1 120 -1 118 1 347 -1 848 -1 815 -1 822 -1 345 1 814 -1 813 -1 0
2  784 -1 785 -1 786 -1 787 -1 122 -1 121 1 120 -1 118 1 347 -1 846 -1 815 -1 822 -1 345 1 814 -1 813 -1 0
2  784 -1 785 -1 786 -1 787 -1 122 -1 121 1 120 -1 118 1 347 -1 844 -1 815 -1 822 -1 345 1 814 -1 813 -1 0
2  784 -1 785 -1 786 -1 787 -1 122 -1 121 1 120 -1 118 1 347 -1 842 -1 815 -1 822 -1 345 1 814 -1 813 -1 0
2  784 -1 785 -1 786 -1 787 -1 122 -1 121 1 120 -1 118 1 347 -1 840 -1 815 -1 822 -1 345 1 814 -1 813 -1 0
2  784 -1 785 -1 786 -1 787 -1 122 -1 121 1 120 -1 118 1 347 -1 838 -1 815 -1 822 -1 345 1 814 -1 813 -1 0
2  784 -1 785 -1 786 -1 787 -1 122 -1 121 1 120 -1 118 1 347 -1 836 -1 815 -1 822 -1 345 1 814 -1 813 -1 0
2  784 -1 785 -1 786 -1 787 -1 122 -1 121 1 120 -1 118 1 347 -1 834 -1 815 -1 822 -1 345 1 814 -1 813 -1 0
2  784 -1 785 -1 786 -1 787 -1 122 -1 121 1 120 -1 118 1 347 -1 832 -1 815 -1 822 -1 345 1 814 -1 813 -1 0
2  784 -1 785 -1 786 -1 787 -1 122 -1 121 1 120 -1 118 1 347 -1 830 -1 815 -1 822 -1 345 1 814 -1 813 -1 0
2  784 -1 785 -1 786 -1 787 -1 122 -1 121 1 120 -1 118 1 347 -1 828 -1 815 -1 822 -1 345 1 814 -1 813 -1 0
2  784 -1 785 -1 786 -1 787 -1 122 -1 121 1 120 -1 118 1 347 -1 826 -1 815 -1 822 -1 345 1 814 -1 813 -1 0
2  784 -1 785 -1 786 -1 787 -1 122 -1 121 1 120 -1 118 1 347 -1 346 -1 822 -1 345 1 814 -1 813 -1 0
2  784 -1 785 -1 786 -1 787 -1 122 -1 121 1 120 -1 118 1 347 -1 880 -1 815 -1 822 -1 345 1 814 -1 813 -1 0
2  784 -1 785 -1 786 -1 787 -1 122 -1 121 1 120 -1 118 1 347 -1 878 -1 815 -1 822 -1 345 1 814 -1 813 -1 0
2  784 -1 785 -1 786 -1 787 -1 122 -1 121 1 120 -1 118 1 347 -1 876 -1 815 -1 822 -1 345 1 814 -1 813 -1 0
2  784 -1 785 -1 786 -1 787 -1 122 -1 121 1 120 -1 118 1 347 -1 874 -1 815 -1 822 -1 345 1 814 -1 813 -1 0
2  784 -1 785 -1 786 -1 787 -1 122 -1 121 1 120 -1 118 1 347 -1 872 -1 815 -1 822 -1 345 1 814 -1 813 -1 0
2  784 -1 785 -1 786 -1 787 -1 122 -1 121 1 120 -1 118 1 347 -1 870 -1 815 -1 822 -1 345 1 814 -1 813 -1 0
2  784 -1 785 -1 786 -1 787 -1 122 -1 121 1 120 -1 118 1 347 -1 818 -1 815 -1 822 -1 345 1 814 -1 813 -1 0
2  789 1 790 -1 791 1 792 -1 793 1 794 -1 795 1 122 -1 121 1 120 -1 118 1 347 -1 816 -1 815 -1 822 -1 345 1 814 -1 813 -1 0
2  789 1 790 -1 791 1 792 -1 793 1 794 -1 795 1 122 -1 121 1 120 -1 118 1 347 -1 866 -1 815 -1 822 -1 345 1 814 -1 813 -1 0
2  789 1 790 -1 791 1 792 -1 793 1 794 -1 795 1 122 -1 121 1 120 -1 118 1 347 -1 864 -1 815 -1 822 -1 345 1 814 -1 813 -1 0
2  789 1 790 -1 791 1 792 -1 793 1 794 -1 795 1 122 -1 121 1 120 -1 118 1 347 -1 862 -1 815 -1 822 -1 345 1 814 -1 813 -1 0
2  789 1 790 -1 791 1 792 -1 793 1 794 -1 795 1 122 -1 121 1 120 -1 118 1 347 -1 860 -1 815 -1 822 -1 345 1 814 -1 813 -1 0
2  789 1 790 -1 791 1 792 -1 793 1 794 -1 795 1 122 -1 121 1 120 -1 118 1 347 -1 858 -1 815 -1 822 -1 345 1 814 -1 813 -1 0
2  789 1 790 -1 791 1 792 -1 793 1 794 -1 795 1 122 -1 121 1 120 -1 118 1 347 -1 856 -1 815 -1 822 -1 345 1 814 -1 813 -1 0
2  789 1 790 -1 791 1 792 -1 793 1 794 -1 795 1 122 -1 121 1 120 -1 118 1 347 -1 854 -1 815 -1 822 -1 345 1 814 -1 813 -1 0
2  789 1 790 -1 791 1 792 -1 793 1 794 -1 795 1 122 -1 121 1 120 -1 118 1 347 -1 852 -1 815 -1 822 -1 345 1 814 -1 813 -1 0
2  789 1 790 -1 791 1 792 -1 793 1 794 -1 795 1 122 -1 121 1 120 -1 118 1 347 -1 850 -1 815 -1 822 -1 345 1 814 -1 813 -1 0
2  789 1 790 -1 791 1 792 -1 793 1 794 -1 795 1 122 -1 121 1 120 -1 118 1 347 -1 848 -1 815 -1 822 -1 345 1 814 -1 813 -1 0
2  789 1 790 -1 791 1 792 -1 793 1 794 -1 795 1 122 -1 121 1 120 -1 118 1 347 -1 846 -1 815 -1 822 -1 345 1 814 -1 813 -1 0
2  789 1 790 -1 791 1 792 -1 793 1 794 -1 795 1 122 -1 121 1 120 -1 118 1 347 -1 844 -1 815 -1 822 -1 345 1 814 -1 813 -1 0
2  789 1 790 -1 791 1 792 -1 793 1 794 -1 795 1 122 -1 121 1 120 -1 118 1 347 -1 842 -1 815 -1 822 -1 345 1 814 -1 813 -1 0
2  789 1 790 -1 791 1 792 -1 793 1 794 -1 795 1 122 -1 121 1 120 -1 118 1 347 -1 840 -1 815 -1 822 -1 345 1 814 -1 813 -1 0
2  789 1 790 -1 791 1 792 -1 793 1 794 -1 795 1 122 -1 121 1 120 -1 118 1 347 -1 838 -1 815 -1 822 -1 345 1 814 -1 813 -1 0
2  789 1 790 -1 791 1 792 -1 793 1 794 -1 795 1 122 -1 121 1 120 -1 118 1 347 -1 836 -1 815 -1 822 -1 345 1 814 -1 813 -1 0
2  789 1 790 -1 791 1 792 -1 793 1 794 -1 795 1 122 -1 121 1 120 -1 118 1 347 -1 834 -1 815 -1 822 -1 345 1 814 -1 813 -1 0
2  789 1 790 -1 791 1 792 -1 793 1 794 -1 795 1 122 -1 121 1 120 -1 118 1 347 -1 832 -1 815 -1 822 -1 345 1 814 -1 813 -1 0
2  789 1 790 -1 791 1 792 -1 793 1 794 -1 795 1 122 -1 121 1 120 -1 118 1 347 -1 830 -1 815 -1 822 -1 345 1 814 -1 813 -1 0
2  789 1 790 -1 791 1 792 -1 793 1 794 -1 795 1 122 -1 121 1 120 -1 118 1 347 -1 828 -1 815 -1 822 -1 345 1 814 -1 813 -1 0
2  789 1 790 -1 791 1 792 -1 793 1 794 -1 795 1 122 -1 121 1 120 -1 118 1 347 -1 826 -1 815 -1 822 -1 345 1 814 -1 813 -1 0
2  789 1 790 -1 791 1 792 -1 793 1 794 -1 795 1 122 -1 121 1 120 -1 118 1 347 -1 346 -1 822 -1 345 1 814 -1 813 -1 0
2  789 1 790 -1 791 1 792 -1 793 1 794 -1 795 1 122 -1 121 1 120 -1 118 1 347 -1 880 -1 815 -1 822 -1 345 1 814 -1 813 -1 0
2  789 1 790 -1 791 1 792 -1 793 1 794 -1 795 1 122 -1 121 1 120 -1 118 1 347 -1 878 -1 815 -1 822 -1 345 1 814 -1 813 -1 0
2  789 1 790 -1 791 1 792 -1 793 1 794 -1 795 1 122 -1 121 1 120 -1 118 1 347 -1 876 -1 815 -1 822 -1 345 1 814 -1 813 -1 0
2  789 1 790 -1 791 1 792 -1 793 1 794 -1 795 1 122 -1 121 1 120 -1 118 1 347 -1 874 -1 815 -1 822 -1 345 1 814 -1 813 -1 0
2  789 1 790 -1 791 1 792 -1 793 1 794 -1 795 1 122 -1 121 1 120 -1 118 1 347 -1 872 -1 815 -1 822 -1 345 1 814 -1 813 -1 0
2  789 1 790 -1 791 1 792 -1 793 1 794 -1 795 1 122 -1 121 1 120 -1 118 1 347 -1 870 -1 815 -1 822 -1 345 1 814 -1 813 -1 0
2  789 1 790 -1 791 1 792 -1 793 1 794 -1 795 1 122 -1 121 1 120 -1 118 1 347 -1 818 -1 815 -1 822 -1 345 1 814 -1 813 -1 0
2  797 1 798 -1 799 1 794 -1 795 1 122 -1 121 1 120 -1 118 1 347 -1 816 -1 815 -1 822 -1 345 1 814 -1 813 -1 0
2  797 1 798 -1 799 1 794 -1 795 1 122 -1 121 1 120 -1 118 1 347 -1 866 -1 815 -1 822 -1 345 1 814 -1 813 -1 0
2  797 1 798 -1 799 1 794 -1 795 1 122 -1 121 1 120 -1 118 1 347 -1 864 -1 815 -1 822 -1 345 1 814 -1 813 -1 0
2  797 1 798 -1 799 1 794 -1 795 1 122 -1 121 1 120 -1 118 1 347 -1 862 -1 815 -1 822 -1 345 1 814 -1 813 -1 0
2  797 1 798 -1 799 1 794 -1 795 1 122 -1 121 1 120 -1 118 1 347 -1 860 -1 815 -1 822 -1 345 1 814 -1 813 -1 0
2  797 1 798 -1 799 1 794 -1 795 1 122 -1 121 1 120 -1 118 1 347 -1 858 -1 815 -1 822 -1 345 1 814 -1 813 -1 0
2  797 1 798 -1 799 1 794 -1 795 1 122 -1 121 1 120 -1 118 1 347 -1 856 -1 815 -1 822 -1 345 1 814 -1 813 -1 0
2  797 1 798 -1 799 1 794 -1 795 1 122 -1 121 1 120 -1 118 1 347 -1 854 -1 815 -1 822 -1 345 1 814 -1 813 -1 0
2  797 1 798 -1 799 1 794 -1 795 1 122 -1 121 1 120 -1 118 1 347 -1 852 -1 815 -1 822 -1 345 1 814 -1 813 -1 0
2  797 1 798 -1 799 1 794 -1 795 1 122 -1 121 1 120 -1 118 1 347 -1 850 -1 815 -1 822 -1 345 1 814 -1 813 -1 0
2  797 1 798 -1 799 1 794 -1 795 1 122 -1 121 1 120 -1 118 1 347 -1 848 -1 815 -1 822 -1 345 1 814 -1 813 -1 0
2  797 1 798 -1 799 1 794 -1 795 1 122 -1 121 1 120 -1 118 1 347 -1 846 -1 815 -1 822 -1 345 1 814 -1 813 -1 0
2  797 1 798 -1 799 1 794 -1 795 1 122 -1 121 1 120 -1 118 1 347 -1 844 -1 815 -1 822 -1 345 1 814 -1 813 -1 0
2  797 1 798 -1 799 1 794 -1 795 1 122 -1 121 1 120 -1 118 1 347 -1 842 -1 815 -1 822 -1 345 1 814 -1 813 -1 0
2  797 1 798 -1 799 1 794 -1 795 1 122 -1 121 1 120 -1 118 1 347 -1 840 -1 815 -1 822 -1 345 1 814 -1 813 -1 0
2  797 1 798 -1 799 1 794 -1 795 1 122 -1 121 1 120 -1 118 1 347 -1 838 -1 815 -1 822 -1 345 1 814 -1 813 -1 0
2  797 1 798 -1 799 1 794 -1 795 1 122 -1 121 1 120 -1 118 1 347 -1 836 -1 815 -1 822 -1 345 1 814 -1 813 -1 0
2  797 1 798 -1 799 1 794 -1 795 1 122 -1 121 1 120 -1 118 1 347 -1 834 -1 815 -1 822 -1 345 1 814 -1 813 -1 0
2  797 1 798 -1 799 1 794 -1 795 1 122 -1 121 1 120 -1 118 1 347 -1 832 -1 815 -1 822 -1 345 1 814 -1 813 -1 0
2  797 1 798 -1 799 1 794 -1 795 1 122 -1 121 1 120 -1 118 1 347 -1 830 -1 815 -1 822 -1 345 1 814 -1 813 -1 0
2  797 1 798 -1 799 1 794 -1 795 1 122 -1 121 1 120 -1 118 1 347 -1 828 -1 815 -1 822 -1 345 1 814 -1 813 -1 0
2  797 1 798 -1 799 1 794 -1 795 1 122 -1 121 1 120 -1 118 1 347 -1 826 -1 815 -1 822 -1 345 1 814 -1 813 -1 0
2  797 1 798 -1 799 1 794 -1 795 1 122 -1 121 1 120 -1 118 1 347 -1 346 -1 822 -1 345 1 814 -1 813 -1 0
2  797 1 798 -1 799 1 794 -1 795 1 122 -1 121 1 120 -1 118 1 347 -1 880 -1 815 -1 822 -1 345 1 814 -1 813 -1 0
2  797 1 798 -1 799 1 794 -1 795 1 122 -1 121 1 120 -1 118 1 347 -1 878 -1 815 -1 822 -1 345 1 814 -1 813 -1 0
2  797 1 798 -1 799 1 794 -1 795 1 122 -1 121 1 120 -1 118 1 347 -1 876 -1 815 -1 822 -1 345 1 814 -1 813 -1 0
2  797 1 798 -1 799 1 794 -1 795 1 122 -1 121 1 120 -1 118 1 347 -1 874 -1 815 -1 822 -1 345 1 814 -1 813 -1 0
2  797 1 798 -1 799 1 794 -1 795 1 122 -1 121 1 120 -1 118 1 347 -1 872 -1 815 -1 822 -1 345 1 814 -1 813 -1 0
2  797 1 798 -1 799 1 794 -1 795 1 122 -1 121 1 120 -1 118 1 347 -1 870 -1 815 -1 822 -1 345 1 814 -1 813 -1 0
2  797 1 798 -1 799 1 794 -1 795 1 122 -1 121 1 120 -1 118 1 347 -1 818 -1 815 -1 822 -1 345 1 814 -1 813 -1 0
2  801 -1 802 1 803 -1 804 1 805 -1 806 1 807 -1 808 1 122 -1 121 1 120 -1 118 1 347 -1 816 -1 815 -1 822 -1 345 1 814 -1 813 -1 0
2  801 -1 802 1 803 -1 804 1 805 -1 806 1 807 -1 808 1 122 -1 121 1 120 -1 118 1 347 -1 866 -1 815 -1 822 -1 345 1 814 -1 813 -1 0
2  801 -1 802 1 803 -1 804 1 805 -1 806 1 807 -1 808 1 122 -1 121 1 120 -1 118 1 347 -1 864 -1 815 -1 822 -1 345 1 814 -1 813 -1 0
2  801 -1 802 1 803 -1 804 1 805 -1 806 1 807 -1 808 1 122 -1 121 1 120 -1 118 1 347 -1 862 -1 815 -1 822 -1 345 1 814 -1 813 -1 0
2  801 -1 802 1 803 -1 804 1 805 -1 806 1 807 -1 808 1 122 -1 121 1 120 -1 118 1 347 -1 860 -1 815 -1 822 -1 345 1 814 -1 813 -1 0
2  801 -1 802 1 803 -1 804 1 805 -1 806 1 807 -1 808 1 122 -1 121 1 120 -1 118 1 347 -1 858 -1 815 -1 822 -1 345 1 814 -1 813 -1 0
2  801 -1 802 1 803 -1 804 1 805 -1 806 1 807 -1 808 1 122 -1 121 1 120 -1 118 1 347 -1 856 -1 815 -1 822 -1 345 1 814 -1 813 -1 0
2  801 -1 802 1 803 -1 804 1 805 -1 806 1 807 -1 808 1 122 -1 121 1 120 -1 118 1 347 -1 854 -1 815 -1 822 -1 345 1 814 -1 813 -1 0
2  801 -1 802 1 803 -1 804 1 805 -1 806 1 807 -1 808 1 122 -1 121 1 120 -1 118 1 347 -1 852 -1 815 -1 822 -1 345 1 814 -1 813 -1 0
2  801 -1 802 1 803 -1 804 1 805 -1 806 1 807 -1 808 1 122 -1 121 1 120 -1 118 1 347 -1 850 -1 815 -1 822 -1 345 1 814 -1 813 -1 0
2  801 -1 802 1 803 -1 804 1 805 -1 806 1 807 -1 808 1 122 -1 121 1 120 -1 118 1 347 -1 848 -1 815 -1 822 -1 345 1 814 -1 813 -1 0
2  801 -1 802 1 803 -1 804 1 805 -1 806 1 807 -1 808 1 122 -1 121 1 120 -1 118 1 347 -1 846 -1 815 -1 822 -1 345 1 814 -1 813 -1 0
2  801 -1 802 1 803 -1 804 1 805 -1 806 1 807 -1 808 1 122 -1 121 1 120 -1 118 1 347 -1 844 -1 815 -1 822 -1 345 1 814 -1 813 -1 0
2  801 -1 802 1 803 -1 804 1 805 -1 806 1 807 -1 808 1 122 -1 121 1 120 -1 118 1 347 -1 842 -1 815 -1 822 -1 345 1 814 -1 813 -1 0
2  801 -1 802 1 803 -1 804 1 805 -1 806 1 807 -1 808 1 122 -1 121 1 120 -1 118 1 347 -1 840 -1 815 -1 822 -1 345 1 814 -1 813 -1 0
2  801 -1 802 1 803 -1 804 1 805 -1 806 1 807 -1 808 1 122 -1 121 1 120 -1 118 1 347 -1 838 -1 815 -1 822 -1 345 1 814 -1 813 -1 0
2  801 -1 802 1 803 -1 804 1 805 -1 806 1 807 -1 808 1 122 -1 121 1 120 -1 118 1 347 -1 836 -1 815 -1 822 -1 345 1 814 -1 813 -1 0
2  801 -1 802 1 803 -1 804 1 805 -1 806 1 807 -1 808 1 122 -1 121 1 120 -1 118 1 347 -1 834 -1 815 -1 822 -1 345 1 814 -1 813 -1 0
2  801 -1 802 1 803 -1 804 1 805 -1 806 1 807 -1 808 1 122 -1 121 1 120 -1 118 1 347 -1 832 -1 815 -1 822 -1 345 1 814 -1 813 -1 0
2  801 -1 802 1 803 -1 804 1 805 -1 806 1 807 -1 808 1 122 -1 121 1 120 -1 118 1 347 -1 830 -1 815 -1 822 -1 345 1 814 -1 813 -1 0
2  801 -1 802 1 803 -1 804 1 805 -1 806 1 807 -1 808 1 122 -1 121 1 120 -1 118 1 347 -1 828 -1 815 -1 822 -1 345 1 814 -1 813 -1 0
2  801 -1 802 1 803 -1 804 1 805 -1 806 1 807 -1 808 1 122 -1 121 1 120 -1 118 1 347 -1 826 -1 815 -1 822 -1 345 1 814 -1 813 -1 0
2  801 -1 802 1 803 -1 804 1 805 -1 806 1 807 -1 808 1 122 -1 121 1 120 -1 118 1 347 -1 346 -1 822 -1 345 1 814 -1 813 -1 0
2  801 -1 802 1 803 -1 804 1 805 -1 806 1 807 -1 808 1 122 -1 121 1 120 -1 118 1 347 -1 880 -1 815 -1 822 -1 345 1 814 -1 813 -1 0
2  801 -1 802 1 803 -1 804 1 805 -1 806 1 807 -1 808 1 122 -1 121 1 120 -1 118 1 347 -1 878 -1 815 -1 822 -1 345 1 814 -1 813 -1 0
2  801 -1 802 1 803 -1 804 1 805 -1 806 1 807 -1 808 1 122 -1 121 1 120 -1 118 1 347 -1 876 -1 815 -1 822 -1 345 1 814 -1 813 -1 0
2  801 -1 802 1 803 -1 804 1 805 -1 806 1 807 -1 808 1 122 -1 121 1 120 -1 118 1 347 -1 874 -1 815 -1 822 -1 345 1 814 -1 813 -1 0
2  801 -1 802 1 803 -1 804 1 805 -1 806 1 807 -1 808 1 122 -1 121 1 120 -1 118 1 347 -1 872 -1 815 -1 822 -1 345 1 814 -1 813 -1 0
2  801 -1 802 1 803 -1 804 1 805 -1 806 1 807 -1 808 1 122 -1 121 1 120 -1 118 1 347 -1 870 -1 815 -1 822 -1 345 1 814 -1 813 -1 0
2  801 -1 802 1 803 -1 804 1 805 -1 806 1 807 -1 808 1 122 -1 121 1 120 -1 118 1 347 -1 818 -1 815 -1 822 -1 345 1 814 -1 813 -1 0
2  95 -1 96 1 97 -1 98 1 99 -1 100 1 2 -1 11 1 122 -1 121 1 120 -1 118 1 347 -1 816 -1 815 -1 822 -1 345 1 814 -1 813 -1 0
2  95 -1 96 1 97 -1 98 1 99 -1 100 1 2 -1 11 1 122 -1 121 1 120 -1 118 1 347 -1 866 -1 815 -1 822 -1 345 1 814 -1 813 -1 0
2  95 -1 96 1 97 -1 98 1 99 -1 100 1 2 -1 11 1 122 -1 121 1 120 -1 118 1 347 -1 864 -1 815 -1 822 -1 345 1 814 -1 813 -1 0
2  95 -1 96 1 97 -1 98 1 99 -1 100 1 2 -1 11 1 122 -1 121 1 120 -1 118 1 347 -1 862 -1 815 -1 822 -1 345 1 814 -1 813 -1 0
2  95 -1 96 1 97 -1 98 1 99 -1 100 1 2 -1 11 1 122 -1 121 1 120 -1 118 1 347 -1 860 -1 815 -1 822 -1 345 1 814 -1 813 -1 0
2  95 -1 96 1 97 -1 98 1 99 -1 100 1 2 -1 11 1 122 -1 121 1 120 -1 118 1 347 -1 858 -1 815 -1 822 -1 345 1 814 -1 813 -1 0
2  95 -1 96 1 97 -1 98 1 99 -1 100 1 2 -1 11 1 122 -1 121 1 120 -1 118 1 347 -1 856 -1 815 -1 822 -1 345 1 814 -1 813 -1 0
2  95 -1 96 1 97 -1 98 1 99 -1 100 1 2 -1 11 1 122 -1 121 1 120 -1 118 1 347 -1 854 -1 815 -1 822 -1 345 1 814 -1 813 -1 0
2  95 -1 96 1 97 -1 98 1 99 -1 100 1 2 -1 11 1 122 -1 121 1 120 -1 118 1 347 -1 852 -1 815 -1 822 -1 345 1 814 -1 813 -1 0
2  95 -1 96 1 97 -1 98 1 99 -1 100 1 2 -1 11 1 122 -1 121 1 120 -1 118 1 347 -1 850 -1 815 -1 822 -1 345 1 814 -1 813 -1 0
2  95 -1 96 1 97 -1 98 1 99 -1 100 1 2 -1 11 1 122 -1 121 1 120 -1 118 1 347 -1 848 -1 815 -1 822 -1 345 1 814 -1 813 -1 0
2  95 -1 96 1 97 -1 98 1 99 -1 100 1 2 -1 11 1 122 -1 121 1 120 -1 118 1 347 -1 846 -1 815 -1 822 -1 345 1 814 -1 813 -1 0
2  95 -1 96 1 97 -1 98 1 99 -1 100 1 2 -1 11 1 122 -1 121 1 120 -1 118 1 347 -1 844 -1 815 -1 822 -1 345 1 814 -1 813 -1 0
2  95 -1 96 1 97 -1 98 1 99 -1 100 1 2 -1 11 1 122 -1 121 1 120 -1 118 1 347 -1 842 -1 815 -1 822 -1 345 1 814 -1 813 -1 0
2  95 -1 96 1 97 -1 98 1 99 -1 100 1 2 -1 11 1 122 -1 121 1 120 -1 118 1 347 -1 840 -1 815 -1 822 -1 345 1 814 -1 813 -1 0
2  95 -1 96 1 97 -1 98 1 99 -1 100 1 2 -1 11 1 122 -1 121 1 120 -1 118 1 347 -1 838 -1 815 -1 822 -1 345 1 814 -1 813 -1 0
2  95 -1 96 1 97 -1 98 1 99 -1 100 1 2 -1 11 1 122 -1 121 1 120 -1 118 1 347 -1 836 -1 815 -1 822 -1 345 1 814 -1 813 -1 0
2  95 -1 96 1 97 -1 98 1 99 -1 100 1 2 -1 11 1 122 -1 121 1 120 -1 118 1 347 -1 834 -1 815 -1 822 -1 345 1 814 -1 813 -1 0
2  95 -1 96 1 97 -1 98 1 99 -1 100 1 2 -1 11 1 122 -1 121 1 120 -1 118 1 347 -1 832 -1 815 -1 822 -1 345 1 814 -1 813 -1 0
2  95 -1 96 1 97 -1 98 1 99 -1 100 1 2 -1 11 1 122 -1 121 1 120 -1 118 1 347 -1 830 -1 815 -1 822 -1 345 1 814 -1 813 -1 0
2  95 -1 96 1 97 -1 98 1 99 -1 100 1 2 -1 11 1 122 -1 121 1 120 -1 118 1 347 -1 828 -1 815 -1 822 -1 345 1 814 -1 813 -1 0
2  95 -1 96 1 97 -1 98 1 99 -1 100 1 2 -1 11 1 122 -1 121 1 120 -1 118 1 347 -1 826 -1 815 -1 822 -1 345 1 814 -1 813 -1 0
2  95 -1 96 1 97 -1 98 1 99 -1 100 1 2 -1 11 1 122 -1 121 1 120 -1 118 1 347 -1 346 -1 822 -1 345 1 814 -1 813 -1 0
2  95 -1 96 1 97 -1 98 1 99 -1 100 1 2 -1 11 1 122 -1 121 1 120 -1 118 1 347 -1 880 -1 815 -1 822 -1 345 1 814 -1 813 -1 0
2  95 -1 96 1 97 -1 98 1 99 -1 100 1 2 -1 11 1 122 -1 121 1 120 -1 118 1 347 -1 878 -1 815 -1 822 -1 345 1 814 -1 813 -1 0
2  95 -1 96 1 97 -1 98 1 99 -1 100 1 2 -1 11 1 122 -1 121 1 120 -1 118 1 347 -1 876 -1 815 -1 822 -1 345 1 814 -1 813 -1 0
2  95 -1 96 1 97 -1 98 1 99 -1 100 1 2 -1 11 1 122 -1 121 1 120 -1 118 1 347 -1 874 -1 815 -1 822 -1 345 1 814 -1 813 -1 0
2  95 -1 96 1 97 -1 98 1 99 -1 100 1 2 -1 11 1 122 -1 121 1 120 -1 118 1 347 -1 872 -1 815 -1 822 -1 345 1 814 -1 813 -1 0
2  95 -1 96 1 97 -1 98 1 99 -1 100 1 2 -1 11 1 122 -1 121 1 120 -1 118 1 347 -1 870 -1 815 -1 822 -1 345 1 814 -1 813 -1 0
2  95 -1 96 1 97 -1 98 1 99 -1 100 1 2 -1 11 1 122 -1 121 1 120 -1 118 1 347 -1 818 -1 815 -1 822 -1 345 1 814 -1 813 -1 0
2  107 -1 108 1 109 -1 110 1 111 -1 112 1 2 -1 11 1 122 -1 121 1 120 -1 118 1 347 -1 816 -1 815 -1 822 -1 345 1 814 -1 813 -1 0
2  107 -1 108 1 109 -1 110 1 111 -1 112 1 2 -1 11 1 122 -1 121 1 120 -1 118 1 347 -1 866 -1 815 -1 822 -1 345 1 814 -1 813 -1 0
2  107 -1 108 1 109 -1 110 1 111 -1 112 1 2 -1 11 1 122 -1 121 1 120 -1 118 1 347 -1 864 -1 815 -1 822 -1 345 1 814 -1 813 -1 0
2  107 -1 108 1 109 -1 110 1 111 -1 112 1 2 -1 11 1 122 -1 121 1 120 -1 118 1 347 -1 862 -1 815 -1 822 -1 345 1 814 -1 813 -1 0
2  107 -1 108 1 109 -1 110 1 111 -1 112 1 2 -1 11 1 122 -1 121 1 120 -1 118 1 347 -1 860 -1 815 -1 822 -1 345 1 814 -1 813 -1 0
2  107 -1 108 1 109 -1 110 1 111 -1 112 1 2 -1 11 1 122 -1 121 1 120 -1 118 1 347 -1 858 -1 815 -1 822 -1 345 1 814 -1 813 -1 0
2  107 -1 108 1 109 -1 110 1 111 -1 112 1 2 -1 11 1 122 -1 121 1 120 -1 118 1 347 -1 856 -1 815 -1 822 -1 345 1 814 -1 813 -1 0
2  107 -1 108 1 109 -1 110 1 111 -1 112 1 2 -1 11 1 122 -1 121 1 120 -1 118 1 347 -1 854 -1 815 -1 822 -1 345 1 814 -1 813 -1 0
2  107 -1 108 1 109 -1 110 1 111 -1 112 1 2 -1 11 1 122 -1 121 1 120 -1 118 1 347 -1 852 -1 815 -1 822 -1 345 1 814 -1 813 -1 0
2  107 -1 108 1 109 -1 110 1 111 -1 112 1 2 -1 11 1 122 -1 121 1 120 -1 118 1 347 -1 850 -1 815 -1 822 -1 345 1 814 -1 813 -1 0
2  107 -1 108 1 109 -1 110 1 111 -1 112 1 2 -1 11 1 122 -1 121 1 120 -1 118 1 347 -1 848 -1 815 -1 822 -1 345 1 814 -1 813 -1 0
2  107 -1 108 1 109 -1 110 1 111 -1 112 1 2 -1 11 1 122 -1 121 1 120 -1 118 1 347 -1 846 -1 815 -1 822 -1 345 1 814 -1 813 -1 0
2  107 -1 108 1 109 -1 110 1 111 -1 112 1 2 -1 11 1 122 -1 121 1 120 -1 118 1 347 -1 844 -1 815 -1 822 -1 345 1 814 -1 813 -1 0
2  107 -1 108 1 109 -1 110 1 111 -1 112 1 2 -1 11 1 122 -1 121 1 120 -1 118 1 347 -1 842 -1 815 -1 822 -1 345 1 814 -1 813 -1 0
2  107 -1 108 1 109 -1 110 1 111 -1 112 1 2 -1 11 1 122 -1 121 1 120 -1 118 1 347 -1 840 -1 815 -1 822 -1 345 1 814 -1 813 -1 0
2  107 -1 108 1 109 -1 110 1 111 -1 112 1 2 -1 11 1 122 -1 121 1 120 -1 118 1 347 -1 838 -1 815 -1 822 -1 345 1 814 -1 813 -1 0
2  107 -1 108 1 109 -1 110 1 111 -1 112 1 2 -1 11 1 122 -1 121 1 120 -1 118 1 347 -1 836 -1 815 -1 822 -1 345 1 814 -1 813 -1 0
2  107 -1 108 1 109 -1 110 1 111 -1 112 1 2 -1 11 1 122 -1 121 1 120 -1 118 1 347 -1 834 -1 815 -1 822 -1 345 1 814 -1 813 -1 0
2  107 -1 108 1 109 -1 110 1 111 -1 112 1 2 -1 11 1 122 -1 121 1 120 -1 118 1 347 -1 832 -1 815 -1 822 -1 345 1 814 -1 813 -1 0
2  107 -1 108 1 109 -1 110 1 111 -1 112 1 2 -1 11 1 122 -1 121 1 120 -1 118 1 347 -1 830 -1 815 -1 822 -1 345 1 814 -1 813 -1 0
2  107 -1 108 1 109 -1 110 1 111 -1 112 1 2 -1 11 1 122 -1 121 1 120 -1 118 1 347 -1 828 -1 815 -1 822 -1 345 1 814 -1 813 -1 0
2  107 -1 108 1 109 -1 110 1 111 -1 112 1 2 -1 11 1 122 -1 121 1 120 -1 118 1 347 -1 826 -1 815 -1 822 -1 345 1 814 -1 813 -1 0
2  107 -1 108 1 109 -1 110 1 111 -1 112 1 2 -1 11 1 122 -1 121 1 120 -1 118 1 347 -1 346 -1 822 -1 345 1 814 -1 813 -1 0
2  107 -1 108 1 109 -1 110 1 111 -1 112 1 2 -1 11 1 122 -1 121 1 120 -1 118 1 347 -1 880 -1 815 -1 822 -1 345 1 814 -1 813 -1 0
2  107 -1 108 1 109 -1 110 1 111 -1 112 1 2 -1 11 1 122 -1 121 1 120 -1 118 1 347 -1 878 -1 815 -1 822 -1 345 1 814 -1 813 -1 0
2  107 -1 108 1 109 -1 110 1 111 -1 112 1 2 -1 11 1 122 -1 121 1 120 -1 118 1 347 -1 876 -1 815 -1 822 -1 345 1 814 -1 813 -1 0
2  107 -1 108 1 109 -1 110 1 111 -1 112 1 2 -1 11 1 122 -1 121 1 120 -1 118 1 347 -1 874 -1 815 -1 822 -1 345 1 814 -1 813 -1 0
2  107 -1 108 1 109 -1 110 1 111 -1 112 1 2 -1 11 1 122 -1 121 1 120 -1 118 1 347 -1 872 -1 815 -1 822 -1 345 1 814 -1 813 -1 0
2  107 -1 108 1 109 -1 110 1 111 -1 112 1 2 -1 11 1 122 -1 121 1 120 -1 118 1 347 -1 870 -1 815 -1 822 -1 345 1 814 -1 813 -1 0
2  107 -1 108 1 109 -1 110 1 111 -1 112 1 2 -1 11 1 122 -1 121 1 120 -1 118 1 347 -1 818 -1 815 -1 822 -1 345 1 814 -1 813 -1 0
2  322 -1 7 1 6 -1 5 1 4 -1 3 1 2 -1 11 1 122 -1 121 1 120 -1 118 1 347 -1 816 -1 815 -1 822 -1 345 1 814 -1 813 -1 0
2  322 -1 7 1 6 -1 5 1 4 -1 3 1 2 -1 11 1 122 -1 121 1 120 -1 118 1 347 -1 866 -1 815 -1 822 -1 345 1 814 -1 813 -1 0
2  322 -1 7 1 6 -1 5 1 4 -1 3 1 2 -1 11 1 122 -1 121 1 120 -1 118 1 347 -1 864 -1 815 -1 822 -1 345 1 814 -1 813 -1 0
2  322 -1 7 1 6 -1 5 1 4 -1 3 1 2 -1 11 1 122 -1 121 1 120 -1 118 1 347 -1 862 -1 815 -1 822 -1 345 1 814 -1 813 -1 0
2  322 -1 7 1 6 -1 5 1 4 -1 3 1 2 -1 11 1 122 -1 121 1 120 -1 118 1 347 -1 860 -1 815 -1 822 -1 345 1 814 -1 813 -1 0
2  322 -1 7 1 6 -1 5 1 4 -1 3 1 2 -1 11 1 122 -1 121 1 120 -1 118 1 347 -1 858 -1 815 -1 822 -1 345 1 814 -1 813 -1 0
2  322 -1 7 1 6 -1 5 1 4 -1 3 1 2 -1 11 1 122 -1 121 1 120 -1 118 1 347 -1 856 -1 815 -1 822 -1 345 1 814 -1 813 -1 0
2  322 -1 7 1 6 -1 5 1 4 -1 3 1 2 -1 11 1 122 -1 121 1 120 -1 118 1 347 -1 854 -1 815 -1 822 -1 345 1 814 -1 813 -1 0
2  322 -1 7 1 6 -1 5 1 4 -1 3 1 2 -1 11 1 122 -1 121 1 120 -1 118 1 347 -1 852 -1 815 -1 822 -1 345 1 814 -1 813 -1 0
2  322 -1 7 1 6 -1 5 1 4 -1 3 1 2 -1 11 1 122 -1 121 1 120 -1 118 1 347 -1 850 -1 815 -1 822 -1 345 1 814 -1 813 -1 0
2  322 -1 7 1 6 -1 5 1 4 -1 3 1 2 -1 11 1 122 -1 121 1 120 -1 118 1 347 -1 848 -1 815 -1 822 -1 345 1 814 -1 813 -1 0
2  322 -1 7 1 6 -1 5 1 4 -1 3 1 2 -1 11 1 122 -1 121 1 120 -1 118 1 347 -1 846 -1 815 -1 822 -1 345 1 814 -1 813 -1 0
2  322 -1 7 1 6 -1 5 1 4 -1 3 1 2 -1 11 1 122 -1 121 1 120 -1 118 1 347 -1 844 -1 815 -1 822 -1 345 1 814 -1 813 -1 0
2  322 -1 7 1 6 -1 5 1 4 -1 3 1 2 -1 11 1 122 -1 121 1 120 -1 118 1 347 -1 842 -1 815 -1 822 -1 345 1 814 -1 813 -1 0
2  322 -1 7 1 6 -1 5 1 4 -1 3 1 2 -1 11 1 122 -1 121 1 120 -1 118 1 347 -1 840 -1 815 -1 822 -1 345 1 814 -1 813 -1 0
2  322 -1 7 1 6 -1 5 1 4 -1 3 1 2 -1 11 1 122 -1 121 1 120 -1 118 1 347 -1 838 -1 815 -1 822 -1 345 1 814 -1 813 -1 0
2  322 -1 7 1 6 -1 5 1 4 -1 3 1 2 -1 11 1 122 -1 121 1 120 -1 118 1 347 -1 836 -1 815 -1 822 -1 345 1 814 -1 813 -1 0
2  322 -1 7 1 6 -1 5 1 4 -1 3 1 2 -1 11 1 122 -1 121 1 120 -1 118 1 347 -1 834 -1 815 -1 822 -1 345 1 814 -1 813 -1 0
2  322 -1 7 1 6 -1 5 1 4 -1 3 1 2 -1 11 1 122 -1 121 1 120 -1 118 1 347 -1 832 -1 815 -1 822 -1 345 1 814 -1 813 -1 0
2  322 -1 7 1 6 -1 5 1 4 -1 3 1 2 -1 11 1 122 -1 121 1 120 -1 118 1 347 -1 830 -1 815 -1 822 -1 345 1 814 -1 813 -1 0
2  322 -1 7 1 6 -1 5 1 4 -1 3 1 2 -1 11 1 122 -1 121 1 120 -1 118 1 347 -1 828 -1 815 -1 822 -1 345 1 814 -1 813 -1 0
2  322 -1 7 1 6 -1 5 1 4 -1 3 1 2 -1 11 1 122 -1 121 1 120 -1 118 1 347 -1 826 -1 815 -1 822 -1 345 1 814 -1 813 -1 0
2  322 -1 7 1 6 -1 5 1 4 -1 3 1 2 -1 11 1 122 -1 121 1 120 -1 118 1 347 -1 346 -1 822 -1 345 1 814 -1 813 -1 0
2  322 -1 7 1 6 -1 5 1 4 -1 3 1 2 -1 11 1 122 -1 121 1 120 -1 118 1 347 -1 880 -1 815 -1 822 -1 345 1 814 -1 813 -1 0
2  322 -1 7 1 6 -1 5 1 4 -1 3 1 2 -1 11 1 122 -1 121 1 120 -1 118 1 347 -1 878 -1 815 -1 822 -1 345 1 814 -1 813 -1 0
2  322 -1 7 1 6 -1 5 1 4 -1 3 1 2 -1 11 1 122 -1 121 1 120 -1 118 1 347 -1 876 -1 815 -1 822 -1 345 1 814 -1 813 -1 0
2  322 -1 7 1 6 -1 5 1 4 -1 3 1 2 -1 11 1 122 -1 121 1 120 -1 118 1 347 -1 874 -1 815 -1 822 -1 345 1 814 -1 813 -1 0
2  322 -1 7 1 6 -1 5 1 4 -1 3 1 2 -1 11 1 122 -1 121 1 120 -1 118 1 347 -1 872 -1 815 -1 822 -1 345 1 814 -1 813 -1 0
2  322 -1 7 1 6 -1 5 1 4 -1 3 1 2 -1 11 1 122 -1 121 1 120 -1 118 1 347 -1 870 -1 815 -1 822 -1 345 1 814 -1 813 -1 0
2  322 -1 7 1 6 -1 5 1 4 -1 3 1 2 -1 11 1 122 -1 121 1 120 -1 118 1 347 -1 818 -1 815 -1 822 -1 345 1 814 -1 813 -1 0
2  815 1 818 1 347 1 118 -1 120 1 121 -1 122 1 11 -1 2 1 3 -1 4 1 5 -1 6 1 7 -1 0
2  219 -1 220 -1 221 -1 222 -1 223 -1 224 1 225 -1 198 1 347 -1 816 -1 815 -1 0
2  219 -1 220 -1 221 -1 222 -1 223 -1 224 1 225 -1 198 1 347 -1 866 -1 815 -1 0
2  219 -1 220 -1 221 -1 222 -1 223 -1 224 1 225 -1 198 1 347 -1 864 -1 815 -1 0
2  219 -1 220 -1 221 -1 222 -1 223 -1 224 1 225 -1 198 1 347 -1 862 -1 815 -1 0
2  219 -1 220 -1 221 -1 222 -1 223 -1 224 1 225 -1 198 1 347 -1 860 -1 815 -1 0
2  219 -1 220 -1 221 -1 222 -1 223 -1 224 1 225 -1 198 1 347 -1 858 -1 815 -1 0
2  219 -1 220 -1 221 -1 222 -1 223 -1 224 1 225 -1 198 1 347 -1 856 -1 815 -1 0
2  219 -1 220 -1 221 -1 222 -1 223 -1 224 1 225 -1 198 1 347 -1 854 -1 815 -1 0
2  219 -1 220 -1 221 -1 222 -1 223 -1 224 1 225 -1 198 1 347 -1 852 -1 815 -1 0
2  219 -1 220 -1 221 -1 222 -1 223 -1 224 1 225 -1 198 1 347 -1 850 -1 815 -1 0
2  219 -1 220 -1 221 -1 222 -1 223 -1 224 1 225 -1 198 1 347 -1 848 -1 815 -1 0
2  219 -1 220 -1 221 -1 222 -1 223 -1 224 1 225 -1 198 1 347 -1 846 -1 815 -1 0
2  219 -1 220 -1 221 -1 222 -1 223 -1 224 1 225 -1 198 1 347 -1 844 -1 815 -1 0
2  219 -1 220 -1 221 -1 222 -1 223 -1 224 1 225 -1 198 1 347 -1 842 -1 815 -1 0
2  219 -1 220 -1 221 -1 222 -1 223 -1 224 1 225 -1 198 1 347 -1 840 -1 815 -1 0
2  219 -1 220 -1 221 -1 222 -1 223 -1 224 1 225 -1 198 1 347 -1 838 -1 815 -1 0
2  219 -1 220 -1 221 -1 222 -1 223 -1 224 1 225 -1 198 1 347 -1 836 -1 815 -1 0
2  219 -1 220 -1 221 -1 222 -1 223 -1 224 1 225 -1 198 1 347 -1 834 -1 815 -1 0
2  219 -1 220 -1 221 -1 222 -1 223 -1 224 1 225 -1 198 1 347 -1 832 -1 815 -1 0
2  219 -1 220 -1 221 -1 222 -1 223 -1 224 1 225 -1 198 1 347 -1 830 -1 815 -1 0
2  219 -1 220 -1 221 -1 222 -1 223 -1 224 1 225 -1 198 1 347 -1 828 -1 815 -1 0
2  219 -1 220 -1 221 -1 222 -1 223 -1 224 1 225 -1 198 1 347 -1 826 -1 815 -1 0
2  219 -1 220 -1 221 -1 222 -1 223 -1 224 1 225 -1 198 1 347 -1 346 -1 0
2  219 -1 220 -1 221 -1 222 -1 223 -1 224 1 225 -1 198 1 347 -1 880 -1 815 -1 0
2  219 -1 220 -1 221 -1 222 -1 223 -1 224 1 225 -1 198 1 347 -1 878 -1 815 -1 0
2  219 -1 220 -1 221 -1 222 -1 223 -1 224 1 225 -1 198 1 347 -1 876 -1 815 -1 0
2  219 -1 220 -1 221 -1 222 -1 223 -1 224 1 225 -1 198 1 347 -1 874 -1 815 -1 0
2  219 -1 220 -1 221 -1 222 -1 223 -1 224 1 225 -1 198 1 347 -1 872 -1 815 -1 0
2  219 -1 220 -1 221 -1 222 -1 223 -1 224 1 225 -1 198 1 347 -1 870 -1 815 -1 0
2  219 -1 220 -1 221 -1 222 -1 223 -1 224 1 225 -1 198 1 347 -1 818 -1 815 -1 0
2  243 -1 220 -1 221 -1 222 -1 223 -1 224 1 225 -1 198 1 347 -1 816 -1 815 -1 0
2  243 -1 220 -1 221 -1 222 -1 223 -1 224 1 225 -1 198 1 347 -1 866 -1 815 -1 0
2  243 -1 220 -1 221 -1 222 -1 223 -1 224 1 225 -1 198 1 347 -1 864 -1 815 -1 0
2  243 -1 220 -1 221 -1 222 -1 223 -1 224 1 225 -1 198 1 347 -1 862 -1 815 -1 0
2  243 -1 220 -1 221 -1 222 -1 223 -1 224 1 225 -1 198 1 347 -1 860 -1 815 -1 0
2  243 -1 220 -1 221 -1 222 -1 223 -1 224 1 225 -1 198 1 347 -1 858 -1 815 -1 0
2  243 -1 220 -1 221 -1 222 -1 223 -1 224 1 225 -1 198 1 347 -1 856 -1 815 -1 0
2  243 -1 220 -1 221 -1 222 -1 223 -1 224 1 225 -1 198 1 347 -1 854 -1 815 -1 0
2  243 -1 220 -1 221 -1 222 -1 223 -1 224 1 225 -1 198 1 347 -1 852 -1 815 -1 0
2  243 -1 220 -1 221 -1 222 -1 223 -1 224 1 225 -1 198 1 347 -1 850 -1 815 -1 0
2  243 -1 220 -1 221 -1 222 -1 223 -1 224 1 225 -1 198 1 347 -1 848 -1 815 -1 0
2  243 -1 220 -1 221 -1 222 -1 223 -1 224 1 225 -1 198 1 347 -1 846 -1 815 -1 0
2  243 -1 220 -1 221 -1 222 -1 223 -1 224 1 225 -1 198 1 347 -1 844 -1 815 -1 0
2  243 -1 220 -1 221 -1 222 -1 223 -1 224 1 225 -1 198 1 347 -1 842 -1 815 -1 0
2  243 -1 220 -1 221 -1 222 -1 223 -1 224 1 225 -1 198 1 347 -1 840 -1 815 -1 0
2  243 -1 220 -1 221 -1 222 -1 223 -1 224 1 225 -1 198 1 347 -1 838 -1 815 -1 0
2  243 -1 220 -1 221 -1 222 -1 223 -1 224 1 225 -1 198 1 347 -1 836 -1 815 -1 0
2  243 -1 220 -1 221 -1 222 -1 223 -1 224 1 225 -1 198 1 347 -1 834 -1 815 -1 0
2  243 -1 220 -1 221 -1 222 -1 223 -1 224 1 225 -1 198 1 347 -1 832 -1 815 -1 0
2  243 -1 220 -1 221 -1 222 -1 223 -1 224 1 225 -1 198 1 347 -1 830 -1 815 -1 0
2  243 -1 220 -1 221 -1 222 -1 223 -1 224 1 225 -1 198 1 347 -1 828 -1 815 -1 0
2  243 -1 220 -1 221 -1 222 -1 223 -1 224 1 225 -1 198 1 347 -1 826 -1 815 -1 0
2  243 -1 220 -1 221 -1 222 -1 223 -1 224 1 225 -1 198 1 347 -1 346 -1 0
2  243 -1 220 -1 221 -1 222 -1 223 -1 224 1 225 -1 198 1 347 -1 880 -1 815 -1 0
2  243 -1 220 -1 221 -1 222 -1 223 -1 224 1 225 -1 198 1 347 -1 878 -1 815 -1 0
2  243 -1 220 -1 221 -1 222 -1 223 -1 224 1 225 -1 198 1 347 -1 876 -1 815 -1 0
2  243 -1 220 -1 221 -1 222 -1 223 -1 224 1 225 -1 198 1 347 -1 874 -1 815 -1 0
2  243 -1 220 -1 221 -1 222 -1 223 -1 224 1 225 -1 198 1 347 -1 872 -1 815 -1 0
2  243 -1 220 -1 221 -1 222 -1 223 -1 224 1 225 -1 198 1 347 -1 870 -1 815 -1 0
2  243 -1 220 -1 221 -1 222 -1 223 -1 224 1 225 -1 198 1 347 -1 818 -1 815 -1 0
2  261 -1 220 -1 221 -1 222 -1 223 -1 224 1 225 -1 198 1 347 -1 816 -1 815 -1 0
2  261 -1 220 -1 221 -1 222 -1 223 -1 224 1 225 -1 198 1 347 -1 866 -1 815 -1 0
2  261 -1 220 -1 221 -1 222 -1 223 -1 224 1 225 -1 198 1 347 -1 864 -1 815 -1 0
2  261 -1 220 -1 221 -1 222 -1 223 -1 224 1 225 -1 198 1 347 -1 862 -1 815 -1 0
2  261 -1 220 -1 221 -1 222 -1 223 -1 224 1 225 -1 198 1 347 -1 860 -1 815 -1 0
2  261 -1 220 -1 221 -1 222 -1 223 -1 224 1 225 -1 198 1 347 -1 858 -1 815 -1 0
2  261 -1 220 -1 221 -1 222 -1 223 -1 224 1 225 -1 198 1 347 -1 856 -1 815 -1 0
2  261 -1 220 -1 221 -1 222 -1 223 -1 224 1 225 -1 198 1 347 -1 854 -1 815 -1 0
2  261 -1 220 -1 221 -1 222 -1 223 -1 224 1 225 -1 198 1 347 -1 852 -1 815 -1 0
2  261 -1 220 -1 221 -1 222 -1 223 -1 224 1 225 -1 198 1 347 -1 850 -1 815 -1 0
2  261 -1 220 -1 221 -1 222 -1 223 -1 224 1 225 -1 198 1 347 -1 848 -1 815 -1 0
2  261 -1 220 -1 221 -1 222 -1 223 -1 224 1 225 -1 198 1 347 -1 846 -1 815 -1 0
2  261 -1 220 -1 221 -1 222 -1 223 -1 224 1 225 -1 198 1 347 -1 844 -1 815 -1 0
2  261 -1 220 -1 221 -1 222 -1 223 -1 224 1 225 -1 198 1 347 -1 842 -1 815 -1 0
2  261 -1 220 -1 221 -1 222 -1 223 -1 224 1 225 -1 198 1 347 -1 840 -1 815 -1 0
2  261 -1 220 -1 221 -1 222 -1 223 -1 224 1 225 -1 198 1 347 -1 838 -1 815 -1 0
2  261 -1 220 -1 221 -1 222 -1 223 -1 224 1 225 -1 198 1 347 -1 836 -1 815 -1 0
2  261 -1 220 -1 221 -1 222 -1 223 -1 224 1 225 -1 198 1 347 -1 834 -1 815 -1 0
2  261 -1 220 -1 221 -1 222 -1 223 -1 224 1 225 -1 198 1 347 -1 832 -1 815 -1 0
2  261 -1 220 -1 221 -1 222 -1 223 -1 224 1 225 -1 198 1 347 -1 830 -1 815 -1 0
2  261 -1 220 -1 221 -1 222 -1 223 -1 224 1 225 -1 198 1 347 -1 828 -1 815 -1 0
2  261 -1 220 -1 221 -1 222 -1 223 -1 224 1 225 -1 198 1 347 -1 826 -1 815 -1 0
2  261 -1 220 -1 221 -1 222 -1 223 -1 224 1 225 -1 198 1 347 -1 346 -1 0
2  261 -1 220 -1 221 -1 222 -1 223 -1 224 1 225 -1 198 1 347 -1 880 -1 815 -1 0
2  261 -1 220 -1 221 -1 222 -1 223 -1 224 1 225 -1 198 1 347 -1 878 -1 815 -1 0
2  261 -1 220 -1 221 -1 222 -1 223 -1 224 1 225 -1 198 1 347 -1 876 -1 815 -1 0
2  261 -1 220 -1 221 -1 222 -1 223 -1 224 1 225 -1 198 1 347 -1 874 -1 815 -1 0
2  261 -1 220 -1 221 -1 222 -1 223 -1 224 1 225 -1 198 1 347 -1 872 -1 815 -1 0
2  261 -1 220 -1 221 -1 222 -1 223 -1 224 1 225 -1 198 1 347 -1 870 -1 815 -1 0
2  261 -1 220 -1 221 -1 222 -1 223 -1 224 1 225 -1 198 1 347 -1 818 -1 815 -1 0
2  276 -1 220 -1 221 -1 222 -1 223 -1 224 1 225 -1 198 1 347 -1 816 -1 815 -1 0
2  276 -1 220 -1 221 -1 222 -1 223 -1 224 1 225 -1 198 1 347 -1 866 -1 815 -1 0
2  276 -1 220 -1 221 -1 222 -1 223 -1 224 1 225 -1 198 1 347 -1 864 -1 815 -1 0
2  276 -1 220 -1 221 -1 222 -1 223 -1 224 1 225 -1 198 1 347 -1 862 -1 815 -1 0
2  276 -1 220 -1 221 -1 222 -1 223 -1 224 1 225 -1 198 1 347 -1 860 -1 815 -1 0
2  276 -1 220 -1 221 -1 222 -1 223 -1 224 1 225 -1 198 1 347 -1 858 -1 815 -1 0
2  276 -1 220 -1 221 -1 222 -1 223 -1 224 1 225 -1 198 1 347 -1 856 -1 815 -1 0
2  276 -1 220 -1 221 -1 222 -1 223 -1 224 1 225 -1 198 1 347 -1 854 -1 815 -1 0
2  276 -1 220 -1 221 -1 222 -1 223 -1 224 1 225 -1 198 1 347 -1 852 -1 815 -1 0
2  276 -1 220 -1 221 -1 222 -1 223 -1 224 1 225 -1 198 1 347 -1 850 -1 815 -1 0
2  276 -1 220 -1 221 -1 222 -1 223 -1 224 1 225 -1 198 1 347 -1 848 -1 815 -1 0
2  276 -1 220 -1 221 -1 222 -1 223 -1 224 1 225 -1 198 1 347 -1 846 -1 815 -1 0
2  276 -1 220 -1 221 -1 222 -1 223 -1 224 1 225 -1 198 1 347 -1 844 -1 815 -1 0
2  276 -1 220 -1 221 -1 222 -1 223 -1 224 1 225 -1 198 1 347 -1 842 -1 815 -1 0
2  276 -1 220 -1 221 -1 222 -1 223 -1 224 1 225 -1 198 1 347 -1 840 -1 815 -1 0
2  276 -1 220 -1 221 -1 222 -1 223 -1 224 1 225 -1 198 1 347 -1 838 -1 815 -1 0
2  276 -1 220 -1 221 -1 222 -1 223 -1 224 1 225 -1 198 1 347 -1 836 -1 815 -1 0
2  276 -1 220 -1 221 -1 222 -1 223 -1 224 1 225 -1 198 1 347 -1 834 -1 815 -1 0
2  276 -1 220 -1 221 -1 222 -1 223 -1 224 1 225 -1 198 1 347 -1 832 -1 815 -1 0
2  276 -1 220 -1 221 -1 222 -1 223 -1 224 1 225 -1 198 1 347 -1 830 -1 815 -1 0
2  276 -1 220 -1 221 -1 222 -1 223 -1 224 1 225 -1 198 1 347 -1 828 -1 815 -1 0
2  276 -1 220 -1 221 -1 222 -1 223 -1 224 1 225 -1 198 1 347 -1 826 -1 815 -1 0
2  276 -1 220 -1 221 -1 222 -1 223 -1 224 1 225 -1 198 1 347 -1 346 -1 0
2  276 -1 220 -1 221 -1 222 -1 223 -1 224 1 225 -1 198 1 347 -1 880 -1 815 -1 0
2  276 -1 220 -1 221 -1 222 -1 223 -1 224 1 225 -1 198 1 347 -1 878 -1 815 -1 0
2  276 -1 220 -1 221 -1 222 -1 223 -1 224 1 225 -1 198 1 347 -1 876 -1 815 -1 0
2  276 -1 220 -1 221 -1 222 -1 223 -1 224 1 225 -1 198 1 347 -1 874 -1 815 -1 0
2  276 -1 220 -1 221 -1 222 -1 223 -1 224 1 225 -1 198 1 347 -1 872 -1 815 -1 0
2  276 -1 220 -1 221 -1 222 -1 223 -1 224 1 225 -1 198 1 347 -1 870 -1 815 -1 0
2  276 -1 220 -1 221 -1 222 -1 223 -1 224 1 225 -1 198 1 347 -1 818 -1 815 -1 0
2  280 -1 220 -1 221 -1 222 -1 223 -1 224 1 225 -1 198 1 347 -1 816 -1 815 -1 0
2  280 -1 220 -1 221 -1 222 -1 223 -1 224 1 225 -1 198 1 347 -1 866 -1 815 -1 0
2  280 -1 220 -1 221 -1 222 -1 223 -1 224 1 225 -1 198 1 347 -1 864 -1 815 -1 0
2  280 -1 220 -1 221 -1 222 -1 223 -1 224 1 225 -1 198 1 347 -1 862 -1 815 -1 0
2  280 -1 220 -1 221 -1 222 -1 223 -1 224 1 225 -1 198 1 347 -1 860 -1 815 -1 0
2  280 -1 220 -1 221 -1 222 -1 223 -1 224 1 225 -1 198 1 347 -1 858 -1 815 -1 0
2  280 -1 220 -1 221 -1 222 -1 223 -1 224 1 225 -1 198 1 347 -1 856 -1 815 -1 0
2  280 -1 220 -1 221 -1 222 -1 223 -1 224 1 225 -1 198 1 347 -1 854 -1 815 -1 0
2  280 -1 220 -1 221 -1 222 -1 223 -1 224 1 225 -1 198 1 347 -1 852 -1 815 -1 0
2  280 -1 220 -1 221 -1 222 -1 223 -1 224 1 225 -1 198 1 347 -1 850 -1 815 -1 0
2  280 -1 220 -1 221 -1 222 -1 223 -1 224 1 225 -1 198 1 347 -1 848 -1 815 -1 0
2  280 -1 220 -1 221 -1 222 -1 223 -1 224 1 225 -1 198 1 347 -1 846 -1 815 -1 0
2  280 -1 220 -1 221 -1 222 -1 223 -1 224 1 225 -1 198 1 347 -1 844 -1 815 -1 0
2  280 -1 220 -1 221 -1 222 -1 223 -1 224 1 225 -1 198 1 347 -1 842 -1 815 -1 0
2  280 -1 220 -1 221 -1 222 -1 223 -1 224 1 225 -1 198 1 347 -1 840 -1 815 -1 0
2  280 -1 220 -1 221 -1 222 -1 223 -1 224 1 225 -1 198 1 347 -1 838 -1 815 -1 0
2  280 -1 220 -1 221 -1 222 -1 223 -1 224 1 225 -1 198 1 347 -1 836 -1 815 -1 0
2  280 -1 220 -1 221 -1 222 -1 223 -1 224 1 225 -1 198 1 347 -1 834 -1 815 -1 0
2  280 -1 220 -1 221 -1 222 -1 223 -1 224 1 225 -1 198 1 347 -1 832 -1 815 -1 0
2  280 -1 220 -1 221 -1 222 -1 223 -1 224 1 225 -1 198 1 347 -1 830 -1 815 -1 0
2  280 -1 220 -1 221 -1 222 -1 223 -1 224 1 225 -1 198 1 347 -1 828 -1 815 -1 0
2  280 -1 220 -1 221 -1 222 -1 223 -1 224 1 225 -1 198 1 347 -1 826 -1 815 -1 0
2  280 -1 220 -1 221 -1 222 -1 223 -1 224 1 225 -1 198 1 347 -1 346 -1 0
2  280 -1 220 -1 221 -1 222 -1 223 -1 224 1 225 -1 198 1 347 -1 880 -1 815 -1 0
2  280 -1 220 -1 221 -1 222 -1 223 -1 224 1 225 -1 198 1 347 -1 878 -1 815 -1 0
2  280 -1 220 -1 221 -1 222 -1 223 -1 224 1 225 -1 198 1 347 -1 876 -1 815 -1 0
2  280 -1 220 -1 221 -1 222 -1 223 -1 224 1 225 -1 198 1 347 -1 874 -1 815 -1 0
2  280 -1 220 -1 221 -1 222 -1 223 -1 224 1 225 -1 198 1 347 -1 872 -1 815 -1 0
2  280 -1 220 -1 221 -1 222 -1 223 -1 224 1 225 -1 198 1 347 -1 870 -1 815 -1 0
2  280 -1 220 -1 221 -1 222 -1 223 -1 224 1 225 -1 198 1 347 -1 818 -1 815 -1 0
2  286 -1 220 -1 221 -1 222 -1 223 -1 224 1 225 -1 198 1 347 -1 816 -1 815 -1 0
2  286 -1 220 -1 221 -1 222 -1 223 -1 224 1 225 -1 198 1 347 -1 866 -1 815 -1 0
2  286 -1 220 -1 221 -1 222 -1 223 -1 224 1 225 -1 198 1 347 -1 864 -1 815 -1 0
2  286 -1 220 -1 221 -1 222 -1 223 -1 224 1 225 -1 198 1 347 -1 862 -1 815 -1 0
2  286 -1 220 -1 221 -1 222 -1 223 -1 224 1 225 -1 198 1 347 -1 860 -1 815 -1 0
2  286 -1 220 -1 221 -1 222 -1 223 -1 224 1 225 -1 198 1 347 -1 858 -1 815 -1 0
2  286 -1 220 -1 221 -1 222 -1 223 -1 224 1 225 -1 198 1 347 -1 856 -1 815 -1 0
2  286 -1 220 -1 221 -1 222 -1 223 -1 224 1 225 -1 198 1 347 -1 854 -1 815 -1 0
2  286 -1 220 -1 221 -1 222 -1 223 -1 224 1 225 -1 198 1 347 -1 852 -1 815 -1 0
2  286 -1 220 -1 221 -1 222 -1 223 -1 224 1 225 -1 198 1 347 -1 850 -1 815 -1 0
2  286 -1 220 -1 221 -1 222 -1 223 -1 224 1 225 -1 198 1 347 -1 848 -1 815 -1 0
2  286 -1 220 -1 221 -1 222 -1 223 -1 224 1 225 -1 198 1 347 -1 846 -1 815 -1 0
2  286 -1 220 -1 221 -1 222 -1 223 -1 224 1 225 -1 198 1 347 -1 844 -1 815 -1 0
2  286 -1 220 -1 221 -1 222 -1 223 -1 224 1 225 -1 198 1 347 -1 842 -1 815 -1 0
2  286 -1 220 -1 221 -1 222 -1 223 -1 224 1 225 -1 198 1 347 -1 840 -1 815 -1 0
2  286 -1 220 -1 221 -1 222 -1 223 -1 224 1 225 -1 198 1 347 -1 838 -1 815 -1 0
2  286 -1 220 -1 221 -1 222 -1 223 -1 224 1 225 -1 198 1 347 -1 836 -1 815 -1 0
2  286 -1 220 -1 221 -1 222 -1 223 -1 224 1 225 -1 198 1 347 -1 834 -1 815 -1 0
2  286 -1 220 -1 221 -1 222 -1 223 -1 224 1 225 -1 198 1 347 -1 832 -1 815 -1 0
2  286 -1 220 -1 221 -1 222 -1 223 -1 224 1 225 -1 198 1 347 -1 830 -1 815 -1 0
2  286 -1 220 -1 221 -1 222 -1 223 -1 224 1 225 -1 198 1 347 -1 828 -1 815 -1 0
2  286 -1 220 -1 221 -1 222 -1 223 -1 224 1 225 -1 198 1 347 -1 826 -1 815 -1 0
2  286 -1 220 -1 221 -1 222 -1 223 -1 224 1 225 -1 198 1 347 -1 346 -1 0
2  286 -1 220 -1 221 -1 222 -1 223 -1 224 1 225 -1 198 1 347 -1 880 -1 815 -1 0
2  286 -1 220 -1 221 -1 222 -1 223 -1 224 1 225 -1 198 1 347 -1 878 -1 815 -1 0
2  286 -1 220 -1 221 -1 222 -1 223 -1 224 1 225 -1 198 1 347 -1 876 -1 815 -1 0
2  286 -1 220 -1 221 -1 222 -1 223 -1 224 1 225 -1 198 1 347 -1 874 -1 815 -1 0
2  286 -1 220 -1 221 -1 222 -1 223 -1 224 1 225 -1 198 1 347 -1 872 -1 815 -1 0
2  286 -1 220 -1 221 -1 222 -1 223 -1 224 1 225 -1 198 1 347 -1 870 -1 815 -1 0
2  286 -1 220 -1 221 -1 222 -1 223 -1 224 1 225 -1 198 1 347 -1 818 -1 815 -1 0
2  777 -1 220 -1 221 -1 222 -1 223 -1 224 1 225 -1 198 1 347 -1 816 -1 815 -1 0
2  777 -1 220 -1 221 -1 222 -1 223 -1 224 1 225 -1 198 1 347 -1 866 -1 815 -1 0
2  777 -1 220 -1 221 -1 222 -1 223 -1 224 1 225 -1 198 1 347 -1 864 -1 815 -1 0
2  777 -1 220 -1 221 -1 222 -1 223 -1 224 1 225 -1 198 1 347 -1 862 -1 815 -1 0
2  777 -1 220 -1 221 -1 222 -1 223 -1 224 1 225 -1 198 1 347 -1 860 -1 815 -1 0
2  777 -1 220 -1 221 -1 222 -1 223 -1 224 1 225 -1 198 1 347 -1 858 -1 815 -1 0
2  777 -1 220 -1 221 -1 222 -1 223 -1 224 1 225 -1 198 1 347 -1 856 -1 815 -1 0
2  777 -1 220 -1 221 -1 222 -1 223 -1 224 1 225 -1 198 1 347 -1 854 -1 815 -1 0
2  777 -1 220 -1 221 -1 222 -1 223 -1 224 1 225 -1 198 1 347 -1 852 -1 815 -1 0
2  777 -1 220 -1 221 -1 222 -1 223 -1 224 1 225 -1 198 1 347 -1 850 -1 815 -1 0
2  777 -1 220 -1 221 -1 222 -1 223 -1 224 1 225 -1 198 1 347 -1 848 -1 815 -1 0
2  777 -1 220 -1 221 -1 222 -1 223 -1 224 1 225 -1 198 1 347 -1 846 -1 815 -1 0
2  777 -1 220 -1 221 -1 222 -1 223 -1 224 1 225 -1 198 1 347 -1 844 -1 815 -1 0
2  777 -1 220 -1 221 -1 222 -1 223 -1 224 1 225 -1 198 1 347 -1 842 -1 815 -1 0
2  777 -1 220 -1 221 -1 222 -1 223 -1 224 1 225 -1 198 1 347 -1 840 -1 815 -1 0
2  777 -1 220 -1 221 -1 222 -1 223 -1 224 1 225 -1 198 1 347 -1 838 -1 815 -1 0
2  777 -1 220 -1 221 -1 222 -1 223 -1 224 1 225 -1 198 1 347 -1 836 -1 815 -1 0
2  777 -1 220 -1 221 -1 222 -1 223 -1 224 1 225 -1 198 1 347 -1 834 -1 815 -1 0
2  777 -1 220 -1 221 -1 222 -1 223 -1 224 1 225 -1 198 1 347 -1 832 -1 815 -1 0
2  777 -1 220 -1 221 -1 222 -1 223 -1 224 1 225 -1 198 1 347 -1 830 -1 815 -1 0
2  777 -1 220 -1 221 -1 222 -1 223 -1 224 1 225 -1 198 1 347 -1 828 -1 815 -1 0
2  777 -1 220 -1 221 -1 222 -1 223 -1 224 1 225 -1 198 1 347 -1 826 -1 815 -1 0
2  777 -1 220 -1 221 -1 222 -1 223 -1 224 1 225 -1 198 1 347 -1 346 -1 0
2  777 -1 220 -1 221 -1 222 -1 223 -1 224 1 225 -1 198 1 347 -1 880 -1 815 -1 0
2  777 -1 220 -1 221 -1 222 -1 223 -1 224 1 225 -1 198 1 347 -1 878 -1 815 -1 0
2  777 -1 220 -1 221 -1 222 -1 223 -1 224 1 225 -1 198 1 347 -1 876 -1 815 -1 0
2  777 -1 220 -1 221 -1 222 -1 223 -1 224 1 225 -1 198 1 347 -1 874 -1 815 -1 0
2  777 -1 220 -1 221 -1 222 -1 223 -1 224 1 225 -1 198 1 347 -1 872 -1 815 -1 0
2  777 -1 220 -1 221 -1 222 -1 223 -1 224 1 225 -1 198 1 347 -1 870 -1 815 -1 0
2  777 -1 220 -1 221 -1 222 -1 223 -1 224 1 225 -1 198 1 347 -1 818 -1 815 -1 0
2  779 -1 780 -1 781 -1 782 -1 122 -1 121 1 120 -1 118 1 347 -1 816 -1 815 -1 0
2  779 -1 780 -1 781 -1 782 -1 122 -1 121 1 120 -1 118 1 347 -1 866 -1 815 -1 0
2  779 -1 780 -1 781 -1 782 -1 122 -1 121 1 120 -1 118 1 347 -1 864 -1 815 -1 0
2  779 -1 780 -1 781 -1 782 -1 122 -1 121 1 120 -1 118 1 347 -1 862 -1 815 -1 0
2  779 -1 780 -1 781 -1 782 -1 122 -1 121 1 120 -1 118 1 347 -1 860 -1 815 -1 0
2  779 -1 780 -1 781 -1 782 -1 122 -1 121 1 120 -1 118 1 347 -1 858 -1 815 -1 0
2  779 -1 780 -1 781 -1 782 -1 122 -1 121 1 120 -1 118 1 347 -1 856 -1 815 -1 0
2  779 -1 780 -1 781 -1 782 -1 122 -1 121 1 120 -1 118 1 347 -1 854 -1 815 -1 0
2  779 -1 780 -1 781 -1 782 -1 122 -1 121 1 120 -1 118 1 347 -1 852 -1 815 -1 0
2  779 -1 780 -1 781 -1 782 -1 122 -1 121 1 120 -1 118 1 347 -1 850 -1 815 -1 0
2  779 -1 780 -1 781 -1 782 -1 122 -1 121 1 120 -1 118 1 347 -1 848 -1 815 -1 0
2  779 -1 780 -1 781 -1 782 -1 122 -1 121 1 120 -1 118 1 347 -1 846 -1 815 -1 0
2  779 -1 780 -1 781 -1 782 -1 122 -1 121 1 120 -1 118 1 347 -1 844 -1 815 -1 0
2  779 -1 780 -1 781 -1 782 -1 122 -1 121 1 120 -1 118 1 347 -1 842 -1 815 -1 0
2  779 -1 780 -1 781 -1 782 -1 122 -1 121 1 120 -1 118 1 347 -1 840 -1 815 -1 0
2  779 -1 780 -1 781 -1 782 -1 122 -1 121 1 120 -1 118 1 347 -1 838 -1 815 -1 0
2  779 -1 780 -1 781 -1 782 -1 122 -1 121 1 120 -1 118 1 347 -1 836 -1 815 -1 0
2  779 -1 780 -1 781 -1 782 -1 122 -1 121 1 120 -1 118 1 347 -1 834 -1 815 -1 0
2  779 -1 780 -1 781 -1 782 -1 122 -1 121 1 120 -1 118 1 347 -1 832 -1 815 -1 0
2  779 -1 780 -1 781 -1 782 -1 122 -1 121 1 120 -1 118 1 347 -1 830 -1 815 -1 0
2  779 -1 780 -1 781 -1 782 -1 122 -1 121 1 120 -1 118 1 347 -1 828 -1 815 -1 0
2  779 -1 780 -1 781 -1 782 -1 122 -1 121 1 120 -1 118 1 347 -1 826 -1 815 -1 0
2  779 -1 780 -1 781 -1 782 -1 122 -1 121 1 120 -1 118 1 347 -1 346 -1 0
2  779 -1 780 -1 781 -1 782 -1 122 -1 121 1 120 -1 118 1 347 -1 880 -1 815 -1 0
2  779 -1 780 -1 781 -1 782 -1 122 -1 121 1 120 -1 118 1 347 -1 878 -1 815 -1 0
2  779 -1 780 -1 781 -1 782 -1 122 -1 121 1 120 -1 118 1 347 -1 876 -1 815 -1 0
2  779 -1 780 -1 781 -1 782 -1 122 -1 121 1 120 -1 118 1 347 -1 874 -1 815 -1 0
2  779 -1 780 -1 781 -1 782 -1 122 -1 121 1 120 -1 118 1 347 -1 872 -1 815 -1 0
2  779 -1 780 -1 781 -1 782 -1 122 -1 121 1 120 -1 118 1 347 -1 870 -1 815 -1 0
2  779 -1 780 -1 781 -1 782 -1 122 -1 121 1 120 -1 118 1 347 -1 818 -1 815 -1 0
2  784 -1 785 -1 786 -1 787 -1 122 -1 121 1 120 -1 118 1 347 -1 816 -1 815 -1 0
2  784 -1 785 -1 786 -1 787 -1 122 -1 121 1 120 -1 118 1 347 -1 866 -1 815 -1 0
2  784 -1 785 -1 786 -1 787 -1 122 -1 121 1 120 -1 118 1 347 -1 864 -1 815 -1 0
2  784 -1 785 -1 786 -1 787 -1 122 -1 121 1 120 -1 118 1 347 -1 862 -1 815 -1 0
2  784 -1 785 -1 786 -1 787 -1 122 -1 121 1 120 -1 118 1 347 -1 860 -1 815 -1 0
2  784 -1 785 -1 786 -1 787 -1 122 -1 121 1 120 -1 118 1 347 -1 858 -1 815 -1 0
2  784 -1 785 -1 786 -1 787 -1 122 -1 121 1 120 -1 118 1 347 -1 856 -1 815 -1 0
2  784 -1 785 -1 786 -1 787 -1 122 -1 121 1 120 -1 118 1 347 -1 854 -1 815 -1 0
2  784 -1 785 -1 786 -1 787 -1 122 -1 121 1 120 -1 118 1 347 -1 852 -1 815 -1 0
2  784 -1 785 -1 786 -1 787 -1 122 -1 121 1 120 -1 118 1 347 -1 850 -1 815 -1 0
2  784 -1 785 -1 786 -1 787 -1 122 -1 121 1 120 -1 118 1 347 -1 848 -1 815 -1 0
2  784 -1 785 -1 786 -1 787 -1 122 -1 121 1 120 -1 118 1 347 -1 846 -1 815 -1 0
2  784 -1 785 -1 786 -1 787 -1 122 -1 121 1 120 -1 118 1 347 -1 844 -1 815 -1 0
2  784 -1 785 -1 786 -1 787 -1 122 -1 121 1 120 -1 118 1 347 -1 842 -1 815 -1 0
2  784 -1 785 -1 786 -1 787 -1 122 -1 121 1 120 -1 118 1 347 -1 840 -1 815 -1 0
2  784 -1 785 -1 786 -1 787 -1 122 -1 121 1 120 -1 118 1 347 -1 838 -1 815 -1 0
2  784 -1 785 -1 786 -1 787 -1 122 -1 121 1 120 -1 118 1 347 -1 836 -1 815 -1 0
2  784 -1 785 -1 786 -1 787 -1 122 -1 121 1 120 -1 118 1 347 -1 834 -1 815 -1 0
2  784 -1 785 -1 786 -1 787 -1 122 -1 121 1 120 -1 118 1 347 -1 832 -1 815 -1 0
2  784 -1 785 -1 786 -1 787 -1 122 -1 121 1 120 -1 118 1 347 -1 830 -1 815 -1 0
2  784 -1 785 -1 786 -1 787 -1 122 -1 121 1 120 -1 118 1 347 -1 828 -1 815 -1 0
2  784 -1 785 -1 786 -1 787 -1 122 -1 121 1 120 -1 118 1 347 -1 826 -1 815 -1 0
2  784 -1 785 -1 786 -1 787 -1 122 -1 121 1 120 -1 118 1 347 -1 346 -1 0
2  784 -1 785 -1 786 -1 787 -1 122 -1 121 1 120 -1 118 1 347 -1 880 -1 815 -1 0
2  784 -1 785 -1 786 -1 787 -1 122 -1 121 1 120 -1 118 1 347 -1 878 -1 815 -1 0
2  784 -1 785 -1 786 -1 787 -1 122 -1 121 1 120 -1 118 1 347 -1 876 -1 815 -1 0
2  784 -1 785 -1 786 -1 787 -1 122 -1 121 1 120 -1 118 1 347 -1 874 -1 815 -1 0
2  784 -1 785 -1 786 -1 787 -1 122 -1 121 1 120 -1 118 1 347 -1 872 -1 815 -1 0
2  784 -1 785 -1 786 -1 787 -1 122 -1 121 1 120 -1 118 1 347 -1 870 -1 815 -1 0
2  784 -1 785 -1 786 -1 787 -1 122 -1 121 1 120 -1 118 1 347 -1 818 -1 815 -1 0
2  789 1 790 -1 791 1 792 -1 793 1 794 -1 795 1 122 -1 121 1 120 -1 118 1 347 -1 816 -1 815 -1 0
2  789 1 790 -1 791 1 792 -1 793 1 794 -1 795 1 122 -1 121 1 120 -1 118 1 347 -1 866 -1 815 -1 0
2  789 1 790 -1 791 1 792 -1 793 1 794 -1 795 1 122 -1 121 1 120 -1 118 1 347 -1 864 -1 815 -1 0
2  789 1 790 -1 791 1 792 -1 793 1 794 -1 795 1 122 -1 121 1 120 -1 118 1 347 -1 862 -1 815 -1 0
2  789 1 790 -1 791 1 792 -1 793 1 794 -1 795 1 122 -1 121 1 120 -1 118 1 347 -1 860 -1 815 -1 0
2  789 1 790 -1 791 1 792 -1 793 1 794 -1 795 1 122 -1 121 1 120 -1 118 1 347 -1 858 -1 815 -1 0
2  789 1 790 -1 791 1 792 -1 793 1 794 -1 795 1 122 -1 121 1 120 -1 118 1 347 -1 856 -1 815 -1 0
2  789 1 790 -1 791 1 792 -1 793 1 794 -1 795 1 122 -1 121 1 120 -1 118 1 347 -1 854 -1 815 -1 0
2  789 1 790 -1 791 1 792 -1 793 1 794 -1 795 1 122 -1 121 1 120 -1 118 1 347 -1 852 -1 815 -1 0
2  789 1 790 -1 791 1 792 -1 793 1 794 -1 795 1 122 -1 121 1 120 -1 118 1 347 -1 850 -1 815 -1 0
2  789 1 790 -1 791 1 792 -1 793 1 794 -1 795 1 122 -1 121 1 120 -1 118 1 347 -1 848 -1 815 -1 0
2  789 1 790 -1 791 1 792 -1 793 1 794 -1 795 1 122 -1 121 1 120 -1 118 1 347 -1 846 -1 815 -1 0
2  789 1 790 -1 791 1 792 -1 793 1 794 -1 795 1 122 -1 121 1 120 -1 118 1 347 -1 844 -1 815 -1 0
2  789 1 790 -1 791 1 792 -1 793 1 794 -1 795 1 122 -1 121 1 120 -1 118 1 347 -1 842 -1 815 -1 0
2  789 1 790 -1 791 1 792 -1 793 1 794 -1 795 1 122 -1 121 1 120 -1 118 1 347 -1 840 -1 815 -1 0
2  789 1 790 -1 791 1 792 -1 793 1 794 -1 795 1 122 -1 121 1 120 -1 118 1 347 -1 838 -1 815 -1 0
2  789 1 790 -1 791 1 792 -1 793 1 794 -1 795 1 122 -1 121 1 120 -1 118 1 347 -1 836 -1 815 -1 0
2  789 1 790 -1 791 1 792 -1 793 1 794 -1 795 1 122 -1 121 1 120 -1 118 1 347 -1 834 -1 815 -1 0
2  789 1 790 -1 791 1 792 -1 793 1 794 -1 795 1 122 -1 121 1 120 -1 118 1 347 -1 832 -1 815 -1 0
2  789 1 790 -1 791 1 792 -1 793 1 794 -1 795 1 122 -1 121 1 120 -1 118 1 347 -1 830 -1 815 -1 0
2  789 1 790 -1 791 1 792 -1 793 1 794 -1 795 1 122 -1 121 1 120 -1 118 1 347 -1 828 -1 815 -1 0
2  789 1 790 -1 791 1 792 -1 793 1 794 -1 795 1 122 -1 121 1 120 -1 118 1 347 -1 826 -1 815 -1 0
2  789 1 790 -1 791 1 792 -1 793 1 794 -1 795 1 122 -1 121 1 120 -1 118 1 347 -1 346 -1 0
2  789 1 790 -1 791 1 792 -1 793 1 794 -1 795 1 122 -1 121 1 120 -1 118 1 347 -1 880 -1 815 -1 0
2  789 1 790 -1 791 1 792 -1 793 1 794 -1 795 1 122 -1 121 1 120 -1 118 1 347 -1 878 -1 815 -1 0
2  789 1 790 -1 791 1 792 -1 793 1 794 -1 795 1 122 -1 121 1 120 -1 118 1 347 -1 876 -1 815 -1 0
2  789 1 790 -1 791 1 792 -1 793 1 794 -1 795 1 122 -1 121 1 120 -1 118 1 347 -1 874 -1 815 -1 0
2  789 1 790 -1 791 1 792 -1 793 1 794 -1 795 1 122 -1 121 1 120 -1 118 1 347 -1 872 -1 815 -1 0
2  789 1 790 -1 791 1 792 -1 793 1 794 -1 795 1 122 -1 121 1 120 -1 118 1 347 -1 870 -1 815 -1 0
2  789 1 790 -1 791 1 792 -1 793 1 794 -1 795 1 122 -1 121 1 120 -1 118 1 347 -1 818 -1 815 -1 0
2  797 1 798 -1 799 1 794 -1 795 1 122 -1 121 1 120 -1 118 1 347 -1 816 -1 815 -1 0
2  797 1 798 -1 799 1 794 -1 795 1 122 -1 121 1 120 -1 118 1 347 -1 866 -1 815 -1 0
2  797 1 798 -1 799 1 794 -1 795 1 122 -1 121 1 120 -1 118 1 347 -1 864 -1 815 -1 0
2  797 1 798 -1 799 1 794 -1 795 1 122 -1 121 1 120 -1 118 1 347 -1 862 -1 815 -1 0
2  797 1 798 -1 799 1 794 -1 795 1 122 -1 121 1 120 -1 118 1 347 -1 860 -1 815 -1 0
2  797 1 798 -1 799 1 794 -1 795 1 122 -1 121 1 120 -1 118 1 347 -1 858 -1 815 -1 0
2  797 1 798 -1 799 1 794 -1 795 1 122 -1 121 1 120 -1 118 1 347 -1 856 -1 815 -1 0
2  797 1 798 -1 799 1 794 -1 795 1 122 -1 121 1 120 -1 118 1 347 -1 854 -1 815 -1 0
2  797 1 798 -1 799 1 794 -1 795 1 122 -1 121 1 120 -1 118 1 347 -1 852 -1 815 -1 0
2  797 1 798 -1 799 1 794 -1 795 1 122 -1 121 1 120 -1 118 1 347 -1 850 -1 815 -1 0
2  797 1 798 -1 799 1 794 -1 795 1 122 -1 121 1 120 -1 118 1 347 -1 848 -1 815 -1 0
2  797 1 798 -1 799 1 794 -1 795 1 122 -1 121 1 120 -1 118 1 347 -1 846 -1 815 -1 0
2  797 1 798 -1 799 1 794 -1 795 1 122 -1 121 1 120 -1 118 1 347 -1 844 -1 815 -1 0
2  797 1 798 -1 799 1 794 -1 795 1 122 -1 121 1 120 -1 118 1 347 -1 842 -1 815 -1 0
2  797 1 798 -1 799 1 794 -1 795 1 122 -1 121 1 120 -1 118 1 347 -1 840 -1 815 -1 0
2  797 1 798 -1 799 1 794 -1 795 1 122 -1 121 1 120 -1 118 1 347 -1 838 -1 815 -1 0
2  797 1 798 -1 799 1 794 -1 795 1 122 -1 121 1 120 -1 118 1 347 -1 836 -1 815 -1 0
2  797 1 798 -1 799 1 794 -1 795 1 122 -1 121 1 120 -1 118 1 347 -1 834 -1 815 -1 0
2  797 1 798 -1 799 1 794 -1 795 1 122 -1 121 1 120 -1 118 1 347 -1 832 -1 815 -1 0
2  797 1 798 -1 799 1 794 -1 795 1 122 -1 121 1 120 -1 118 1 347 -1 830 -1 815 -1 0
2  797 1 798 -1 799 1 794 -1 795 1 122 -1 121 1 120 -1 118 1 347 -1 828 -1 815 -1 0
2  797 1 798 -1 799 1 794 -1 795 1 122 -1 121 1 120 -1 118 1 347 -1 826 -1 815 -1 0
2  797 1 798 -1 799 1 794 -1 795 1 122 -1 121 1 120 -1 118 1 347 -1 346 -1 0
2  797 1 798 -1 799 1 794 -1 795 1 122 -1 121 1 120 -1 118 1 347 -1 880 -1 815 -1 0
2  797 1 798 -1 799 1 794 -1 795 1 122 -1 121 1 120 -1 118 1 347 -1 878 -1 815 -1 0
2  797 1 798 -1 799 1 794 -1 795 1 122 -1 121 1 120 -1 118 1 347 -1 876 -1 815 -1 0
2  797 1 798 -1 799 1 794 -1 795 1 122 -1 121 1 120 -1 118 1 347 -1 874 -1 815 -1 0
2  797 1 798 -1 799 1 794 -1 795 1 122 -1 121 1 120 -1 118 1 347 -1 872 -1 815 -1 0
2  797 1 798 -1 799 1 794 -1 795 1 122 -1 121 1 120 -1 118 1 347 -1 870 -1 815 -1 0
2  797 1 798 -1 799 1 794 -1 795 1 122 -1 121 1 120 -1 118 1 347 -1 818 -1 815 -1 0
2  801 -1 802 1 803 -1 804 1 805 -1 806 1 807 -1 808 1 122 -1 121 1 120 -1 118 1 347 -1 816 -1 815 -1 0
2  801 -1 802 1 803 -1 804 1 805 -1 806 1 807 -1 808 1 122 -1 121 1 120 -1 118 1 347 -1 866 -1 815 -1 0
2  801 -1 802 1 803 -1 804 1 805 -1 806 1 807 -1 808 1 122 -1 121 1 120 -1 118 1 347 -1 864 -1 815 -1 0
2  801 -1 802 1 803 -1 804 1 805 -1 806 1 807 -1 808 1 122 -1 121 1 120 -1 118 1 347 -1 862 -1 815 -1 0
2  801 -1 802 1 803 -1 804 1 805 -1 806 1 807 -1 808 1 122 -1 121 1 120 -1 118 1 347 -1 860 -1 815 -1 0
2  801 -1 802 1 803 -1 804 1 805 -1 806 1 807 -1 808 1 122 -1 121 1 120 -1 118 1 347 -1 858 -1 815 -1 0
2  801 -1 802 1 803 -1 804 1 805 -1 806 1 807 -1 808 1 122 -1 121 1 120 -1 118 1 347 -1 856 -1 815 -1 0
2  801 -1 802 1 803 -1 804 1 805 -1 806 1 807 -1 808 1 122 -1 121 1 120 -1 118 1 347 -1 854 -1 815 -1 0
2  801 -1 802 1 803 -1 804 1 805 -1 806 1 807 -1 808 1 122 -1 121 1 120 -1 118 1 347 -1 852 -1 815 -1 0
2  801 -1 802 1 803 -1 804 1 805 -1 806 1 807 -1 808 1 122 -1 121 1 120 -1 118 1 347 -1 850 -1 815 -1 0
2  801 -1 802 1 803 -1 804 1 805 -1 806 1 807 -1 808 1 122 -1 121 1 120 -1 118 1 347 -1 848 -1 815 -1 0
2  801 -1 802 1 803 -1 804 1 805 -1 806 1 807 -1 808 1 122 -1 121 1 120 -1 118 1 347 -1 846 -1 815 -1 0
2  801 -1 802 1 803 -1 804 1 805 -1 806 1 807 -1 808 1 122 -1 121 1 120 -1 118 1 347 -1 844 -1 815 -1 0
2  801 -1 802 1 803 -1 804 1 805 -1 806 1 807 -1 808 1 122 -1 121 1 120 -1 118 1 347 -1 842 -1 815 -1 0
2  801 -1 802 1 803 -1 804 1 805 -1 806 1 807 -1 808 1 122 -1 121 1 120 -1 118 1 347 -1 840 -1 815 -1 0
2  801 -1 802 1 803 -1 804 1 805 -1 806 1 807 -1 808 1 122 -1 121 1 120 -1 118 1 347 -1 838 -1 815 -1 0
2  801 -1 802 1 803 -1 804 1 805 -1 806 1 807 -1 808 1 122 -1 121 1 120 -1 118 1 347 -1 836 -1 815 -1 0
2  801 -1 802 1 803 -1 804 1 805 -1 806 1 807 -1 808 1 122 -1 121 1 120 -1 118 1 347 -1 834 -1 815 -1 0
2  801 -1 802 1 803 -1 804 1 805 -1 806 1 807 -1 808 1 122 -1 121 1 120 -1 118 1 347 -1 832 -1 815 -1 0
2  801 -1 802 1 803 -1 804 1 805 -1 806 1 807 -1 808 1 122 -1 121 1 120 -1 118 1 347 -1 830 -1 815 -1 0
2  801 -1 802 1 803 -1 804 1 805 -1 806 1 807 -1 808 1 122 -1 121 1 120 -1 118 1 347 -1 828 -1 815 -1 0
2  801 -1 802 1 803 -1 804 1 805 -1 806 1 807 -1 808 1 122 -1 121 1 120 -1 118 1 347 -1 826 -1 815 -1 0
2  801 -1 802 1 803 -1 804 1 805 -1 806 1 807 -1 808 1 122 -1 121 1 120 -1 118 1 347 -1 346 -1 0
2  801 -1 802 1 803 -1 804 1 805 -1 806 1 807 -1 808 1 122 -1 121 1 120 -1 118 1 347 -1 880 -1 815 -1 0
2  801 -1 802 1 803 -1 804 1 805 -1 806 1 807 -1 808 1 122 -1 121 1 120 -1 118 1 347 -1 878 -1 815 -1 0
2  801 -1 802 1 803 -1 804 1 805 -1 806 1 807 -1 808 1 122 -1 121 1 120 -1 118 1 347 -1 876 -1 815 -1 0
2  801 -1 802 1 803 -1 804 1 805 -1 806 1 807 -1 808 1 122 -1 121 1 120 -1 118 1 347 -1 874 -1 815 -1 0
2  801 -1 802 1 803 -1 804 1 805 -1 806 1 807 -1 808 1 122 -1 121 1 120 -1 118 1 347 -1 872 -1 815 -1 0
2  801 -1 802 1 803 -1 804 1 805 -1 806 1 807 -1 808 1 122 -1 121 1 120 -1 118 1 347 -1 870 -1 815 -1 0
2  801 -1 802 1 803 -1 804 1 805 -1 806 1 807 -1 808 1 122 -1 121 1 120 -1 118 1 347 -1 818 -1 815 -1 0
2  95 -1 96 1 97 -1 98 1 99 -1 100 1 2 -1 11 1 122 -1 121 1 120 -1 118 1 347 -1 816 -1 815 -1 0
2  95 -1 96 1 97 -1 98 1 99 -1 100 1 2 -1 11 1 122 -1 121 1 120 -1 118 1 347 -1 866 -1 815 -1 0
2  95 -1 96 1 97 -1 98 1 99 -1 100 1 2 -1 11 1 122 -1 121 1 120 -1 118 1 347 -1 864 -1 815 -1 0
2  95 -1 96 1 97 -1 98 1 99 -1 100 1 2 -1 11 1 122 -1 121 1 120 -1 118 1 347 -1 862 -1 815 -1 0
2  95 -1 96 1 97 -1 98 1 99 -1 100 1 2 -1 11 1 122 -1 121 1 120 -1 118 1 347 -1 860 -1 815 -1 0
2  95 -1 96 1 97 -1 98 1 99 -1 100 1 2 -1 11 1 122 -1 121 1 120 -1 118 1 347 -1 858 -1 815 -1 0
2  95 -1 96 1 97 -1 98 1 99 -1 100 1 2 -1 11 1 122 -1 121 1 120 -1 118 1 347 -1 856 -1 815 -1 0
2  95 -1 96 1 97 -1 98 1 99 -1 100 1 2 -1 11 1 122 -1 121 1 120 -1 118 1 347 -1 854 -1 815 -1 0
2  95 -1 96 1 97 -1 98 1 99 -1 100 1 2 -1 11 1 122 -1 121 1 120 -1 118 1 347 -1 852 -1 815 -1 0
2  95 -1 96 1 97 -1 98 1 99 -1 100 1 2 -1 11 1 122 -1 121 1 120 -1 118 1 347 -1 850 -1 815 -1 0
2  95 -1 96 1 97 -1 98 1 99 -1 100 1 2 -1 11 1 122 -1 121 1 120 -1 118 1 347 -1 848 -1 815 -1 0
2  95 -1 96 1 97 -1 98 1 99 -1 100 1 2 -1 11 1 122 -1 121 1 120 -1 118 1 347 -1 846 -1 815 -1 0
2  95 -1 96 1 97 -1 98 1 99 -1 100 1 2 -1 11 1 122 -1 121 1 120 -1 118 1 347 -1 844 -1 815 -1 0
2  95 -1 96 1 97 -1 98 1 99 -1 100 1 2 -1 11 1 122 -1 121 1 120 -1 118 1 347 -1 842 -1 815 -1 0
2  95 -1 96 1 97 -1 98 1 99 -1 100 1 2 -1 11 1 122 -1 121 1 120 -1 118 1 347 -1 840 -1 815 -1 0
2  95 -1 96 1 97 -1 98 1 99 -1 100 1 2 -1 11 1 122 -1 121 1 120 -1 118 1 347 -1 838 -1 815 -1 0
2  95 -1 96 1 97 -1 98 1 99 -1 100 1 2 -1 11 1 122 -1 121 1 120 -1 118 1 347 -1 836 -1 815 -1 0
2  95 -1 96 1 97 -1 98 1 99 -1 100 1 2 -1 11 1 122 -1 121 1 120 -1 118 1 347 -1 834 -1 815 -1 0
2  95 -1 96 1 97 -1 98 1 99 -1 100 1 2 -1 11 1 122 -1 121 1 120 -1 118 1 347 -1 832 -1 815 -1 0
2  95 -1 96 1 97 -1 98 1 99 -1 100 1 2 -1 11 1 122 -1 121 1 120 -1 118 1 347 -1 830 -1 815 -1 0
2  95 -1 96 1 97 -1 98 1 99 -1 100 1 2 -1 11 1 122 -1 121 1 120 -1 118 1 347 -1 828 -1 815 -1 0
2  95 -1 96 1 97 -1 98 1 99 -1 100 1 2 -1 11 1 122 -1 121 1 120 -1 118 1 347 -1 826 -1 815 -1 0
2  95 -1 96 1 97 -1 98 1 99 -1 100 1 2 -1 11 1 122 -1 121 1 120 -1 118 1 347 -1 346 -1 0
2  95 -1 96 1 97 -1 98 1 99 -1 100 1 2 -1 11 1 122 -1 121 1 120 -1 118 1 347 -1 880 -1 815 -1 0
2  95 -1 96 1 97 -1 98 1 99 -1 100 1 2 -1 11 1 122 -1 121 1 120 -1 118 1 347 -1 878 -1 815 -1 0
2  95 -1 96 1 97 -1 98 1 99 -1 100 1 2 -1 11 1 122 -1 121 1 120 -1 118 1 347 -1 876 -1 815 -1 0
2  95 -1 96 1 97 -1 98 1 99 -1 100 1 2 -1 11 1 122 -1 121 1 120 -1 118 1 347 -1 874 -1 815 -1 0
2  95 -1 96 1 97 -1 98 1 99 -1 100 1 2 -1 11 1 122 -1 121 1 120 -1 118 1 347 -1 872 -1 815 -1 0
2  95 -1 96 1 97 -1 98 1 99 -1 100 1 2 -1 11 1 122 -1 121 1 120 -1 118 1 347 -1 870 -1 815 -1 0
2  95 -1 96 1 97 -1 98 1 99 -1 100 1 2 -1 11 1 122 -1 121 1 120 -1 118 1 347 -1 818 -1 815 -1 0
2  107 -1 108 1 109 -1 110 1 111 -1 112 1 2 -1 11 1 122 -1 121 1 120 -1 118 1 347 -1 816 -1 815 -1 0
2  107 -1 108 1 109 -1 110 1 111 -1 112 1 2 -1 11 1 122 -1 121 1 120 -1 118 1 347 -1 866 -1 815 -1 0
2  107 -1 108 1 109 -1 110 1 111 -1 112 1 2 -1 11 1 122 -1 121 1 120 -1 118 1 347 -1 864 -1 815 -1 0
2  107 -1 108 1 109 -1 110 1 111 -1 112 1 2 -1 11 1 122 -1 121 1 120 -1 118 1 347 -1 862 -1 815 -1 0
2  107 -1 108 1 109 -1 110 1 111 -1 112 1 2 -1 11 1 122 -1 121 1 120 -1 118 1 347 -1 860 -1 815 -1 0
2  107 -1 108 1 109 -1 110 1 111 -1 112 1 2 -1 11 1 122 -1 121 1 120 -1 118 1 347 -1 858 -1 815 -1 0
2  107 -1 108 1 109 -1 110 1 111 -1 112 1 2 -1 11 1 122 -1 121 1 120 -1 118 1 347 -1 856 -1 815 -1 0
2  107 -1 108 1 109 -1 110 1 111 -1 112 1 2 -1 11 1 122 -1 121 1 120 -1 118 1 347 -1 854 -1 815 -1 0
2  107 -1 108 1 109 -1 110 1 111 -1 112 1 2 -1 11 1 122 -1 121 1 120 -1 118 1 347 -1 852 -1 815 -1 0
2  107 -1 108 1 109 -1 110 1 111 -1 112 1 2 -1 11 1 122 -1 121 1 120 -1 118 1 347 -1 850 -1 815 -1 0
2  107 -1 108 1 109 -1 110 1 111 -1 112 1 2 -1 11 1 122 -1 121 1 120 -1 118 1 347 -1 848 -1 815 -1 0
2  107 -1 108 1 109 -1 110 1 111 -1 112 1 2 -1 11 1 122 -1 121 1 120 -1 118 1 347 -1 846 -1 815 -1 0
2  107 -1 108 1 109 -1 110 1 111 -1 112 1 2 -1 11 1 122 -1 121 1 120 -1 118 1 347 -1 844 -1 815 -1 0
2  107 -1 108 1 109 -1 110 1 111 -1 112 1 2 -1 11 1 122 -1 121 1 120 -1 118 1 347 -1 842 -1 815 -1 0
2  107 -1 108 1 109 -1 110 1 111 -1 112 1 2 -1 11 1 122 -1 121 1 120 -1 118 1 347 -1 840 -1 815 -1 0
2  107 -1 108 1 109 -1 110 1 111 -1 112 1 2 -1 11 1 122 -1 121 1 120 -1 118 1 347 -1 838 -1 815 -1 0
2  107 -1 108 1 109 -1 110 1 111 -1 112 1 2 -1 11 1 122 -1 121 1 120 -1 118 1 347 -1 836 -1 815 -1 0
2  107 -1 108 1 109 -1 110 1 111 -1 112 1 2 -1 11 1 122 -1 121 1 120 -1 118 1 347 -1 834 -1 815 -1 0
2  107 -1 108 1 109 -1 110 1 111 -1 112 1 2 -1 11 1 122 -1 121 1 120 -1 118 1 347 -1 832 -1 815 -1 0
2  107 -1 108 1 109 -1 110 1 111 -1 112 1 2 -1 11 1 122 -1 121 1 120 -1 118 1 347 -1 830 -1 815 -1 0
2  107 -1 108 1 109 -1 110 1 111 -1 112 1 2 -1 11 1 122 -1 121 1 120 -1 118 1 347 -1 828 -1 815 -1 0
2  107 -1 108 1 109 -1 110 1 111 -1 112 1 2 -1 11 1 122 -1 121 1 120 -1 118 1 347 -1 826 -1 815 -1 0
2  107 -1 108 1 109 -1 110 1 111 -1 112 1 2 -1 11 1 122 -1 121 1 120 -1 118 1 347 -1 346 -1 0
2  107 -1 108 1 109 -1 110 1 111 -1 112 1 2 -1 11 1 122 -1 121 1 120 -1 118 1 347 -1 880 -1 815 -1 0
2  107 -1 108 1 109 -1 110 1 111 -1 112 1 2 -1 11 1 122 -1 121 1 120 -1 118 1 347 -1 878 -1 815 -1 0
2  107 -1 108 1 109 -1 110 1 111 -1 112 1 2 -1 11 1 122 -1 121 1 120 -1 118 1 347 -1 876 -1 815 -1 0
2  107 -1 108 1 109 -1 110 1 111 -1 112 1 2 -1 11 1 122 -1 121 1 120 -1 118 1 347 -1 874 -1 815 -1 0
2  107 -1 108 1 109 -1 110 1 111 -1 112 1 2 -1 11 1 122 -1 121 1 120 -1 118 1 347 -1 872 -1 815 -1 0
2  107 -1 108 1 109 -1 110 1 111 -1 112 1 2 -1 11 1 122 -1 121 1 120 -1 118 1 347 -1 870 -1 815 -1 0
2  107 -1 108 1 109 -1 110 1 111 -1 112 1 2 -1 11 1 122 -1 121 1 120 -1 118 1 347 -1 818 -1 815 -1 0
2  322 -1 7 1 6 -1 5 1 4 -1 3 1 2 -1 11 1 122 -1 121 1 120 -1 118 1 347 -1 816 -1 815 -1 0
2  322 -1 7 1 6 -1 5 1 4 -1 3 1 2 -1 11 1 122 -1 121 1 120 -1 118 1 347 -1 866 -1 815 -1 0
2  322 -1 7 1 6 -1 5 1 4 -1 3 1 2 -1 11 1 122 -1 121 1 120 -1 118 1 347 -1 864 -1 815 -1 0
2  322 -1 7 1 6 -1 5 1 4 -1 3 1 2 -1 11 1 122 -1 121 1 120 -1 118 1 347 -1 862 -1 815 -1 0
2  322 -1 7 1 6 -1 5 1 4 -1 3 1 2 -1 11 1 122 -1 121 1 120 -1 118 1 347 -1 860 -1 815 -1 0
2  322 -1 7 1 6 -1 5 1 4 -1 3 1 2 -1 11 1 122 -1 121 1 120 -1 118 1 347 -1 858 -1 815 -1 0
2  322 -1 7 1 6 -1 5 1 4 -1 3 1 2 -1 11 1 122 -1 121 1 120 -1 118 1 347 -1 856 -1 815 -1 0
2  322 -1 7 1 6 -1 5 1 4 -1 3 1 2 -1 11 1 122 -1 121 1 120 -1 118 1 347 -1 854 -1 815 -1 0
2  322 -1 7 1 6 -1 5 1 4 -1 3 1 2 -1 11 1 122 -1 121 1 120 -1 118 1 347 -1 852 -1 815 -1 0
2  322 -1 7 1 6 -1 5 1 4 -1 3 1 2 -1 11 1 122 -1 121 1 120 -1 118 1 347 -1 850 -1 815 -1 0
2  322 -1 7 1 6 -1 5 1 4 -1 3 1 2 -1 11 1 122 -1 121 1 120 -1 118 1 347 -1 848 -1 815 -1 0
2  322 -1 7 1 6 -1 5 1 4 -1 3 1 2 -1 11 1 122 -1 121 1 120 -1 118 1 347 -1 846 -1 815 -1 0
2  322 -1 7 1 6 -1 5 1 4 -1 3 1 2 -1 11 1 122 -1 121 1 120 -1 118 1 347 -1 844 -1 815 -1 0
2  322 -1 7 1 6 -1 5 1 4 -1 3 1 2 -1 11 1 122 -1 121 1 120 -1 118 1 347 -1 842 -1 815 -1 0
2  322 -1 7 1 6 -1 5 1 4 -1 3 1 2 -1 11 1 122 -1 121 1 120 -1 118 1 347 -1 840 -1 815 -1 0
2  322 -1 7 1 6 -1 5 1 4 -1 3 1 2 -1 11 1 122 -1 121 1 120 -1 118 1 347 -1 838 -1 815 -1 0
2  322 -1 7 1 6 -1 5 1 4 -1 3 1 2 -1 11 1 122 -1 121 1 120 -1 118 1 347 -1 836 -1 815 -1 0
2  322 -1 7 1 6 -1 5 1 4 -1 3 1 2 -1 11 1 122 -1 121 1 120 -1 118 1 347 -1 834 -1 815 -1 0
2  322 -1 7 1 6 -1 5 1 4 -1 3 1 2 -1 11 1 122 -1 121 1 120 -1 118 1 347 -1 832 -1 815 -1 0
2  322 -1 7 1 6 -1 5 1 4 -1 3 1 2 -1 11 1 122 -1 121 1 120 -1 118 1 347 -1 830 -1 815 -1 0
2  322 -1 7 1 6 -1 5 1 4 -1 3 1 2 -1 11 1 122 -1 121 1 120 -1 118 1 347 -1 828 -1 815 -1 0
2  322 -1 7 1 6 -1 5 1 4 -1 3 1 2 -1 11 1 122 -1 121 1 120 -1 118 1 347 -1 826 -1 815 -1 0
2  322 -1 7 1 6 -1 5 1 4 -1 3 1 2 -1 11 1 122 -1 121 1 120 -1 118 1 347 -1 346 -1 0
2  322 -1 7 1 6 -1 5 1 4 -1 3 1 2 -1 11 1 122 -1 121 1 120 -1 118 1 347 -1 880 -1 815 -1 0
2  322 -1 7 1 6 -1 5 1 4 -1 3 1 2 -1 11 1 122 -1 121 1 120 -1 118 1 347 -1 878 -1 815 -1 0
2  322 -1 7 1 6 -1 5 1 4 -1 3 1 2 -1 11 1 122 -1 121 1 120 -1 118 1 347 -1 876 -1 815 -1 0
2  322 -1 7 1 6 -1 5 1 4 -1 3 1 2 -1 11 1 122 -1 121 1 120 -1 118 1 347 -1 874 -1 815 -1 0
2  322 -1 7 1 6 -1 5 1 4 -1 3 1 2 -1 11 1 122 -1 121 1 120 -1 118 1 347 -1 872 -1 815 -1 0
2  322 -1 7 1 6 -1 5 1 4 -1 3 1 2 -1 11 1 122 -1 121 1 120 -1 118 1 347 -1 870 -1 815 -1 0
2  322 -1 7 1 6 -1 5 1 4 -1 3 1 2 -1 11 1 122 -1 121 1 120 -1 118 1 347 -1 818 -1 815 -1 0
2  813 1 814 1 345 -1 0
2  813 1 814 1 345 -1 822 1 0
2  815 1 870 1 347 1 118 -1 120 1 121 -1 122 1 11 -1 2 1 3 -1 4 1 5 -1 6 1 7 -1 0
2  815 1 872 1 347 1 118 -1 120 1 121 -1 122 1 11 -1 2 1 3 -1 4 1 5 -1 6 1 7 -1 0
2  815 1 874 1 347 1 118 -1 120 1 121 -1 122 1 11 -1 2 1 3 -1 4 1 5 -1 6 1 7 -1 0
2  815 1 876 1 347 1 118 -1 120 1 121 -1 122 1 11 -1 2 1 3 -1 4 1 5 -1 6 1 7 -1 0
2  815 1 878 1 347 1 118 -1 120 1 121 -1 122 1 11 -1 2 1 3 -1 4 1 5 -1 6 1 7 -1 0
2  815 1 880 1 347 1 118 -1 120 1 121 -1 122 1 11 -1 2 1 3 -1 4 1 5 -1 6 1 7 -1 0
2  346 1 347 1 118 -1 120 1 121 -1 122 1 11 -1 2 1 3 -1 4 1 5 -1 6 1 7 -1 0
2  815 1 826 1 347 1 118 -1 120 1 121 -1 122 1 11 -1 2 1 3 -1 4 1 5 -1 6 1 7 -1 0
2  815 1 828 1 347 1 118 -1 120 1 121 -1 122 1 11 -1 2 1 3 -1 4 1 5 -1 6 1 7 -1 0
2  815 1 830 1 347 1 118 -1 120 1 121 -1 122 1 11 -1 2 1 3 -1 4 1 5 -1 6 1 7 -1 0
2  815 1 832 1 347 1 118 -1 120 1 121 -1 122 1 11 -1 2 1 3 -1 4 1 5 -1 6 1 7 -1 0
2  815 1 834 1 347 1 118 -1 120 1 121 -1 122 1 11 -1 2 1 3 -1 4 1 5 -1 6 1 7 -1 0
2  815 1 836 1 347 1 118 -1 120 1 121 -1 122 1 11 -1 2 1 3 -1 4 1 5 -1 6 1 7 -1 0
2  815 1 838 1 347 1 118 -1 120 1 121 -1 122 1 11 -1 2 1 3 -1 4 1 5 -1 6 1 7 -1 0
2  815 1 840 1 347 1 118 -1 120 1 121 -1 122 1 11 -1 2 1 3 -1 4 1 5 -1 6 1 7 -1 0
2  815 1 842 1 347 1 118 -1 120 1 121 -1 122 1 11 -1 2 1 3 -1 4 1 5 -1 6 1 7 -1 0
2  815 1 844 1 347 1 118 -1 120 1 121 -1 122 1 11 -1 2 1 3 -1 4 1 5 -1 6 1 7 -1 0
2  815 1 846 1 347 1 118 -1 120 1 121 -1 122 1 11 -1 2 1 3 -1 4 1 5 -1 6 1 7 -1 0
2  815 1 848 1 347 1 118 -1 120 1 121 -1 122 1 11 -1 2 1 3 -1 4 1 5 -1 6 1 7 -1 0
2  815 1 850 1 347 1 118 -1 120 1 121 -1 122 1 11 -1 2 1 3 -1 4 1 5 -1 6 1 7 -1 0
2  815 1 852 1 347 1 118 -1 120 1 121 -1 122 1 11 -1 2 1 3 -1 4 1 5 -1 6 1 7 -1 0
2  815 1 854 1 347 1 118 -1 120 1 121 -1 122 1 11 -1 2 1 3 -1 4 1 5 -1 6 1 7 -1 0
2  815 1 856 1 347 1 118 -1 120 1 121 -1 122 1 11 -1 2 1 3 -1 4 1 5 -1 6 1 7 -1 0
2  815 1 858 1 347 1 118 -1 120 1 121 -1 122 1 11 -1 2 1 3 -1 4 1 5 -1 6 1 7 -1 0
2  815 1 860 1 347 1 118 -1 120 1 121 -1 122 1 11 -1 2 1 3 -1 4 1 5 -1 6 1 7 -1 0
2  815 1 862 1 347 1 118 -1 120 1 121 -1 122 1 11 -1 2 1 3 -1 4 1 5 -1 6 1 7 -1 0
2  815 1 864 1 347 1 118 -1 120 1 121 -1 122 1 11 -1 2 1 3 -1 4 1 5 -1 6 1 7 -1 0
2  815 1 866 1 347 1 118 -1 120 1 121 -1 122 1 11 -1 2 1 3 -1 4 1 5 -1 6 1 7 -1 0
2  815 1 816 1 347 1 118 -1 120 1 121 -1 122 1 11 -1 2 1 3 -1 4 1 5 -1 6 1 7 -1 0
2  122 1 11 -1 2 1 3 -1 4 1 5 -1 6 1 7 -1 0
2  116 1 117 1 118 -1 120 1 121 -1 0
2  339 1 595 1 341 1 342 1 343 -1 344 1 345 -1 346 1 347 1 118 -1 120 1 121 -1 0
1
              1               0               0             8.5 
              0               1               0              22 
              0               0               1            56.2 
2  779 -1 780 -1 781 -1 782 -1 122 -1 0
2  784 -1 785 -1 786 -1 787 -1 122 -1 0
2  815 1 816 1 0
2  813 1 814 1 345 -1 822 1 815 1 816 1 0
2  345 -1 822 1 815 1 818 1 347 1 118 -1 120 1 121 -1 122 1 11 -1 2 1 3 -1 4 1 5 -1 6 1 7 -1 0
2  813 1 814 1 0
2  345 -1 822 1 815 1 870 1 347 1 118 -1 120 1 121 -1 122 1 11 -1 2 1 3 -1 4 1 5 -1 6 1 7 -1 0
2  345 -1 822 1 815 1 872 1 347 1 118 -1 120 1 121 -1 122 1 11 -1 2 1 3 -1 4 1 5 -1 6 1 7 -1 0
2  345 -1 822 1 815 1 874 1 347 1 118 -1 120 1 121 -1 122 1 11 -1 2 1 3 -1 4 1 5 -1 6 1 7 -1 0
2  345 -1 822 1 815 1 876 1 347 1 118 -1 120 1 121 -1 122 1 11 -1 2 1 3 -1 4 1 5 -1 6 1 7 -1 0
2  345 -1 822 1 815 1 878 1 347 1 118 -1 120 1 121 -1 122 1 11 -1 2 1 3 -1 4 1 5 -1 6 1 7 -1 0
2  345 -1 822 1 815 1 880 1 347 1 118 -1 120 1 121 -1 122 1 11 -1 2 1 3 -1 4 1 5 -1 6 1 7 -1 0
2  345 -1 822 1 346 1 347 1 118 -1 120 1 121 -1 122 1 11 -1 2 1 3 -1 4 1 5 -1 6 1 7 -1 0
2  345 -1 822 1 815 1 826 1 347 1 118 -1 120 1 121 -1 122 1 11 -1 2 1 3 -1 4 1 5 -1 6 1 7 -1 0
2  345 -1 822 1 815 1 828 1 347 1 118 -1 120 1 121 -1 122 1 11 -1 2 1 3 -1 4 1 5 -1 6 1 7 -1 0
2  345 -1 822 1 815 1 830 1 347 1 118 -1 120 1 121 -1 122 1 11 -1 2 1 3 -1 4 1 5 -1 6 1 7 -1 0
2  345 -1 822 1 815 1 832 1 347 1 118 -1 120 1 121 -1 122 1 11 -1 2 1 3 -1 4 1 5 -1 6 1 7 -1 0
2  345 -1 822 1 815 1 834 1 347 1 118 -1 120 1 121 -1 122 1 11 -1 2 1 3 -1 4 1 5 -1 6 1 7 -1 0
2  345 -1 822 1 815 1 836 1 347 1 118 -1 120 1 121 -1 122 1 11 -1 2 1 3 -1 4 1 5 -1 6 1 7 -1 0
2  345 -1 822 1 815 1 838 1 347 1 118 -1 120 1 121 -1 122 1 11 -1 2 1 3 -1 4 1 5 -1 6 1 7 -1 0
2  345 -1 822 1 815 1 840 1 347 1 118 -1 120 1 121 -1 122 1 11 -1 2 1 3 -1 4 1 5 -1 6 1 7 -1 0
2  345 -1 822 1 815 1 842 1 347 1 118 -1 120 1 121 -1 122 1 11 -1 2 1 3 -1 4 1 5 -1 6 1 7 -1 0
2  345 -1 822 1 815 1 844 1 347 1 118 -1 120 1 121 -1 122 1 11 -1 2 1 3 -1 4 1 5 -1 6 1 7 -1 0
2  345 -1 822 1 815 1 846 1 347 1 118 -1 120 1 121 -1 122 1 11 -1 2 1 3 -1 4 1 5 -1 6 1 7 -1 0
2  345 -1 822 1 815 1 848 1 347 1 118 -1 120 1 121 -1 122 1 11 -1 2 1 3 -1 4 1 5 -1 6 1 7 -1 0
2  345 -1 822 1 815 1 850 1 347 1 118 -1 120 1 121 -1 122 1 11 -1 2 1 3 -1 4 1 5 -1 6 1 7 -1 0
2  345 -1 822 1 815 1 852 1 347 1 118 -1 120 1 121 -1 122 1 11 -1 2 1 3 -1 4 1 5 -1 6 1 7 -1 0
2  345 -1 822 1 815 1 854 1 347 1 118 -1 120 1 121 -1 122 1 11 -1 2 1 3 -1 4 1 5 -1 6 1 7 -1 0
2  345 -1 822 1 815 1 856 1 347 1 118 -1 120 1 121 -1 122 1 11 -1 2 1 3 -1 4 1 5 -1 6 1 7 -1 0
2  345 -1 822 1 815 1 858 1 347 1 118 -1 120 1 121 -1 122 1 11 -1 2 1 3 -1 4 1 5 -1 6 1 7 -1 0
2  345 -1 822 1 815 1 860 1 347 1 118 -1 120 1 121 -1 122 1 11 -1 2 1 3 -1 4 1 5 -1 6 1 7 -1 0
2  345 -1 822 1 815 1 862 1 347 1 118 -1 120 1 121 -1 122 1 11 -1 2 1 3 -1 4 1 5 -1 6 1 7 -1 0
2  345 -1 822 1 815 1 864 1 347 1 118 -1 120 1 121 -1 122 1 11 -1 2 1 3 -1 4 1 5 -1 6 1 7 -1 0
2  345 -1 822 1 815 1 866 1 347 1 118 -1 120 1 121 -1 122 1 11 -1 2 1 3 -1 4 1 5 -1 6 1 7 -1 0
2  345 -1 822 1 815 1 816 1 347 1 118 -1 120 1 121 -1 122 1 11 -1 2 1 3 -1 4 1 5 -1 6 1 7 -1 0
2  1909 -1 0
2  1909 1 122 1 11 -1 2 1 3 -1 4 1 5 -1 6 1 7 -1 0
2  116 1 117 1 118 -1 119 1 120 1 121 -1 1909 -1 0
2  122 -1 1909 -1 0
2  1909 1 122 1 11 -1 0
Curve2ds 490
1 42.5 27.500000000000007 -0 -1 
1 0 0 1 0 
1 2.2e-16 -12.999999999999998 1 0 
1 55 -2.2e-16 0 -1 
1 8.5000000000000018 -1.8899999999999999e-15 0 -1 
1 0 0 0 -1 
1 12.700000000000003 -12.999999999999998 0 1 
1 0 -34.999999999999993 1 0 
1 4.1067796610169474 4.5567796610169484 0 -1 
1 22.000000000000004 -10.399999999999995 -1 -2.2e-16 
1 -4.293220338983053 4.5567796610169484 1 0 
1 -5.9000000000000002e-16 -35 1 0 
1 22 -1.9999999999999951 2.2e-16 -1 
1 0 -35 1 0 
1 -4.293220338983053 -2.543220338983053 0 1 
1 14.9 -1.9999999999999967 1 2.2e-16 
1 0 -82 1 0 
1 -3.4885106382978748 -5.8461702127659576 0 1 
1 2.0000000000000004 -1.9999999999999996 1 2.2e-16 
1 -2.8000000000000001e-16 -82 1 0 
1 -3.4885106382978748 -5.8461702127659576 1 0 
1 2.0000000000000004 -1.9999999999999996 2.2e-16 -1 
1 -1.9885106382978748 -5.8461702127659576 0 1 
1 2.0000000000000009 -3.4999999999999996 1 2.2e-16 
1 -1.9885106382978748 -3.646170212765957 1 0 
1 4.200000000000002 -3.4999999999999991 2.2e-16 -1 
1 -1.0885106382978744 -3.646170212765957 0 -1 
1 4.200000000000002 -4.3999999999999995 -1 -2.2e-16 
1 -1.0885106382978744 -5.8461702127659576 1 0 
1 2.0000000000000009 -4.4000000000000004 2.2e-16 -1 
1 1.1114893617021249 -5.8461702127659576 0 1 
1 2.0000000000000013 -6.5999999999999996 1 2.2e-16 
1 1.1114893617021249 -3.646170212765957 1 0 
1 4.2000000000000028 -6.5999999999999988 2.2e-16 -1 
1 33 -6.4000000000000021 -2.2e-16 1 
1 2.3499999999999999e-15 -6.4000000000000021 2.2e-16 1 
1 33 2.2e-16 0 -1 
1 4.1999999999999993 -13 0 1 
1 85 6.7000000000000004e-16 0 -1 
1 -42.5 27.500000000000007 1 -0 
1 6.7000000000000004e-16 -13 1 0 
1 42.5 -27.499999999999996 -1 0 
1 2.4544624999989608 52.172213000000006 0 -1 
1 -42.5 -27.499999999999996 0 1 
1 4.2199999999999999e-15 -13 1 0 
1 0 -10 1 0 
2 0 -0 -2.2e-16 -1 1 -2.2e-16 15
1 0 -7 1 0 
1 0 -6 1 0 
1 0 -5 1 0 
2 -1.4962269538608837 0 0 -1 1 0 15
2 -1.4962269538608766 0 0 -1 1 0 15
1 0 -28.5 1 0 
1 0 -8.5 1 0 
2 -1.421e-14 -4.7855099999999999e-12 0 -1 1 0 15.000000000000004
2 -1.421e-14 -1.421e-14 1 0 -0 1 15.000000000000004
2 0 -1.0231800000000001e-12 0 -1 1 0 15.000000000000004
2 7.1100000000000008e-15 -4.7864209999999972 0 -1 1 0 15.000000000000004
1 1.1100000000000001e-15 -5 1 0 
1 -15.87544051725915 4.2500000000000018 1 -0 
1 9.5 23.300000000000004 1 -0 
1 1.4000000000000019 -33 -0 1 
2 -15.87544051725915 2.2500000000000018 -0 -1 1 -0 2
2 9.5 21.300000000000004 -0 -1 1 -0 2
1 -17.875440517259143 -2.25 0 1 
1 2.2e-16 -5 1 0 
1 7.5 16.800000000000004 0 1 
2 -15.87544051725915 -2.25 -0 -1 1 -0 2
2 9.5 16.800000000000004 -0 -1 1 -0 2
1 -1.1100000000000001e-15 -5 1 0 
1 17.12455948274085 -4.25 -1 0 
1 42.5 14.800000000000004 -1 0 
1 6.2831853071795836 0 0 -1 
1 33 -2.2e-16 0 -1 
1 8.5 0 0 -1 
1 0 0 -0 -1 
1 9.3000000000000007 0 0 -1 
1 -5.7999999999999996e-16 -2.6000000000000014 1 -0 
1 8.4000000000000004 -1.8500000000000001e-15 0 -1 
1 7.1000000000000014 0 0 -1 
1 1.5 3.2999999999999999e-16 -0 -1 
1 12.9 0 0 -1 
1 39.395412843669376 7.4857245405328348 -1 0 
1 -42.604587156330624 7.4857245405328348 0 -1 
1 1.5 -3.2999999999999999e-16 0 -1 
1 2.2000000000000006 0 0 -1 
1 0.90000000000000036 -2e-16 0 -1 
1 2.1999999999999993 -4.8000000000000001e-16 0 -1 
1 3.14159265358979 0 0 -1 
1 6.4000000000000021 -33 -1 -0 
1 3.8000000000000007 -8.4000000000000004e-16 0 -1 
1 -40.902933043637198 7.1800039085480218 1 -0 
1 33 -2.6000000000000014 -1 -0 
1 55 -1.5499999999999999e-15 0 -1 
1 6.2831853071795862 0 0 -1 
1 0 -1.8 1 0 
2 -1.421e-14 -3.5500000000000001e-15 -2.2e-16 -1 1 -2.2e-16 15
2 0 0 1 0 -0 1 15
1 0 1.8 1 0 
8 0 6.2831853071795862
1 0 0 1 0 
2 7.1100000000000008e-15 1.421e-14 0 -1 1 0 15
1 4.7123889803846897 0 0 -1 
1 4.5000000000000018 1.0000000000000001e-15 0 -1 
2 1.9999999999999967 -33 1 -0 0 1 2
1 0 -2.6000000000000014 1 0 
2 -7.9029330436371978 5.1800039085480254 0 -1 -1 -0 2
8 -3.2499999999999996 1.2500000000000022
1 3.2499999999999991 -35 -1 0 
8 -3.2499999999999996 1.2500000000000022
1 3.2499999999999996 -2.6000000000000005 1 2.2e-16 
1 -5.9029330436371978 3.9300039085480236 -0 1 
2 6.4999999999999982 -33 1 -0 0 1 2
2 -7.9029330436371978 0.68000390854802362 0 -1 -1 -0 2
1 4.9114893617021256 -3.646170212765957 0 1 
1 4.2000000000000037 -10.399999999999999 1 2.2e-16 
1 41.097066956362802 7.1800039085480218 0 -1 
1 5.9000000000000002e-16 -34.999999999999993 1 0 
1 4.1067796610169474 -4.7432203389830523 -1 -0 
1 -2.793220338983053 -4.7432203389830523 0 1 
1 5.9000000000000002e-16 -35 1 0 
1 -2.793220338983053 -2.543220338983053 -1 -0 
1 2.8000000000000001e-16 -82 1 0 
1 -1.9885106382978748 7.0538297872340427 -1 -0 
1 14.9 -3.4999999999999969 -2.2e-16 1 
1 2.1999999999999993 0 0 -1 
1 4.9114893617021256 4.8538297872340435 -1 -0 
1 12.700000000000003 -10.399999999999997 -2.2e-16 1 
1 -1.9885106382978748 4.8538297872340435 0 1 
1 12.700000000000001 -3.4999999999999973 1 2.2e-16 
6 0 1 6.2831853071795862 0  6.2831853071795862 1.8277679013943486  
6 0 1 0 0  0 1.8277679013943486  
1 0 1.8277679013943486 1 0 
2 0 0 1 0 -0 1 15.317388565275238
1 6.9000000000000004 1.52e-15 -0 -1 
2 -1.421e-14 -3.5500000000000001e-15 -2.2e-16 -1 1 -2.2e-16 8.5
2 0 -0 -2.2e-16 -1 1 -2.2e-16 8.5
2 0 0 1 0 -0 1 8.5
2 7.1100000000000008e-15 1.421e-14 0 -1 1 0 8.5
2 -1.4962269538608837 0 0 -1 1 0 8.5
1 1.6000000000000001e-16 -0.69999999999999973 1 0 
1 0.6738435653711754 -3.3667617494229063 -0 1 
1 1.421e-14 8.4999999999999858 0 1 
1 -1.767249371950939 8.314254606237327 -0.20791169081775931 0.97814760073380569 
1 -3.4572614661442813 7.7651363899620947 -0.40673664307580021 0.91354545764260098 
1 -4.9961746444860005 6.876644452187044 -0.58778525229247314 0.80901699437494745 
1 -6.3167310165578314 5.6876101540502972 -0.74314482547739424 0.66913060635885835 
1 -7.3612159321677098 4.2500000000000071 -0.8660254037844386 0.50000000000000011 
1 -8.0839803885087846 2.6266444521870653 -0.95105651629515364 0.30901699437494751 
1 -8.4534361106303066 0.88849193777507196 -0.99452189536827329 0.10452846326765364 
1 -8.4534361106303209 -0.88849193777504354 -0.9945218953682734 -0.1045284632676533 
1 -8.0839803885087917 -2.6266444521870369 -0.95105651629515364 -0.30901699437494745 
1 -7.361215932167724 -4.2499999999999858 -0.86602540378443882 -0.49999999999999983 
1 -6.3167310165578527 -5.6876101540502759 -0.74314482547739458 -0.6691306063588579 
1 -4.9961746444860324 -6.8766444521870298 -0.58778525229247325 -0.80901699437494745 
1 -3.4572614661443026 -7.7651363899620804 -0.40673664307580043 -0.91354545764260076 
1 -1.7672493719509745 -8.314254606237327 -0.20791169081775973 -0.97814760073380569 
1 -1.421e-14 -8.4999999999999858 -1.2e-16 -1 
1 1.7672493719509319 -8.3142546062373412 0.20791169081775907 -0.97814760073380569 
1 3.4572614661442813 -7.7651363899620947 0.40673664307579982 -0.9135454576426012 
1 4.9961746444860005 -6.8766444521870369 0.58778525229247314 -0.80901699437494756 
1 6.3167310165578314 -5.6876101540502901 0.74314482547739402 -0.66913060635885846 
1 7.3612159321677098 -4.2500000000000142 0.86602540378443849 -0.50000000000000044 
1 8.0839803885087917 -2.6266444521870724 0.95105651629515364 -0.30901699437494751 
1 8.4534361106303066 -0.88849193777507196 0.99452189536827329 -0.10452846326765419 
1 8.4534361106303137 0.88849193777502933 0.9945218953682734 0.10452846326765297 
1 8.0839803885087989 2.6266444521870369 0.95105651629515364 0.30901699437494723 
1 7.3612159321677311 4.2499999999999716 0.86602540378443904 0.49999999999999933 
1 6.3167310165578527 5.6876101540502759 0.74314482547739469 0.6691306063588579 
1 4.9961746444860324 6.8766444521870298 0.58778525229247336 0.80901699437494734 
1 3.4572614661443168 7.7651363899620804 0.40673664307580093 0.91354545764260053 
1 1.7672493719509674 8.314254606237327 0.20791169081775987 0.97814760073380558 
1 0 -0.69999999999999996 1 0 
2 0.6738435653711754 -11.866761749422899 -1 -0 -0 1 15
2 1.421e-14 -7.1100000000000008e-15 -1 0 0 1 15
2 1.421e-14 -7.1100000000000008e-15 -0.97814760073380569 -0.20791169081775931 -0.20791169081775931 0.97814760073380569 15
2 1.7760000000000001e-14 0 -0.91354545764260098 -0.40673664307580021 -0.40673664307580021 0.91354545764260098 15
2 1.7760000000000001e-14 7.1100000000000008e-15 -0.80901699437494745 -0.58778525229247314 -0.58778525229247314 0.80901699437494745 15.000000000000002
2 1.7760000000000001e-14 7.1100000000000008e-15 -0.66913060635885835 -0.74314482547739424 -0.74314482547739424 0.66913060635885835 14.999999999999998
2 1.421e-14 1.421e-14 -0.50000000000000011 -0.8660254037844386 -0.8660254037844386 0.50000000000000011 15.000000000000002
2 1.421e-14 1.421e-14 -0.30901699437494751 -0.95105651629515364 -0.95105651629515364 0.30901699437494751 15.000000000000002
2 7.1100000000000008e-15 1.421e-14 -0.10452846326765364 -0.99452189536827329 -0.99452189536827329 0.10452846326765364 14.999999999999996
2 7.1100000000000008e-15 1.421e-14 0.1045284632676533 -0.9945218953682734 -0.9945218953682734 -0.1045284632676533 15.000000000000004
2 7.1100000000000008e-15 1.421e-14 0.30901699437494745 -0.95105651629515364 -0.95105651629515364 -0.30901699437494745 15.000000000000002
2 7.1100000000000008e-15 1.421e-14 0.49999999999999983 -0.86602540378443882 -0.86602540378443882 -0.49999999999999983 14.999999999999998
2 0 7.1100000000000008e-15 0.6691306063588579 -0.74314482547739458 -0.74314482547739458 -0.6691306063588579 15
2 -1.421e-14 1.421e-14 0.80901699437494745 -0.58778525229247325 -0.58778525229247325 -0.80901699437494745 15.000000000000004
2 0 1.421e-14 0.91354545764260076 -0.40673664307580043 -0.40673664307580043 -0.91354545764260076 15.000000000000002
2 -1.421e-14 1.421e-14 0.97814760073380569 -0.20791169081775973 -0.20791169081775973 -0.97814760073380569 15.000000000000002
2 -1.421e-14 7.1100000000000008e-15 1 -1.2e-16 -1.2e-16 -1 15
2 -1.421e-14 -0 0.97814760073380569 0.20791169081775907 0.20791169081775907 -0.97814760073380569 15
2 -1.7760000000000001e-14 -0 0.9135454576426012 0.40673664307579982 0.40673664307579982 -0.9135454576426012 15.000000000000002
2 -1.7760000000000001e-14 7.1100000000000008e-15 0.80901699437494756 0.58778525229247314 0.58778525229247314 -0.80901699437494756 14.999999999999996
2 -1.421e-14 -0 0.66913060635885846 0.74314482547739402 0.74314482547739402 -0.66913060635885846 15.000000000000005
2 -1.421e-14 -1.421e-14 0.50000000000000044 0.86602540378443849 0.86602540378443849 -0.50000000000000044 15.000000000000004
2 -7.1100000000000008e-15 -2.1320000000000001e-14 0.30901699437494751 0.95105651629515364 0.95105651629515364 -0.30901699437494751 15.000000000000009
2 -7.1100000000000008e-15 -1.421e-14 0.10452846326765419 0.99452189536827329 0.99452189536827329 -0.10452846326765419 14.999999999999996
2 -7.1100000000000008e-15 -1.421e-14 -0.10452846326765297 0.9945218953682734 0.9945218953682734 0.10452846326765297 14.999999999999995
2 0 -1.421e-14 -0.30901699437494723 0.95105651629515364 0.95105651629515364 0.30901699437494723 15
2 0 -1.421e-14 -0.49999999999999933 0.86602540378443904 0.86602540378443904 0.49999999999999933 14.999999999999995
2 0 -7.1100000000000008e-15 -0.6691306063588579 0.74314482547739469 0.74314482547739469 0.6691306063588579 15.000000000000005
2 1.421e-14 -1.421e-14 -0.80901699437494734 0.58778525229247336 0.58778525229247336 0.80901699437494734 14.999999999999998
2 1.421e-14 -1.421e-14 -0.91354545764260053 0.40673664307580093 0.40673664307580093 0.91354545764260053 14.999999999999998
2 1.421e-14 -7.1100000000000008e-15 -0.97814760073380558 0.20791169081775987 0.20791169081775987 0.97814760073380558 15
1 1.7e-16 -0.69999999999999996 1 0 
1 -0.28838375165603125 -3.4214009761719097 -0.11320321376790701 0.99357185567658746 
1 -0.96222731702719244 8.4453607732509823 -0.11320321376790701 0.99357185567658746 
1 -2.6970895794432685 8.0607510692526745 -0.31730465640509242 0.94832365520619932 
1 -4.314076085165965 7.3238478637529596 -0.50753836296070443 0.86162916044152571 
1 -5.742516764733093 6.26685736288605 -0.67559020761566047 0.73727733681012386 
1 -6.9199819060286885 4.9359751235429883 -0.81411551835631935 0.58070295571093955 
1 -7.795010632273538 3.3893670858646061 -0.91706007438512416 0.39874906892524603 
1 -8.3293599892770303 1.6946274425461851 -0.9799247046208297 0.19936793441719691 
1 -8.4996763460454332 -0.074175551736161083 -0.99996192306417131 -0.0087265354983740596 
1 -8.2985160605194181 -1.8397367184738584 -0.97629600711993336 -0.21643961393810301 
1 -7.7346708024506086 -3.5248925625780103 -0.90996127087654322 -0.4146932426562393 
1 -6.8327833152463455 -5.0559936873863833 -0.80385686061721728 -0.59482278675134137 
1 -5.6322704098337724 -6.3661236267065036 -0.66262004821573772 -0.74895572078900197 
1 -4.1856002608794824 -7.3980234154891278 -0.492423560103467 -0.87035569593989981 
1 -2.5559992957863287 -8.1065940813599013 -0.30070579950427306 -0.95371695074822693 
1 -0.81468889642192011 -8.4608676861209986 -0.095845752520224078 -0.99539619836717885 
1 0.96222731702719244 -8.4453607732509823 0.11320321376790689 -0.99357185567658746 
1 2.697089579443265 -8.0607510692526887 0.31730465640509214 -0.94832365520619932 
1 4.314076085165965 -7.3238478637529738 0.50753836296070398 -0.86162916044152593 
1 5.742516764733093 -6.2668573628860429 0.67559020761566047 -0.73727733681012397 
1 6.9199819060286956 -4.9359751235429883 0.81411551835631923 -0.58070295571093977 
1 7.7950106322735451 -3.3893670858646061 0.91706007438512405 -0.39874906892524642 
1 8.3293599892770374 -1.6946274425461922 0.9799247046208297 -0.19936793441719691 
1 8.4996763460454332 0.074175551736161083 0.99996192306417131 0.0087265354983735201 
1 8.2985160605194253 1.8397367184738584 0.97629600711993347 0.21643961393810268 
1 7.7346708024506157 3.5248925625780103 0.90996127087654322 0.41469324265623908 
1 6.8327833152463526 5.0559936873863762 0.80385686061721762 0.59482278675134093 
1 5.6322704098337724 6.3661236267064965 0.66262004821573772 0.74895572078900197 
1 4.1856002608794824 7.3980234154891278 0.49242356010346711 0.8703556959398997 
1 2.5559992957863358 8.1065940813599013 0.30070579950427356 0.95371695074822682 
1 0.81468889642192011 8.4608676861210057 0.095845752520224245 0.99539619836717885 
2 -1.4962269538608766 0 0 -1 1 0 8.5
6 0 1 6.2831853071795862 0  6.2831853071795862 1.8  
6 0 1 0 0  0 1.8  
8 0 0.0087266462599687906
1 1.4660765716752353 0 -1 -0 
2 0.6738435653711754 -11.866761749422899 -1 -0 -0 1 8.4999999999999982
8 1.4573499254152662 1.5707963267948966
1 3.1415926535897922 1.8 -1 -0 
2 1.421e-14 -7.1100000000000008e-15 -1 0 0 1 8.4999999999999982
8 1.4573499254152662 1.5707963267948966
1 1.6755160819145549 1.8 -1 -0 
8 1.4573499254152662 1.5707963267948966
1 1.8849555921538741 1.8 -1 -0 
8 1.4573499254152662 1.5707963267948966
1 2.0943951023931939 1.8 -1 -0 
8 1.4573499254152662 1.5707963267948966
1 2.3038346126325133 1.8 -1 -0 
8 1.4573499254152662 1.5707963267948966
1 2.5132741228718336 1.8 -1 -0 
8 1.4573499254152662 1.5707963267948966
1 2.7227136331111517 1.8 -1 -0 
8 1.4573499254152662 1.5707963267948966
1 2.9321531433504715 1.8 -1 -0 
8 1.4573499254152662 1.5707963267948966
1 3.3510321638291125 1.8 -1 -0 
8 1.4573499254152662 1.5707963267948966
1 3.560471674068431 1.8 -1 -0 
8 1.4573499254152662 1.5707963267948966
1 3.7699111843077509 1.8 -1 -0 
8 1.4573499254152662 1.5707963267948966
1 3.9793506945470698 1.8 -1 -0 
8 1.4573499254152662 1.5707963267948966
1 4.1887902047863896 1.8 -1 -0 
8 1.4573499254152662 1.5707963267948966
1 4.3982297150257095 1.8 -1 -0 
8 1.4573499254152662 1.5707963267948966
1 4.6076692252650293 1.8 -1 -0 
8 1.4573499254152662 1.5707963267948966
1 4.8171087355043491 1.8 -1 -0 
8 1.4573499254152662 1.5707963267948966
1 5.0265482457436672 1.8 -1 -0 
8 1.4573499254152662 1.5707963267948966
1 5.235987755982987 1.8 -1 -0 
8 1.4573499254152662 1.5707963267948966
1 5.445427266222306 1.8 -1 -0 
8 1.4573499254152662 1.5707963267948966
1 5.6548667764616258 1.8 -1 -0 
8 1.4573499254152662 1.5707963267948966
1 5.8643062867009457 1.8 -1 -0 
8 1.4573499254152662 1.5707963267948966
1 6.0737457969402655 1.8 -1 -0 
8 1.4573499254152662 1.5707963267948966
1 6.2831853071795853 1.8 -1 -0 
8 1.4573499254152662 1.5707963267948966
1 6.4926248174189043 1.8 -1 -0 
8 1.4573499254152662 1.5707963267948966
1 6.7020643276582232 1.8 -1 -0 
8 1.4573499254152662 1.5707963267948966
1 6.9115038378975449 1.8 -1 -0 
8 1.4573499254152662 1.5707963267948966
1 7.1209433481368638 1.8 -1 -0 
8 1.4573499254152662 1.5707963267948966
1 7.3303828583761828 1.8 -1 -0 
8 1.4573499254152662 1.5707963267948966
1 7.5398223686155017 1.8 -1 -0 
2 -7.1100000000000008e-15 -1.421e-14 -0.10452846326765297 0.9945218953682734 0.9945218953682734 0.10452846326765297 8.4999999999999982
2 0 -1.421e-14 -0.30901699437494723 0.95105651629515364 0.95105651629515364 0.30901699437494723 8.5
2 0 -1.421e-14 -0.49999999999999933 0.86602540378443904 0.86602540378443904 0.49999999999999933 8.4999999999999982
2 0 -7.1100000000000008e-15 -0.6691306063588579 0.74314482547739469 0.74314482547739469 0.6691306063588579 8.4999999999999982
2 1.421e-14 -1.421e-14 -0.80901699437494734 0.58778525229247336 0.58778525229247336 0.80901699437494734 8.5
2 1.421e-14 -1.421e-14 -0.91354545764260053 0.40673664307580093 0.40673664307580093 0.91354545764260053 8.4999999999999982
2 1.421e-14 -7.1100000000000008e-15 -0.97814760073380558 0.20791169081775987 0.20791169081775987 0.97814760073380558 8.4999999999999982
2 1.421e-14 -7.1100000000000008e-15 -0.97814760073380569 -0.20791169081775931 -0.20791169081775931 0.97814760073380569 8.4999999999999982
2 1.7760000000000001e-14 0 -0.91354545764260098 -0.40673664307580021 -0.40673664307580021 0.91354545764260098 8.5
2 1.7760000000000001e-14 7.1100000000000008e-15 -0.80901699437494745 -0.58778525229247314 -0.58778525229247314 0.80901699437494745 8.4999999999999964
2 1.7760000000000001e-14 7.1100000000000008e-15 -0.66913060635885835 -0.74314482547739424 -0.74314482547739424 0.66913060635885835 8.5
2 1.421e-14 1.421e-14 -0.50000000000000011 -0.8660254037844386 -0.8660254037844386 0.50000000000000011 8.4999999999999964
2 1.421e-14 1.421e-14 -0.30901699437494751 -0.95105651629515364 -0.95105651629515364 0.30901699437494751 8.5
2 7.1100000000000008e-15 1.421e-14 -0.10452846326765364 -0.99452189536827329 -0.99452189536827329 0.10452846326765364 8.4999999999999982
2 7.1100000000000008e-15 1.421e-14 0.1045284632676533 -0.9945218953682734 -0.9945218953682734 -0.1045284632676533 8.4999999999999982
2 7.1100000000000008e-15 1.421e-14 0.30901699437494745 -0.95105651629515364 -0.95105651629515364 -0.30901699437494745 8.5
2 7.1100000000000008e-15 1.421e-14 0.49999999999999983 -0.86602540378443882 -0.86602540378443882 -0.49999999999999983 8.5
2 0 7.1100000000000008e-15 0.6691306063588579 -0.74314482547739458 -0.74314482547739458 -0.6691306063588579 8.4999999999999982
2 -1.421e-14 1.421e-14 0.80901699437494745 -0.58778525229247325 -0.58778525229247325 -0.80901699437494745 8.4999999999999964
2 0 1.421e-14 0.91354545764260076 -0.40673664307580043 -0.40673664307580043 -0.91354545764260076 8.4999999999999982
2 -1.421e-14 1.421e-14 0.97814760073380569 -0.20791169081775973 -0.20791169081775973 -0.97814760073380569 8.5000000000000018
2 -1.421e-14 7.1100000000000008e-15 1 -1.2e-16 -1.2e-16 -1 8.5
2 -1.421e-14 -0 0.97814760073380569 0.20791169081775907 0.20791169081775907 -0.97814760073380569 8.5
2 -1.7760000000000001e-14 -0 0.9135454576426012 0.40673664307579982 0.40673664307579982 -0.9135454576426012 8.4999999999999982
2 -1.7760000000000001e-14 7.1100000000000008e-15 0.80901699437494756 0.58778525229247314 0.58778525229247314 -0.80901699437494756 8.5
2 -1.421e-14 -0 0.66913060635885846 0.74314482547739402 0.74314482547739402 -0.66913060635885846 8.4999999999999982
2 -1.421e-14 -1.421e-14 0.50000000000000044 0.86602540378443849 0.86602540378443849 -0.50000000000000044 8.4999999999999982
2 -7.1100000000000008e-15 -2.1320000000000001e-14 0.30901699437494751 0.95105651629515364 0.95105651629515364 -0.30901699437494751 8.4999999999999947
1 1.4660765716752344 2.5000000000000155 -1 -3.91e-15 
1 7.5398223686155035 2.5000000000000155 -1 -3.91e-15 
1 7.3303828583761828 2.5000000000000155 -1 -3.91e-15 
1 7.120943348136862 2.5000000000000155 -1 -3.91e-15 
1 6.9115038378975449 2.5000000000000155 -1 -3.91e-15 
1 6.7020643276582241 2.5000000000000155 -1 -3.91e-15 
1 6.492624817418907 2.5000000000000155 -1 -3.91e-15 
1 6.2831853071795862 2.5000000000000155 -1 -3.91e-15 
1 6.0737457969402655 2.5000000000000155 -1 -3.91e-15 
1 5.8643062867009448 2.5000000000000155 -1 -3.91e-15 
1 5.6548667764616241 2.5000000000000155 -1 -3.91e-15 
1 5.4454272662223104 2.5000000000000155 -1 -3.91e-15 
1 5.2359877559829897 2.5000000000000155 -1 -3.91e-15 
1 5.026548245743669 2.5000000000000155 -1 -3.91e-15 
1 4.8171087355043483 2.5000000000000155 -1 -3.91e-15 
1 4.6076692252650275 2.5000000000000155 -1 -3.91e-15 
1 4.3982297150257068 2.5000000000000155 -1 -3.91e-15 
1 4.1887902047863896 2.5000000000000155 -1 -3.91e-15 
1 3.9793506945470725 2.5000000000000155 -1 -3.91e-15 
1 3.7699111843077517 2.5000000000000155 -1 -3.91e-15 
1 3.560471674068431 2.5000000000000155 -1 -3.91e-15 
1 3.3510321638291121 2.5000000000000155 -1 -3.91e-15 
1 3.1415926535897913 2.5000000000000155 -1 -3.91e-15 
1 2.9321531433504724 2.5000000000000155 -1 -3.91e-15 
1 2.7227136331111517 2.5000000000000155 -1 -3.91e-15 
1 2.5132741228718327 2.5000000000000155 -1 -3.91e-15 
1 2.3038346126325138 2.5000000000000155 -1 -3.91e-15 
1 2.0943951023931948 2.5000000000000155 -1 -3.91e-15 
1 1.8849555921538741 2.5000000000000155 -1 -3.91e-15 
1 1.6755160819145551 2.5000000000000155 -1 -3.91e-15 
1 1.4660765716752362 2.4999999999999996 -1 0 
1 7.5398223686155035 2.5000000000000004 -1 0 
1 7.3303828583761828 2.4999999999999991 -1 0 
1 7.1209433481368656 2.4999999999999996 -1 0 
1 6.9115038378975449 2.4999999999999996 -1 0 
1 6.7020643276582241 2.5 -1 0 
1 6.4926248174188999 2.5000000000000004 -1 0 
1 6.2831853071795862 2.5 -1 0 
1 6.073745796940262 2.5000000000000004 -1 0 
1 5.8643062867009483 2.5 -1 0 
1 5.6548667764616276 2.4999999999999996 -1 0 
1 5.4454272662223104 2.4999999999999996 -1 0 
1 5.2359877559829862 2.5000000000000004 -1 0 
1 5.0265482457436619 2.5000000000000004 -1 0 
1 4.8171087355043483 2.4999999999999991 -1 0 
1 4.6076692252650275 2.4999999999999996 -1 0 
1 4.3982297150257104 2.5000000000000004 -1 0 
1 4.1887902047863896 2.5000000000000004 -1 0 
1 3.9793506945470725 2.4999999999999996 -1 0 
1 3.7699111843077517 2.4999999999999996 -1 0 
1 3.5604716740684275 2.5 -1 0 
1 3.3510321638291067 2.5000000000000004 -1 0 
1 3.1415926535897913 2.5 -1 0 
1 2.9321531433504706 2.5000000000000004 -1 0 
1 2.7227136331111517 2.5000000000000004 -1 0 
1 2.5132741228718345 2.4999999999999996 -1 0 
1 2.3038346126325102 2.5000000000000004 -1 0 
1 2.0943951023931895 2.4999999999999996 -1 0 
1 1.8849555921538723 2.5000000000000004 -1 0 
1 1.6755160819145551 2.4999999999999991 -1 0 
8 6.1784655520599241 6.2831853071795862
1 7.7492618788548207 0 -1 -0 
1 1.5707963267948966 0 0 -1 
1 -0.10471975511966214 1.8000000000000096 0 1 
1 5.9690260418206051 1.8000000000000096 0 1 
1 5.7595865315812844 1.8000000000000096 0 1 
1 5.5501470213419672 1.8000000000000096 0 1 
1 5.3407075111026465 1.8000000000000096 0 1 
1 5.1312680008633293 1.8000000000000096 0 1 
1 4.9218284906240086 1.8000000000000096 0 1 
1 4.7123889803846879 1.8000000000000096 0 1 
1 4.5029494701453672 1.8000000000000096 0 1 
1 4.29350995990605 1.8000000000000096 0 1 
1 4.0840704496667293 1.8000000000000096 0 1 
1 3.8746309394274085 1.8000000000000096 0 1 
1 3.6651914291880914 1.8000000000000096 0 1 
1 3.4557519189487707 1.8000000000000096 0 1 
1 3.2463124087094517 1.8000000000000096 0 1 
1 3.036872898470131 1.8000000000000096 0 1 
1 2.827433388230812 1.8000000000000096 0 1 
1 2.6179938779914931 1.8000000000000096 0 1 
1 2.4085543677521741 1.8000000000000096 0 1 
1 2.1991148575128534 1.8000000000000096 0 1 
1 1.9896753472735345 1.8000000000000096 0 1 
1 1.7802358370342155 1.8000000000000096 0 1 
1 1.5707963267948948 1.8000000000000096 0 1 
1 1.3613568165555741 1.8000000000000096 0 1 
1 1.1519173063162551 1.8000000000000096 0 1 
1 0.94247779607693616 1.8000000000000096 0 1 
1 0.73303828583761543 1.8000000000000096 0 1 
1 0.52359877559829471 1.8000000000000096 0 1 
1 0.31415926535897754 1.8000000000000096 0 1 
1 0.10471975511965681 1.8000000000000096 0 1 
1 -0.10471975511966036 1.8000000000000091 0 1 
1 5.9690260418206087 1.80000000000001 0 1 
1 5.7595865315812844 1.8000000000000089 0 1 
1 5.5501470213419708 1.8000000000000091 0 1 
1 5.3407075111026501 1.8000000000000091 0 1 
1 4.9218284906240051 1.80000000000001 0 1 
1 4.5029494701453672 1.80000000000001 0 1 
1 4.2935099599060536 1.8000000000000096 0 1 
1 4.0840704496667293 1.8000000000000091 0 1 
1 3.8746309394274121 1.8000000000000091 0 1 
1 3.6651914291880914 1.80000000000001 0 1 
1 3.4557519189487671 1.80000000000001 0 1 
1 3.2463124087094499 1.8000000000000089 0 1 
1 3.0368728984701292 1.8000000000000091 0 1 
1 2.8274333882308156 1.80000000000001 0 1 
1 2.6179938779914931 1.80000000000001 0 1 
1 2.4085543677521741 1.8000000000000091 0 1 
1 2.1991148575128552 1.8000000000000091 0 1 
1 1.9896753472735327 1.8000000000000096 0 1 
1 1.7802358370342102 1.80000000000001 0 1 
1 1.3613568165555741 1.80000000000001 0 1 
1 1.1519173063162551 1.80000000000001 0 1 
1 0.94247779607693616 1.8000000000000091 0 1 
1 0.73303828583761543 1.80000000000001 0 1 
1 0.52359877559829471 1.8000000000000094 0 1 
1 0.31415926535897398 1.80000000000001 0 1 
1 0.10471975511965859 1.8000000000000089 0 1 
1 1.5707963267948968 0 0 -1 
1 6.5 1.1e-16 0 -1 
1 1.4573499254152651 0 0 -1 
1 6.5000000000000089 4.0000000000000003e-17 0 -1 
1 1.4573499254152662 0 0 -1 
1 0.0087266462599693301 1.8000000000000098 0 1 
1 5.8730329329609177 1.8000000000000098 0 1 
1 5.6635934227215969 1.8000000000000098 0 1 
1 5.4541539124822798 1.8000000000000098 0 1 
1 5.2447144022429555 1.8000000000000098 0 1 
1 5.0352748920036383 1.8000000000000098 0 1 
1 4.8258353817643211 1.8000000000000098 0 1 
1 4.6163958715250004 1.8000000000000098 0 1 
1 4.4069563612856797 1.8000000000000098 0 1 
1 4.197516851046359 1.8000000000000098 0 1 
1 3.9880773408070382 1.8000000000000098 0 1 
1 3.7786378305677211 1.8000000000000098 0 1 
1 3.5691983203284003 1.8000000000000098 0 1 
1 3.3597588100890832 1.8000000000000098 0 1 
1 3.1503192998497624 1.8000000000000098 0 1 
1 2.9408797896104435 1.8000000000000098 0 1 
1 2.7314402793711245 1.8000000000000098 0 1 
1 2.5220007691318038 1.8000000000000098 0 1 
1 2.3125612588924849 1.8000000000000098 0 1 
1 2.1031217486531659 1.8000000000000098 0 1 
1 1.893682238413847 1.8000000000000098 0 1 
1 1.6842427281745262 1.8000000000000098 0 1 
1 1.4748032179352055 1.8000000000000098 0 1 
1 1.2653637076958866 1.8000000000000098 0 1 
1 1.0559241974565658 1.8000000000000098 0 1 
1 0.8464846872172469 1.8000000000000098 0 1 
1 0.63704517697792795 1.8000000000000098 0 1 
1 0.42760566673860723 1.8000000000000098 0 1 
1 0.21816615649929005 1.8000000000000098 0 1 
1 6.0824724432002348 1.8000000000000098 0 1 
1 0.0087266462599710996 1.8000000000000094 0 1 
1 5.8730329329609177 1.8000000000000091 0 1 
1 5.6635934227216005 1.8000000000000094 0 1 
1 5.4541539124822798 1.8000000000000094 0 1 
1 5.244714402242959 1.8000000000000098 0 1 
1 5.0352748920036348 1.8000000000000103 0 1 
1 4.6163958715249969 1.8000000000000103 0 1 
1 4.4069563612856832 1.8000000000000098 0 1 
1 4.197516851046359 1.8000000000000094 0 1 
1 3.9880773408070453 1.8000000000000094 0 1 
1 3.7786378305677211 1.8000000000000103 0 1 
1 3.5691983203283968 1.8000000000000103 0 1 
1 3.3597588100890814 1.8000000000000091 0 1 
1 3.1503192998497607 1.8000000000000094 0 1 
1 2.9408797896104453 1.8000000000000103 0 1 
1 2.7314402793711245 1.8000000000000103 0 1 
1 2.5220007691318056 1.8000000000000094 0 1 
1 2.3125612588924849 1.8000000000000094 0 1 
1 2.1031217486531624 1.8000000000000098 0 1 
1 1.8936822384138416 1.8000000000000103 0 1 
1 1.4748032179352037 1.8000000000000103 0 1 
1 1.2653637076958866 1.8000000000000103 0 1 
1 1.0559241974565694 1.8000000000000094 0 1 
1 0.84648468721724512 1.8000000000000103 0 1 
1 0.63704517697792618 1.8000000000000096 0 1 
1 0.42760566673860545 1.8000000000000103 0 1 
1 0.21816615649929005 1.8000000000000091 0 1 
1 6.0824724432002384 1.8000000000000103 0 1 
2 7.1100000000000008e-15 1.7760000000000001e-14 -1 0 0 1 3.2999999999999994
1 6.2831853071795862 5.1000000000000094 -1 0 
1 6.2831853071795862 5.1000000000000014 -1 0 
1 6.2831853071795862 0 0 1 
1 0 0 0 1 
1 0 4.8083261120685226 1 0 
2 0 0 -1 0 0 1 6.7000000000000002
2 7.1100000000000008e-15 1.421e-14 -1 0 -0 -1 6.7000000000000028
2 -1.421e-14 -4.7855099999999999e-12 -1 0 -0 -1 6.7000000000000028
2 -1.421e-14 -1.421e-14 0 -1 1 0 6.7000000000000028
2 0 -1.0231800000000001e-12 -1 0 -0 -1 6.7000000000000028
2 7.1100000000000008e-15 -4.7864209999999972 -1 0 -0 -1 6.7000000000000028
Curves 74
1 -5.5000000000010303 98.700000000000003 0 1 0 0 
1 8.4999999999999893 49.49999999999897 98.700000000000003 1 -2.2e-16 2.2e-16 
1 21.499999999999979 7.1999999999989663 98.700000000000003 -1 2.2e-16 -2.2e-16 
1 18.899999999999999 16.49999999999897 0 0 -1 0 
1 10.499999999999998 16.49999999999897 0 1 0 0 
1 10.499999999999998 9.3999999999989683 0 0 1 0 
1 10.499999999999998 -3.5000000000010321 0 0 1 0 
1 10.499999999999998 -3.5000000000010321 0 1 0 0 
1 11.999999999999998 -3.5000000000010321 0 0 1 0 
1 11.999999999999998 -1.3000000000010314 0 1 0 0 
1 12.899999999999999 -1.3000000000010314 0 0 -1 0 
1 12.899999999999999 -3.5000000000010321 0 1 0 0 
1 15.099999999999998 -3.5000000000010321 0 0 1 0 
1 15.099999999999998 -1.3000000000010314 0 1 0 0 
1 21.499999999999979 -1.3000000000010352 98.700000000000003 -1 2.2e-16 -2.2e-16 
1 8.4999999999999769 -5.5000000000010321 98.700000000000003 1 -2.2e-16 2.2e-16 
1 -5.5000000000010303 13.700000000000003 0 0 1 0 
1 49.49999999999897 98.700000000000003 0 0 -1 0 
1 49.49999999999897 13.700000000000003 0 -1 0 0 
2 22 56.200000000000003 0 0 0 1 1 0 -0 -0 1 0 15
1 8.5000000000000071 49.49999999999897 13.700000000000005 1 -2.2e-16 2.2e-16 
1 -1.3000000000010308 65.700000000000003 0 0 1 0 
2 0.69999999999896922 65.700000000000003 0 0 0 1 1 0 -0 -0 1 0 2
1 5.1999999999989708 63.700000000000003 0 -1 0 0 
2 5.1999999999989708 65.700000000000003 0 0 0 1 1 0 -0 -0 1 0 2
1 7.1999999999989708 98.700000000000003 0 0 -1 0 
1 21.499999999999986 7.1999999999989663 65.700000000000003 -1 2.2e-16 -2.2e-16 
1 18.899999999999977 7.199999999998969 98.700000000000003 2.2e-16 0 -1 
1 18.899999999999977 16.49999999999897 98.700000000000003 2.2e-16 0 -1 
1 10.499999999999977 16.49999999999897 98.700000000000003 2.2e-16 0 -1 
1 10.499999999999977 9.3999999999989683 98.700000000000003 2.2e-16 0 -1 
1 10.499999999999977 -3.5000000000010321 98.700000000000003 2.2e-16 0 -1 
1 11.999999999999977 -3.5000000000010321 98.700000000000003 2.2e-16 0 -1 
1 11.999999999999977 -1.3000000000010314 98.700000000000003 2.2e-16 0 -1 
1 12.899999999999977 -1.3000000000010314 98.700000000000003 2.2e-16 0 -1 
1 12.899999999999977 -3.5000000000010321 98.700000000000003 2.2e-16 0 -1 
1 15.099999999999977 -3.5000000000010321 98.700000000000003 2.2e-16 0 -1 
1 15.099999999999977 -1.3000000000010314 98.700000000000003 2.2e-16 0 -1 
1 21.499999999999986 -1.3000000000010352 65.700000000000003 -1 2.2e-16 -2.2e-16 
1 18.899999999999977 -1.3000000000010314 98.700000000000003 2.2e-16 0 -1 
1 8.4999999999999964 -5.5000000000010321 13.700000000000005 1 -2.2e-16 2.2e-16 
1 -4.0000000000000003e-15 37.000000000000014 56.199999999999996 1 -2.2e-16 2.2e-16 
2 22 56.200000000000003 0 0 0 1 1 0 -0 -0 1 0 15
1 21.499999999999986 0.69999999999896445 63.70000000000001 -1 2.2e-16 -2.2e-16 
2 18.899999999999984 0.69999999999896523 65.700000000000003 1 -2.2e-16 2.2e-16 2.2e-16 1 0 -2.2e-16 4.8400000000000002e-32 1 2
1 18.899999999999984 1.9499999999989674 63.700000000000003 -0 -1 0 
1 21.499999999999986 5.1999999999989663 63.70000000000001 -1 2.2e-16 -2.2e-16 
2 18.899999999999984 5.1999999999989672 65.700000000000003 1 -2.2e-16 2.2e-16 2.2e-16 1 0 -2.2e-16 4.8400000000000002e-32 1 2
1 18.899999999999999 -1.3000000000010314 0 0 1 0 
1 18.899999999999999 7.199999999998969 0 -1 0 0 
1 11.999999999999998 7.199999999998969 0 0 1 0 
1 11.999999999999998 9.3999999999989683 0 -1 0 0 
1 11.999999999999998 9.3999999999989683 0 -1 0 0 
1 11.999999999999977 9.3999999999989683 98.700000000000003 2.2e-16 0 -1 
1 18.899999999999999 7.199999999998969 0 -1 0 0 
1 11.999999999999998 7.199999999998969 0 0 1 0 
6 0 1 -4.0000000000000003e-15 37.000000000000014 56.199999999999996  -1.8000000000000043 37.317388565275238 56.200000000000003  
2 22 56.200000000000003 -7.5900000000000007e-15 -2.2e-16 2.2e-16 1 1 0 2.2e-16 4.8400000000000002e-32 1 -2.2e-16 15.317388565275238
1 11.999999999999977 7.199999999998969 98.700000000000003 2.2e-16 0 -1 
2 22 56.200000000000003 0 0 0 1 1 0 -0 -0 1 0 8.5
1 -22.000000000000014 64.699999999999989 0 0 1 0 
2 -22.000000000000014 56.199999999999996 0 0 0 1 1 0 -0 -0 1 0 15
1 -21.037772682972808 64.645360773250985 0 0.11320321376790701 0.99357185567658746 0 
6 0 1 -5.9999999999999997e-15 30.500000000000014 56.199999999999996  -1.800000000000006 30.500000000000014 56.199999999999996  
2 -22.000000000000014 56.199999999999996 0 0 0 1 1 0 -0 -0 1 0 8.4999999999999982
1 -1.8000000000000096 22.000000000000014 64.699999999999989 -1 2.2e-16 -2.2e-16 
1 -1.8000000000000109 22.000000000000014 71.199999999999989 -1 2.2e-16 -2.2e-16 
1 -1.8000000000000114 20.301951793481411 71.103577835148812 -1 2.2e-16 -2.2e-16 
1 -1.8000000000000098 21.037772682972811 64.645360773250985 -1 2.2e-16 -2.2e-16 
2 -7.9899999999999993e-15 21.999999999999996 56.200000000000003 -1 -0 -0 0 0 -1 0 -1 0 3.2999999999999994
1 -3.399999999999999 0 -3.2999999999999994 -1 0 4.0000000000000003e-17 
2 -3.399999999999999 0 0 1 0 0 0 0 -1 -0 1 0 3.2999999999999994
2 0 0 0 1 0 0 0 0 -1 -0 1 0 6.7000000000000002
1 0 0 -6.7000000000000002 -0.70710678118654746 0 0.70710678118654779 
Polygon3D 0
PolygonOnTriangulations 0
Surfaces 304
1 8.4999999999999769 -5.5000000000010321 98.700000000000003 -2.2e-16 0 1 2.2e-16 1 4.8400000000000002e-32 -1 2.2e-16 -2.2e-16 
1 8.4999999999999911 21.999999999998973 56.200000000000003 1 -2.1000000000000001e-16 2.2e-16 -2.2e-16 0 1 -2.1000000000000001e-16 -1 -4.6200000000000004e-32 
1 21.499999999999979 -1.3000000000010352 98.700000000000003 2.2e-16 -0 -1 2.2e-16 1 4.8400000000000002e-32 1 -2.2e-16 2.2e-16 
1 21.499999999999979 7.1999999999989663 98.700000000000003 -2.2e-16 -1 0 2.2e-16 -4.8400000000000002e-32 -1 1 -2.2e-16 2.2e-16 
1 18.899999999999977 16.49999999999897 98.700000000000003 -1 -0 -2.2e-16 0 -1 0 -2.2e-16 0 1 
1 14.79322033898303 11.943220338982021 98.700000000000017 -0 -0 1 1 0 0 -0 1 0 
1 10.499999999999977 16.49999999999897 98.700000000000003 0 -1 0 1 0 2.2e-16 -2.2e-16 0 1 
1 10.499999999999977 9.3999999999989683 98.700000000000003 1 -0 2.2e-16 0 1 0 -2.2e-16 0 1 
1 10.499999999999977 -3.5000000000010321 98.700000000000003 1 -0 2.2e-16 0 1 0 -2.2e-16 0 1 
1 13.988510638297852 2.3461702127649255 98.699999999999974 0 -0 1 1 0 0 -0 1 0 
1 10.499999999999977 -3.5000000000010321 98.700000000000003 0 -1 0 1 0 2.2e-16 -2.2e-16 0 1 
1 11.999999999999977 -3.5000000000010321 98.700000000000003 1 -0 2.2e-16 0 1 0 -2.2e-16 0 1 
1 11.999999999999977 -1.3000000000010314 98.700000000000003 0 -1 0 1 0 2.2e-16 -2.2e-16 0 1 
1 12.899999999999977 -1.3000000000010314 98.700000000000003 -1 -0 -2.2e-16 0 -1 0 -2.2e-16 0 1 
1 12.899999999999977 -3.5000000000010321 98.700000000000003 0 -1 0 1 0 2.2e-16 -2.2e-16 0 1 
1 15.099999999999977 -3.5000000000010321 98.700000000000003 1 -0 2.2e-16 0 1 0 -2.2e-16 0 1 
1 15.099999999999977 -1.3000000000010314 98.700000000000003 0 -1 0 1 0 2.2e-16 -2.2e-16 0 1 
1 21.499999999999986 -1.3000000000010352 65.700000000000003 2.2e-16 1 0 -2.2e-16 4.8400000000000002e-32 1 1 -2.2e-16 2.2e-16 
1 8.4999999999999964 -5.5000000000010321 13.700000000000005 -2.2e-16 -1 0 -2.2e-16 4.8400000000000002e-32 1 -1 2.2e-16 -2.2e-16 
1 21.500000000000004 47.045537500000002 46.527786999999996 1 -3.4e-16 2.8000000000000001e-16 3.4e-16 1 0 -2.8000000000000001e-16 9.5200000000000007e-32 1 
1 21.500000000000004 47.045537500000002 46.527786999999996 1 -3.4e-16 2.8000000000000001e-16 3.4e-16 1 0 -2.8000000000000001e-16 9.5200000000000007e-32 1 
1 8.5000000000000071 49.49999999999897 13.700000000000005 2.2e-16 -0 -1 -2.2e-16 -1 -4.8400000000000002e-32 -1 2.2e-16 -2.2e-16 
2 -7.5900000000000007e-15 22.000000000000014 56.199999999999996 -1 2.2e-16 -2.2e-16 2.2000000000000005e-16 1 -2.2e-16 -2.1999999999999995e-16 2.2000000000000005e-16 1 15
1 -7.5900000000000007e-15 22.000000000000014 56.199999999999996 1 -2.2e-16 2.2e-16 -2.2e-16 0 1 -2.2e-16 -1 -4.8400000000000002e-32 
2 -7.5900000000000007e-15 22.000000000000014 56.199999999999996 -1 2.2e-16 -2.2e-16 2.2000000000000005e-16 1 -2.2e-16 -2.1999999999999995e-16 2.2000000000000005e-16 1 15
2 -7.5900000000000007e-15 22.000000000000014 56.199999999999996 -1 2.2e-16 -2.2e-16 2.2000000000000005e-16 1 -2.2e-16 -2.1999999999999995e-16 2.2000000000000005e-16 1 15
2 -7.5900000000000007e-15 22.000000000000014 56.199999999999996 -1 2.2e-16 -2.2e-16 2.2000000000000005e-16 1 -2.2e-16 -2.1999999999999995e-16 2.2000000000000005e-16 1 15
2 -7.5900000000000007e-15 22.000000000000014 56.199999999999996 -1 2.2e-16 -2.2e-16 2.2000000000000005e-16 1 -2.2e-16 -2.1999999999999995e-16 2.2000000000000005e-16 1 15
2 0 22 56.200000000000003 -1 -0 -0 0 1 0 -0 -0 1 15
1 4.999999999999992 22 57.696226953860887 1 -2.1000000000000001e-16 2.2e-16 -2.2e-16 0 1 -2.1000000000000001e-16 -1 -4.6200000000000004e-32 
2 0 22 56.200000000000003 -1 -0 -0 0 1 0 -0 -0 1 15
1 4.999999999999992 22 57.696226953860887 1 -2.1000000000000001e-16 2.2e-16 -2.2e-16 0 1 -2.1000000000000001e-16 -1 -4.6200000000000004e-32 
1 4.999999999999992 22 57.696226953860879 1 -2.1000000000000001e-16 2.2e-16 -2.2e-16 0 1 -2.1000000000000001e-16 -1 -4.6200000000000004e-32 
1 4.999999999999992 22 57.696226953860879 1 -2.1000000000000001e-16 2.2e-16 -2.2e-16 0 1 -2.1000000000000001e-16 -1 -4.6200000000000004e-32 
2 0 22 56.200000000000003 -1 -0 -0 0 1 0 -0 -0 1 15
2 0 22 56.200000000000003 -1 -0 -0 0 1 0 -0 -0 1 15
2 0 22 56.200000000000003 -1 -0 -0 0 1 0 -0 -0 1 15
1 8.4999999999999929 21.999999999995211 56.200000000000017 1 -2.1000000000000001e-16 2.2e-16 -2.2e-16 0 1 -2.1000000000000001e-16 -1 -4.6200000000000004e-32 
1 8.4999999999999929 21.999999999995211 56.200000000000017 1 -2.1000000000000001e-16 2.2e-16 -2.2e-16 0 1 -2.1000000000000001e-16 -1 -4.6200000000000004e-32 
1 8.4999999999999929 21.999999999995211 56.200000000000017 1 -2.1000000000000001e-16 2.2e-16 -2.2e-16 0 1 -2.1000000000000001e-16 -1 -4.6200000000000004e-32 
1 8.4999999999999929 21.999999999995211 56.200000000000017 1 -2.1000000000000001e-16 2.2e-16 -2.2e-16 0 1 -2.1000000000000001e-16 -1 -4.6200000000000004e-32 
1 8.4999999999999929 22.000000000000011 56.200000000000017 1 -2.2999999999999999e-16 2.2999999999999999e-16 2.2999999999999999e-16 1 0 -2.2999999999999999e-16 5.2899999999999992e-32 1 
1 8.4999999999999911 21.999999999998973 56.200000000000003 1 -2.1000000000000001e-16 2.2e-16 -2.2e-16 0 1 -2.1000000000000001e-16 -1 -4.6200000000000004e-32 
1 8.4999999999999911 21.999999999998973 56.200000000000003 1 -2.1000000000000001e-16 2.2e-16 -2.2e-16 0 1 -2.1000000000000001e-16 -1 -4.6200000000000004e-32 
1 8.4999999999999911 21.999999999998973 56.200000000000003 1 -2.1000000000000001e-16 2.2e-16 -2.2e-16 0 1 -2.1000000000000001e-16 -1 -4.6200000000000004e-32 
1 8.4999999999999911 17.213578999999999 56.199999999999996 1 -2.2e-16 2.2e-16 -2.2e-16 0 1 -2.2e-16 -1 -4.8400000000000002e-32 
1 8.4999999999999911 21.999999999998973 56.200000000000003 1 -2.1000000000000001e-16 2.2e-16 -2.2e-16 0 1 -2.1000000000000001e-16 -1 -4.6200000000000004e-32 
1 8.4999999999999893 49.49999999999897 98.700000000000003 2.2e-16 1 0 2.2e-16 -4.8400000000000002e-32 -1 -1 2.2e-16 -2.2e-16 
1 21.499999999999989 2.9499999999989663 81.575440517259153 1 -0 2.1000000000000001e-16 -2.1000000000000001e-16 0 1 -0 -1 0 
2 21.499999999999986 0.69999999999896467 65.700000000000003 1 -2.2e-16 2.2e-16 2.2e-16 1 0 -2.2e-16 4.8400000000000002e-32 1 2
1 21.499999999999986 5.1999999999989663 63.70000000000001 -2.2e-16 0 1 -2.2e-16 -1 -4.8400000000000002e-32 1 -2.2e-16 2.2e-16 
2 21.499999999999986 5.1999999999989663 65.700000000000003 1 -2.2e-16 2.2e-16 2.2e-16 1 0 -2.2e-16 4.8400000000000002e-32 1 2
1 18.899999999999977 -1.3000000000010314 98.700000000000003 1 -0 2.2e-16 0 1 0 -2.2e-16 0 1 
1 18.899999999999977 7.199999999998969 98.700000000000003 0 1 0 -1 0 -2.2e-16 -2.2e-16 0 1 
1 11.999999999999977 9.3999999999989683 98.700000000000003 0 1 0 -1 0 -2.2e-16 -2.2e-16 0 1 
1 10.499999999999982 3.9857245405318027 59.304587156330626 1 4.0000000000000003e-17 2.2e-16 -2.2e-16 0 1 4.0000000000000003e-17 -1 8.8000000000000002e-33 
1 18.899999999999981 5.8800039085469908 57.797066956362805 -1 -2.0000000000000001e-17 -2.2999999999999999e-16 2.2999999999999999e-16 0 -1 2.0000000000000001e-17 -1 4.6000000000000004e-33 
2 -7.5900000000000007e-15 22.000000000000014 56.199999999999996 1 -2.2e-16 2.2e-16 2.2000000000000005e-16 1 -2.2e-16 -2.1999999999999995e-16 2.2000000000000005e-16 1 15
1 -7.5900000000000007e-15 22.000000000000011 56.20000000000001 1 -2.2e-16 2.2e-16 -2.2e-16 0 1 -2.2e-16 -1 -4.8400000000000002e-32 
10 0 6.2831853071795862 0 1.8277679013943486
3 0 22 56.200000000000003 -1 -0 -0 0 1 0 -0 -0 1 15
0.17453292519943253
1 0 22 56.200000000000003 1 0 0 -0 1 0 0 -0 1 
10 0 6.2831853071795862 0 1.9155199904566491
3 0 22 56.200000000000003 -1 -0 -0 0 1 0 -0 -0 1 15
0.34906585039886479
1 0 22 56.200000000000003 1 0 0 -0 1 0 0 -0 1 
10 0 6.2831853071795862 0 2.0784609690826601
3 0 22 56.200000000000003 -1 -0 -0 0 1 0 -0 -0 1 15
0.52359877559829771
1 0 22 56.200000000000003 1 0 0 -0 1 0 0 -0 1 
10 0 6.2831853071795862 0 1.9155199904566491
3 0 22 56.200000000000003 -1 -0 -0 0 1 0 -0 -0 1 15
0.34906585039886479
1 0 22 56.200000000000003 1 0 0 -0 1 0 0 -0 1 
10 0 6.2831853071795862 0 1.8277679013943486
3 0 22 56.200000000000003 -1 -0 -0 0 1 0 -0 -0 1 15
0.17453292519943253
1 0 22 56.200000000000003 1 0 0 -0 1 0 0 -0 1 
2 0 22 56.200000000000003 1 0 0 -0 1 0 0 -0 1 15
10 0 6.2831853071795862 0 1.8
2 0 22 56.200000000000003 -1 -0 -0 0 1 0 -0 -0 1 15
1 0 22 56.200000000000003 1 0 0 -0 1 0 0 -0 1 
1 -1.8 22 56.200000000000003 1 0 0 -0 1 0 0 -0 1 
10 0 6.2831853071795862 0 1.8
2 0 22 56.200000000000003 -1 -0 -0 0 1 0 -0 -0 1 15
1 0 22 56.200000000000003 1 0 0 -0 1 0 0 -0 1 
1 -1.8 22 56.200000000000003 1 0 0 -0 1 0 0 -0 1 
10 0 6.2831853071795862 0 1.8
2 0 22 56.200000000000003 -1 -0 -0 0 1 0 -0 -0 1 15
1 0 22 56.200000000000003 1 0 0 -0 1 0 0 -0 1 
1 -1.8 22 56.200000000000003 1 0 0 -0 1 0 0 -0 1 
10 0 6.2831853071795862 0 1.8
2 0 22 56.200000000000003 -1 -0 -0 0 1 0 -0 -0 1 15
1 0 22 56.200000000000003 1 0 0 -0 1 0 0 -0 1 
1 -1.8 22 56.200000000000003 1 0 0 -0 1 0 0 -0 1 
10 0 6.2831853071795862 0 1.8
2 0 22 56.200000000000003 -1 -0 -0 0 1 0 -0 -0 1 15
1 0 22 56.200000000000003 1 0 0 -0 1 0 0 -0 1 
1 -1.8 22 56.200000000000003 1 0 0 -0 1 0 0 -0 1 
2 0 22 56.200000000000003 1 0 0 -0 1 0 0 -0 1 15
10 0 6.2831853071795862 0 1.8
2 0 22 56.200000000000003 -1 -0 -0 0 1 0 -0 -0 1 15
1 0 22 56.200000000000003 1 0 0 -0 1 0 0 -0 1 
1 -1.8 22 56.200000000000003 1 0 0 -0 1 0 0 -0 1 
2 0 22 56.200000000000003 1 0 0 -0 1 0 0 -0 1 15
10 0 6.2831853071795862 0 1.8
2 0 22 56.200000000000003 -1 -0 -0 0 1 0 -0 -0 1 15
1 0 22 56.200000000000003 1 0 0 -0 1 0 0 -0 1 
1 -1.8 22 56.200000000000003 1 0 0 -0 1 0 0 -0 1 
2 0 22 56.200000000000003 1 0 0 -0 1 0 0 -0 1 15
10 0 6.2831853071795862 0 1.8
2 0 22 56.200000000000003 -1 -0 -0 0 1 0 -0 -0 1 15
1 0 22 56.200000000000003 1 0 0 -0 1 0 0 -0 1 
1 -1.8 22 56.200000000000003 1 0 0 -0 1 0 0 -0 1 
10 0 6.2831853071795862 0 1.8
2 0 22 56.200000000000003 -1 -0 -0 0 1 0 -0 -0 1 15
1 0 22 56.200000000000003 1 0 0 -0 1 0 0 -0 1 
1 -1.8 22 56.200000000000003 1 0 0 -0 1 0 0 -0 1 
10 0 6.2831853071795862 0 1.8
2 0 22 56.200000000000003 -1 -0 -0 0 1 0 -0 -0 1 15
1 0 22 56.200000000000003 1 0 0 -0 1 0 0 -0 1 
1 -1.8 22 56.200000000000003 1 0 0 -0 1 0 0 -0 1 
10 0 6.2831853071795862 0 1.8
2 0 22 56.200000000000003 -1 -0 -0 0 1 0 -0 -0 1 15
1 0 22 56.200000000000003 1 0 0 -0 1 0 0 -0 1 
1 -1.8 22 56.200000000000003 1 0 0 -0 1 0 0 -0 1 
10 0 6.2831853071795862 0 1.8
2 0 22 56.200000000000003 -1 -0 -0 0 1 0 -0 -0 1 15
1 0 22 56.200000000000003 1 0 0 -0 1 0 0 -0 1 
1 -1.8 22 56.200000000000003 1 0 0 -0 1 0 0 -0 1 
10 0 6.2831853071795862 0 1.8
2 0 22 56.200000000000003 -1 -0 -0 0 1 0 -0 -0 1 15
1 0 22 56.200000000000003 1 0 0 -0 1 0 0 -0 1 
1 -1.8 22 56.200000000000003 1 0 0 -0 1 0 0 -0 1 
10 0 6.2831853071795862 0 1.8
2 0 22 56.200000000000003 -1 -0 -0 0 1 0 -0 -0 1 15
1 0 22 56.200000000000003 1 0 0 -0 1 0 0 -0 1 
1 -1.8 22 56.200000000000003 1 0 0 -0 1 0 0 -0 1 
10 0 6.2831853071795862 0 1.8
2 0 22 56.200000000000003 -1 -0 -0 0 1 0 -0 -0 1 15
1 0 22 56.200000000000003 1 0 0 -0 1 0 0 -0 1 
1 -1.8 22 56.200000000000003 1 0 0 -0 1 0 0 -0 1 
10 0 6.2831853071795862 0 1.8
2 0 22 56.200000000000003 -1 -0 -0 0 1 0 -0 -0 1 15
1 0 22 56.200000000000003 1 0 0 -0 1 0 0 -0 1 
1 -1.8 22 56.200000000000003 1 0 0 -0 1 0 0 -0 1 
2 0 22 56.200000000000003 1 0 0 -0 1 0 0 -0 1 15
10 0 6.2831853071795862 0 1.8277679013943486
3 0 22 56.200000000000003 -1 -0 -0 0 1 0 -0 -0 1 15
0.17453292519943253
1 0 22 56.200000000000003 1 0 0 -0 1 0 0 -0 1 
2 0 22 56.200000000000003 1 0 0 -0 1 0 0 -0 1 15
10 0 6.2831853071795862 0 2.0784609690826601
3 0 22 56.200000000000003 -1 -0 -0 0 1 0 -0 -0 1 15
0.52359877559829771
1 0 22 56.200000000000003 1 0 0 -0 1 0 0 -0 1 
10 0 6.2831853071795862 0 2.3497331207981076
3 0 22 56.200000000000003 -1 -0 -0 0 1 0 -0 -0 1 15
0.6981317007977299
1 0 22 56.200000000000003 1 0 0 -0 1 0 0 -0 1 
2 0 22 56.200000000000003 1 0 0 -0 1 0 0 -0 1 15
10 0 6.2831853071795862 0 1.8
2 0 22 56.200000000000003 -1 -0 -0 0 1 0 -0 -0 1 15
1 0 22 56.200000000000003 1 0 0 -0 1 0 0 -0 1 
1 -1.8 22 56.200000000000003 1 0 0 -0 1 0 0 -0 1 
10 0 6.2831853071795862 0 1.8
2 0 22 56.200000000000003 -1 -0 -0 0 1 0 -0 -0 1 15
1 0 22 56.200000000000003 1 0 0 -0 1 0 0 -0 1 
1 -1.8 22 56.200000000000003 1 0 0 -0 1 0 0 -0 1 
10 0 6.2831853071795862 0 1.8
2 0 22 56.200000000000003 -1 -0 -0 0 1 0 -0 -0 1 15
1 0 22 56.200000000000003 1 0 0 -0 1 0 0 -0 1 
1 -1.8 22 56.200000000000003 1 0 0 -0 1 0 0 -0 1 
10 0 6.2831853071795862 0 1.8
2 0 22 56.200000000000003 -1 -0 -0 0 1 0 -0 -0 1 15
1 0 22 56.200000000000003 1 0 0 -0 1 0 0 -0 1 
1 -1.8 22 56.200000000000003 1 0 0 -0 1 0 0 -0 1 
2 0 22 56.200000000000003 1 0 0 -0 1 0 0 -0 1 15
10 0 6.2831853071795862 0 1.8277679013943486
3 0 22 56.200000000000003 -1 -0 -0 0 1 0 -0 -0 1 15
0.17453292519943253
1 0 22 56.200000000000003 1 0 0 -0 1 0 0 -0 1 
10 0 6.2831853071795862 0 1.8277679013943486
3 0 22 56.200000000000003 -1 -0 -0 0 1 0 -0 -0 1 15
0.17453292519943253
1 0 22 56.200000000000003 1 0 0 -0 1 0 0 -0 1 
10 0 6.2831853071795862 0 1.8277679013943486
3 0 22 56.200000000000003 -1 -0 -0 0 1 0 -0 -0 1 15
0.17453292519943253
1 0 22 56.200000000000003 1 0 0 -0 1 0 0 -0 1 
10 0 6.2831853071795862 0 1.8277679013943486
3 0 22 56.200000000000003 -1 -0 -0 0 1 0 -0 -0 1 15
0.17453292519943253
1 0 22 56.200000000000003 1 0 0 -0 1 0 0 -0 1 
1 18.899999999999977 7.199999999998969 98.700000000000003 0 1 0 -1 0 -2.2e-16 -2.2e-16 0 1 
1 11.999999999999977 7.199999999998969 98.700000000000003 1 -0 2.2e-16 0 1 0 -2.2e-16 0 1 
1 11.999999999999977 7.199999999998969 98.700000000000003 1 -0 2.2e-16 0 1 0 -2.2e-16 0 1 
1 11.999999999999977 9.3999999999989683 98.700000000000003 0 1 0 -1 0 -2.2e-16 -2.2e-16 0 1 
1 -1.8000000000000076 22 56.200000000000003 1 -2.2e-16 2.2e-16 2.2e-16 1 0 -2.2e-16 4.8400000000000002e-32 1 
2 -7.5900000000000007e-15 22.000000000000014 56.199999999999996 1 -2.2e-16 2.2e-16 2.2000000000000005e-16 1 -2.2e-16 -2.1999999999999995e-16 2.2000000000000005e-16 1 8.5
1 -7.5900000000000007e-15 22.000000000000014 56.199999999999996 1 -2.2e-16 2.2e-16 -2.2e-16 0 1 -2.2e-16 -1 -4.8400000000000002e-32 
10 0 6.2831853071795862 0 1.8
2 0 22 56.200000000000003 -1 -0 -0 0 1 0 -0 -0 1 8.5
1 0 22 56.200000000000003 1 0 0 -0 1 0 0 -0 1 
1 -1.8 22 56.200000000000003 1 0 0 -0 1 0 0 -0 1 
1 -1.8000000000000076 22 56.200000000000003 1 -2.2e-16 2.2e-16 2.2e-16 1 0 -2.2e-16 4.8400000000000002e-32 1 
10 0 6.2831853071795862 0 1.8
2 0 22 56.200000000000003 -1 -0 -0 0 1 0 -0 -0 1 8.5
1 0 22 56.200000000000003 1 0 0 -0 1 0 0 -0 1 
1 -1.8 22 56.200000000000003 1 0 0 -0 1 0 0 -0 1 
1 -1.8000000000000076 22 56.200000000000003 1 -2.2e-16 2.2e-16 2.2e-16 1 0 -2.2e-16 4.8400000000000002e-32 1 
10 0 6.2831853071795862 0 1.8
2 0 22 56.200000000000003 -1 -0 -0 0 1 0 -0 -0 1 8.5
1 0 22 56.200000000000003 1 0 0 -0 1 0 0 -0 1 
1 -1.8 22 56.200000000000003 1 0 0 -0 1 0 0 -0 1 
1 -1.8000000000000076 22 56.200000000000003 1 -2.2e-16 2.2e-16 2.2e-16 1 0 -2.2e-16 4.8400000000000002e-32 1 
10 0 6.2831853071795862 0 1.8
2 0 22 56.200000000000003 -1 -0 -0 0 1 0 -0 -0 1 8.5
1 0 22 56.200000000000003 1 0 0 -0 1 0 0 -0 1 
1 -1.8 22 56.200000000000003 1 0 0 -0 1 0 0 -0 1 
1 -1.8000000000000076 22 56.200000000000003 1 -2.2e-16 2.2e-16 2.2e-16 1 0 -2.2e-16 4.8400000000000002e-32 1 
10 0 6.2831853071795862 0 1.8
2 0 22 56.200000000000003 -1 -0 -0 0 1 0 -0 -0 1 8.5
1 0 22 56.200000000000003 1 0 0 -0 1 0 0 -0 1 
1 -1.8 22 56.200000000000003 1 0 0 -0 1 0 0 -0 1 
1 -1.8000000000000076 22 56.200000000000003 1 -2.2e-16 2.2e-16 2.2e-16 1 0 -2.2e-16 4.8400000000000002e-32 1 
2 0 22 56.200000000000003 1 0 0 -0 1 0 0 -0 1 8.5
10 0 6.2831853071795862 0 1.8
2 0 22 56.200000000000003 -1 -0 -0 0 1 0 -0 -0 1 8.5
1 0 22 56.200000000000003 1 0 0 -0 1 0 0 -0 1 
1 -1.8 22 56.200000000000003 1 0 0 -0 1 0 0 -0 1 
10 0 6.2831853071795862 0 1.8
2 0 22 56.200000000000003 -1 -0 -0 0 1 0 -0 -0 1 8.5
1 0 22 56.200000000000003 1 0 0 -0 1 0 0 -0 1 
1 -1.8 22 56.200000000000003 1 0 0 -0 1 0 0 -0 1 
10 0 6.2831853071795862 0 1.8
2 0 22 56.200000000000003 -1 -0 -0 0 1 0 -0 -0 1 8.5
1 0 22 56.200000000000003 1 0 0 -0 1 0 0 -0 1 
1 -1.8 22 56.200000000000003 1 0 0 -0 1 0 0 -0 1 
10 0 6.2831853071795862 0 1.8
2 0 22 56.200000000000003 -1 -0 -0 0 1 0 -0 -0 1 8.5
1 0 22 56.200000000000003 1 0 0 -0 1 0 0 -0 1 
1 -1.8 22 56.200000000000003 1 0 0 -0 1 0 0 -0 1 
10 0 6.2831853071795862 0 1.8
2 0 22 56.200000000000003 -1 -0 -0 0 1 0 -0 -0 1 8.5
1 0 22 56.200000000000003 1 0 0 -0 1 0 0 -0 1 
1 -1.8 22 56.200000000000003 1 0 0 -0 1 0 0 -0 1 
2 0 22 56.200000000000003 1 0 0 -0 1 0 0 -0 1 8.5
10 0 6.2831853071795862 0 1.8277679013943486
3 0 22 56.200000000000003 -1 -0 -0 0 1 0 -0 -0 1 8.5
0.17453292519943253
1 0 22 56.200000000000003 1 0 0 -0 1 0 0 -0 1 
2 0 22 56.200000000000003 1 0 0 -0 1 0 0 -0 1 8.5
10 0 6.2831853071795862 0 1.8
2 0 22 56.200000000000003 -1 -0 -0 0 1 0 -0 -0 1 8.5
1 0 22 56.200000000000003 1 0 0 -0 1 0 0 -0 1 
1 -1.8 22 56.200000000000003 1 0 0 -0 1 0 0 -0 1 
2 0 22 56.200000000000003 1 0 0 -0 1 0 0 -0 1 8.5
10 0 6.2831853071795862 0 1.8
2 0 22 56.200000000000003 -1 -0 -0 0 1 0 -0 -0 1 8.5
1 0 22 56.200000000000003 1 0 0 -0 1 0 0 -0 1 
1 -1.8 22 56.200000000000003 1 0 0 -0 1 0 0 -0 1 
10 0 6.2831853071795862 0 1.8
2 0 22 56.200000000000003 -1 -0 -0 0 1 0 -0 -0 1 8.5
1 0 22 56.200000000000003 1 0 0 -0 1 0 0 -0 1 
1 -1.8 22 56.200000000000003 1 0 0 -0 1 0 0 -0 1 
10 0 6.2831853071795862 0 1.8
2 0 22 56.200000000000003 -1 -0 -0 0 1 0 -0 -0 1 8.5
1 0 22 56.200000000000003 1 0 0 -0 1 0 0 -0 1 
1 -1.8 22 56.200000000000003 1 0 0 -0 1 0 0 -0 1 
10 0 6.2831853071795862 0 1.8
2 0 22 56.200000000000003 -1 -0 -0 0 1 0 -0 -0 1 8.5
1 0 22 56.200000000000003 1 0 0 -0 1 0 0 -0 1 
1 -1.8 22 56.200000000000003 1 0 0 -0 1 0 0 -0 1 
10 0 6.2831853071795862 0 1.8
2 0 22 56.200000000000003 -1 -0 -0 0 1 0 -0 -0 1 8.5
1 0 22 56.200000000000003 1 0 0 -0 1 0 0 -0 1 
1 -1.8 22 56.200000000000003 1 0 0 -0 1 0 0 -0 1 
10 0 6.2831853071795862 0 1.8
2 0 22 56.200000000000003 -1 -0 -0 0 1 0 -0 -0 1 8.5
1 0 22 56.200000000000003 1 0 0 -0 1 0 0 -0 1 
1 -1.8 22 56.200000000000003 1 0 0 -0 1 0 0 -0 1 
10 0 6.2831853071795862 0 1.8
2 0 22 56.200000000000003 -1 -0 -0 0 1 0 -0 -0 1 8.5
1 0 22 56.200000000000003 1 0 0 -0 1 0 0 -0 1 
1 -1.8 22 56.200000000000003 1 0 0 -0 1 0 0 -0 1 
10 0 6.2831853071795862 0 1.8
2 0 22 56.200000000000003 -1 -0 -0 0 1 0 -0 -0 1 8.5
1 0 22 56.200000000000003 1 0 0 -0 1 0 0 -0 1 
1 -1.8 22 56.200000000000003 1 0 0 -0 1 0 0 -0 1 
10 0 6.2831853071795862 0 1.8
2 0 22 56.200000000000003 -1 -0 -0 0 1 0 -0 -0 1 8.5
1 0 22 56.200000000000003 1 0 0 -0 1 0 0 -0 1 
1 -1.8 22 56.200000000000003 1 0 0 -0 1 0 0 -0 1 
2 0 22 56.200000000000003 1 0 0 -0 1 0 0 -0 1 8.5
10 0 6.2831853071795862 0 1.8
2 0 22 56.200000000000003 -1 -0 -0 0 1 0 -0 -0 1 8.5
1 0 22 56.200000000000003 1 0 0 -0 1 0 0 -0 1 
1 -1.8 22 56.200000000000003 1 0 0 -0 1 0 0 -0 1 
1 -1.8000000000000076 22 56.200000000000003 1 -2.2e-16 2.2e-16 2.2e-16 1 0 -2.2e-16 4.8400000000000002e-32 1 
2 0 22 56.200000000000003 1 0 0 -0 1 0 0 -0 1 8.5
10 0 6.2831853071795862 0 1.8
2 0 22 56.200000000000003 -1 -0 -0 0 1 0 -0 -0 1 8.5
1 0 22 56.200000000000003 1 0 0 -0 1 0 0 -0 1 
1 -1.8 22 56.200000000000003 1 0 0 -0 1 0 0 -0 1 
1 -1.8000000000000076 22 56.200000000000003 1 -2.2e-16 2.2e-16 2.2e-16 1 0 -2.2e-16 4.8400000000000002e-32 1 
10 0 6.2831853071795862 0 1.8
2 0 22 56.200000000000003 -1 -0 -0 0 1 0 -0 -0 1 8.5
1 0 22 56.200000000000003 1 0 0 -0 1 0 0 -0 1 
1 -1.8 22 56.200000000000003 1 0 0 -0 1 0 0 -0 1 
1 -1.8000000000000076 22 56.200000000000003 1 -2.2e-16 2.2e-16 2.2e-16 1 0 -2.2e-16 4.8400000000000002e-32 1 
2 0 22 56.200000000000003 1 0 0 -0 1 0 0 -0 1 8.5
10 0 6.2831853071795862 0 1.8
2 0 22 56.200000000000003 -1 -0 -0 0 1 0 -0 -0 1 8.5
1 0 22 56.200000000000003 1 0 0 -0 1 0 0 -0 1 
1 -1.8 22 56.200000000000003 1 0 0 -0 1 0 0 -0 1 
10 0 6.2831853071795862 0 1.8
2 0 22 56.200000000000003 -1 -0 -0 0 1 0 -0 -0 1 8.5
1 0 22 56.200000000000003 1 0 0 -0 1 0 0 -0 1 
1 -1.8 22 56.200000000000003 1 0 0 -0 1 0 0 -0 1 
10 0 6.2831853071795862 0 1.8
2 0 22 56.200000000000003 -1 -0 -0 0 1 0 -0 -0 1 8.5
1 0 22 56.200000000000003 1 0 0 -0 1 0 0 -0 1 
1 -1.8 22 56.200000000000003 1 0 0 -0 1 0 0 -0 1 
10 0 6.2831853071795862 0 1.8
2 0 22 56.200000000000003 -1 -0 -0 0 1 0 -0 -0 1 8.5
1 0 22 56.200000000000003 1 0 0 -0 1 0 0 -0 1 
1 -1.8 22 56.200000000000003 1 0 0 -0 1 0 0 -0 1 
2 0 22 56.200000000000003 1 0 0 -0 1 0 0 -0 1 8.5
10 0 6.2831853071795862 0 1.8
2 0 22 56.200000000000003 -1 -0 -0 0 1 0 -0 -0 1 8.5
1 0 22 56.200000000000003 1 0 0 -0 1 0 0 -0 1 
1 -1.8 22 56.200000000000003 1 0 0 -0 1 0 0 -0 1 
1 -1.8000000000000076 22 56.200000000000003 1 -2.2e-16 2.2e-16 2.2e-16 1 0 -2.2e-16 4.8400000000000002e-32 1 
10 0 6.2831853071795862 0 1.8
2 0 22 56.200000000000003 -1 -0 -0 0 1 0 -0 -0 1 8.5
1 0 22 56.200000000000003 1 0 0 -0 1 0 0 -0 1 
1 -1.8 22 56.200000000000003 1 0 0 -0 1 0 0 -0 1 
1 -1.8000000000000076 22 56.200000000000003 1 -2.2e-16 2.2e-16 2.2e-16 1 0 -2.2e-16 4.8400000000000002e-32 1 
10 0 6.2831853071795862 0 1.8
2 0 22 56.200000000000003 -1 -0 -0 0 1 0 -0 -0 1 8.5
1 0 22 56.200000000000003 1 0 0 -0 1 0 0 -0 1 
1 -1.8 22 56.200000000000003 1 0 0 -0 1 0 0 -0 1 
1 -1.8000000000000076 22 56.200000000000003 1 -2.2e-16 2.2e-16 2.2e-16 1 0 -2.2e-16 4.8400000000000002e-32 1 
10 0 6.2831853071795862 0 1.8
2 0 22 56.200000000000003 -1 -0 -0 0 1 0 -0 -0 1 8.5
1 0 22 56.200000000000003 1 0 0 -0 1 0 0 -0 1 
1 -1.8 22 56.200000000000003 1 0 0 -0 1 0 0 -0 1 
1 -7.5900000000000007e-15 22.000000000000014 56.199999999999996 1 -2.2e-16 2.2e-16 -2.2e-16 0 1 -2.2e-16 -1 -4.8400000000000002e-32 
1 -7.9899999999999993e-15 22 57.696226953860887 1 -2.1000000000000001e-16 2.2e-16 -2.2e-16 0 1 -2.1000000000000001e-16 -1 -4.6200000000000004e-32 
2 0 22 56.200000000000003 -1 -0 -0 0 1 0 -0 -0 1 8.5
2 0 22 56.200000000000003 -1 -0 -0 0 1 0 -0 -0 1 8.5
2 0 22 56.200000000000003 -1 -0 -0 0 1 0 -0 -0 1 8.5
2 0 22 56.200000000000003 -1 -0 -0 0 1 0 -0 -0 1 8.5
2 0 22 56.200000000000003 -1 -0 -0 0 1 0 -0 -0 1 8.5
2 0 22 56.200000000000003 -1 -0 -0 0 1 0 -0 -0 1 8.5
2 0 22 56.200000000000003 -1 -0 -0 0 1 0 -0 -0 1 8.5
2 0 22 56.200000000000003 -1 -0 -0 0 1 0 -0 -0 1 8.5
2 0 22 56.200000000000003 -1 -0 -0 0 1 0 -0 -0 1 8.5
2 0 22 56.200000000000003 -1 -0 -0 0 1 0 -0 -0 1 8.5
2 0 22 56.200000000000003 -1 -0 -0 0 1 0 -0 -0 1 8.5
2 0 22 56.200000000000003 -1 -0 -0 0 1 0 -0 -0 1 8.5
2 0 22 56.200000000000003 -1 -0 -0 0 1 0 -0 -0 1 8.5
2 0 22 56.200000000000003 -1 -0 -0 0 1 0 -0 -0 1 8.5
2 0 22 56.200000000000003 -1 -0 -0 0 1 0 -0 -0 1 8.5
2 0 22 56.200000000000003 -1 -0 -0 0 1 0 -0 -0 1 8.5
2 0 22 56.200000000000003 -1 -0 -0 0 1 0 -0 -0 1 8.5
1 -1.8000000000000096 22.000000000000014 64.699999999999989 2.2e-16 1 0 -2.2e-16 4.8400000000000002e-32 1 1 -2.2e-16 2.2e-16 
1 -1.8000000000000105 21.326156434628839 68.066761749422895 1 -2.5999999999999998e-16 2.1000000000000001e-16 2.5999999999999998e-16 1 0 -2.1000000000000001e-16 5.4599999999999998e-32 1 
2 -1.8000000000000076 22.000000000000014 56.199999999999996 1 -2.2e-16 2.2e-16 -2.2e-16 -1 0 -2.2e-16 4.8400000000000002e-32 1 15
1 -1.8000000000000098 21.037772682972808 64.645360773250985 2e-16 0.99357185567658746 0.11320321376790701 -2.5000000000000002e-16 -0.11320321376790701 0.99357185567658746 1 -2.2701517457729423e-16 2.257523211655655e-16 
1 -7.9899999999999993e-15 22 57.696226953860887 1 -2.1000000000000001e-16 2.2e-16 -2.2e-16 0 1 -2.1000000000000001e-16 -1 -4.6200000000000004e-32 
1 -7.9899999999999993e-15 22 57.696226953860879 1 -2.1000000000000001e-16 2.2e-16 -2.2e-16 0 1 -2.1000000000000001e-16 -1 -4.6200000000000004e-32 
1 -7.9899999999999993e-15 22 57.696226953860879 1 -2.1000000000000001e-16 2.2e-16 -2.2e-16 0 1 -2.1000000000000001e-16 -1 -4.6200000000000004e-32 
2 -1.8000000000000076 22.000000000000014 56.199999999999996 1 -2.2e-16 2.2e-16 -2.2e-16 -1 0 -2.2e-16 4.8400000000000002e-32 1 8.4999999999999982
2 -3.399999999999999 0 0 -1 -0 -0 0 0 -1 -0 1 -0 3.2999999999999994
2 5.0999999999999925 21.999999999999996 56.200000000000003 -1 2.2e-16 -2.2e-16 2.2e-16 0 -1 2.2e-16 1 4.8400000000000002e-32 3.2999999999999994
2 5.0999999999999925 21.999999999999996 56.200000000000003 -1 2.2e-16 -2.2e-16 2.2e-16 0 -1 2.2e-16 1 4.8400000000000002e-32 3.2999999999999994
3 0 0 0 -1 -0 -0 0 0 -1 -0 1 -0 6.7000000000000002
-0.78539816339744839
1 0 0 0 1 0 0 0 -0 1 -0 1 0 
Triangulations 0

TShapes 254
Ve
1e-07
-5.50000000000103 98.7 0
0 0

0101101
*
Ve
1.00000021e-07
49.499999999999 98.7 0
0 0

0101101
*
Ed
 1e-07 1 1 0
1  1 0 0 55
2  1 2 13 0 55
2  2 1 14 0 55
2  3 1 16 0 55
0

0101000
+254 0 -253 0 *
Ed
 1e-07 1 1 0
1  2 0 0 13
2  4 1 0 0 13
0

0101000
+253 17 -253 18 *
Ve
1.00000021e-07
7.19999999999897 98.7 0
0 0

0101101
*
Ed
 1e-07 1 1 0
1  1 0 12.7 55
2  1 2 13 12.7 55
2  2 1 14 12.7 55
2  3 1 16 12.7 55
0

0101000
+250 22 -253 0 *
Ve
1.00000002e-07
18.9 7.19999999999897 98.7
0 0

0101101
*
Ed
 1e-07 1 1 0
1  3 0 0 2.6
2  5 3 0 0 2.6
2  6 4 0 0 2.6
2  7 1 8 0 2.6
0

0101000
+250 23 -248 24 *
Ve
1.5e-07
18.9 16.499999999999 0
0 0

0101101
*
Ed
 1e-07 1 1 0
1  4 0 0 9.3
2  2 5 29 0 9.3
2  8 5 31 0 9.3
2  9 6 32 0 9.3
2  10 1 33 0 9.3
0

0101000
+246 34 -248 29 *
Ve
1e-07
10.5 16.499999999999 0
0 0

0101101
*
Ed
 1e-07 1 1 0
1  5 0 0 8.4
2  11 6 37 0 8.4
2  2 7 38 0 8.4
2  12 7 39 0 8.4
2  13 1 40 0 8.4
0

0101000
+244 41 -246 41 *
Ve
1e-07
10.5 9.39999999999897 98.7
0 0

0101101
*
Ed
 1e-07 1 1 0
1  6 0 0 7.1
2  2 8 44 0 7.1
2  14 8 45 0 7.1
2  15 6 46 0 7.1
2  16 1 47 0 7.1
0

0101000
+242 44 -244 48 *
Ve
1e-07
10.5 -3.50000000000103 0
0 0

0101101
*
Ed
 1e-07 1 1 0
1  7 0 0 12.9
2  2 9 53 0 12.9
2  17 9 55 0 12.9
2  18 10 56 0 12.9
2  19 1 57 0 12.9
0

0101000
+240 58 -242 59 *
Ve
1e-07
12 -3.50000000000103 0
0 0

0101101
*
Ed
 1e-07 1 1 0
1  8 0 0 1.5
2  2 11 62 0 1.5
2  20 11 63 0 1.5
2  21 10 64 0 1.5
2  22 1 65 0 1.5
0

0101000
+240 66 -238 66 *
Ve
1e-07
12 -1.30000000000103 0
0 0

0101101
*
Ed
 1e-07 1 1 0
1  9 0 0 2.2
2  2 12 69 0 2.2
2  17 12 70 0 2.2
2  23 10 71 0 2.2
2  24 1 72 0 2.2
0

0101000
+238 73 -236 73 *
Ve
1e-07
12.9 -1.30000000000103 0
0 0

0101101
*
Ed
 1e-07 1 1 0
1  10 0 0 0.9
2  2 13 76 0 0.9
2  20 13 77 0 0.9
2  25 10 78 0 0.9
2  26 1 79 0 0.9
0

0101000
+236 80 -234 80 *
Ve
1e-07
12.9 -3.50000000000103 0
0 0

0101101
*
Ed
 1e-07 1 1 0
1  11 0 0 2.2
2  2 14 82 0 2.2
2  17 14 83 0 2.2
2  27 10 84 0 2.2
2  28 1 85 0 2.2
0

0101000
+234 0 -232 0 *
Ve
1e-07
15.1 -3.50000000000103 0
0 0

0101101
*
Ed
 1e-07 1 1 0
1  12 0 0 2.2
2  2 15 82 0 2.2
2  20 15 83 0 2.2
2  29 10 84 0 2.2
2  30 1 85 0 2.2
0

0101000
+232 0 -230 0 *
Ve
1.5e-07
15.1 -1.30000000000103 0
0 0

0101101
*
Ed
 1e-07 1 1 0
1  13 0 0 2.2
2  2 16 82 0 2.2
2  17 16 83 0 2.2
2  31 10 84 0 2.2
2  32 1 85 0 2.2
0

0101000
+230 0 -228 0 *
Ve
1.5e-07
-1.30000000000103 98.7 0
0 0

0101101
*
Ed
 1.5e-07 1 1 0
1  14 0 0 1.4
2  2 17 82 0 1.4
2  20 17 83 0 1.4
2  33 10 84 0 1.4
2  34 1 85 0 1.4
0

0101000
+228 0 -226 87 *
Ve
1.5e-07
18.9 -1.30000000000103 0
0 0

0101101
*
Ed
 1.5e-07 1 1 0
1  14 0 1.4 3.8
2  2 17 82 1.4 3.8
2  20 17 83 1.4 3.8
2  33 10 84 1.4 3.8
2  34 1 85 1.4 3.8
2  35 18 88 1.4 3.8
2  36 3 88 1.4 3.8
0

0101000
+226 87 -224 0 *
Ed
 1.5e-07 1 1 0
1  15 0 0 2.6
2  37 18 0 0 2.6
2  6 3 0 0 2.6
2  38 1 8 0 2.6
0

0101000
+226 23 -224 81 *
Ed
 1e-07 1 1 0
1  1 0 0 4.2
2  1 2 13 0 4.2
2  2 1 14 0 4.2
2  3 1 16 0 4.2
0

0101000
+254 0 -226 22 *
Ed
 1e-07 1 1 0
1  16 0 0 13
2  6 1 0 0 13
2  39 19 0 0 13
0

0101000
+254 17 -254 18 *
Wi

0101100
-252 12 -251 8 +249 19 -247 0 +245 28 +243 36 +241 43 +239 52 -237 61 -235 68 
-233 75 -231 81 -229 81 -227 81 -225 81 -223 81 +222 0 +221 19 +220 8 *
Fa
0  1e-07 1 8

0111000
+219 0 *
Ve
1.5e-07
-5.50000000000103 13.7 0
0 0

0101101
*
Ed
 1e-07 1 1 0
1  17 0 0 85
2  40 2 13 0 85
2  2 19 14 0 85
2  41 19 16 0 85
0

0101000
+217 0 -254 0 *
Ve
1.00000014e-07
49.499999999999 13.7 0
0 0

0101101
*
Ed
 1.00000011e-07 1 1 0
1  18 0 0 85
2  42 2 13 0 85
2  43 20 101 0 85
2  43 21 113 0 85
0

0101000
+253 0 -215 0 *
Ed
 1e-07 1 1 0
1  19 0 0 55
2  44 2 13 0 55
2  2 22 14 0 55
2  45 22 16 0 55
0

0101000
+215 0 -217 0 *
Wi

0101100
-252 17 -216 17 -214 17 -213 17 *
Ve
1.00000014e-07
-4e-15 37 56.2
0 0

0101101
*
Ed
 1.00000012e-07 1 1 0
1  20 0 0 6.28318530717959
2  2 23 126 0 6.28318530717959
2  46 23 128 0 6.28318530717959
2  47 24 129 0 6.28318530717959
2  2 25 132 0 6.28318530717959
2  48 25 134 0 6.28318530717959
2  2 26 137 0 6.28318530717959
2  49 26 139 0 6.28318530717959
2  2 27 142 0 6.28318530717959
2  50 27 144 0 6.28318530717959
2  2 28 147 0 6.28318530717959
2  50 28 149 0 6.28318530717959
2  2 29 152 0 6.28318530717959
2  50 29 154 0 6.28318530717959
2  51 30 176 0 6.28318530717959
2  51 30 179 0 6.28318530717959
2  51 30 194 0 6.28318530717959
2  51 30 197 0 6.28318530717959
2  2 31 200 0 6.28318530717959
2  50 31 202 0 6.28318530717959
2  51 32 226 0 6.28318530717959
2  52 33 244 0 6.28318530717959
2  52 34 262 0 6.28318530717959
2  52 34 277 0 6.28318530717959
2  52 34 281 0 6.28318530717959
2  52 34 283 0 6.28318530717959
2  52 34 287 0 6.28318530717959
2  52 34 289 0 6.28318530717959
2  2 35 292 0 6.28318530717959
2  53 35 294 0 6.28318530717959
2  2 36 297 0 6.28318530717959
2  54 36 299 0 6.28318530717959
2  2 37 300 0 6.28318530717959
2  54 37 301 0 6.28318530717959
2  55 38 302 0 6.28318530717959
2  55 39 302 0 6.28318530717959
2  55 40 302 0 6.28318530717959
2  55 41 302 0 6.28318530717959
2  56 42 302 0 6.28318530717959
2  57 43 302 0 6.28318530717959
2  57 44 302 0 6.28318530717959
2  57 45 302 0 6.28318530717959
2  58 46 302 0 6.28318530717959
2  57 47 302 0 6.28318530717959
2  57 2 302 0 6.28318530717959
0

0101000
+211 303 -211 303 *
Wi

0101100
-210 123 *
Fa
0  1e-07 2 89

0111000
+212 0 +209 0 *
Ed
 1e-07 1 1 0
1  21 0 0 13
2  6 22 0 0 13
0

0101000
+215 17 -215 18 *
Wi

0101100
+251 0 -207 0 -214 17 +214 18 *
Fa
0  1e-07 48 0

0111000
+206 0 *
Ve
1.5e-07
-1.30000000000103 65.7 0
0 0

0101101
*
Ed
 1.5e-07 1 1 0
1  22 0 0 33
2  2 18 305 0 33
2  59 18 306 0 33
2  60 49 307 0 33
2  61 2 308 0 33
2  62 17 309 0 33
0

0101000
+204 0 -226 0 *
Ve
1.00000004e-07
0.699999999998969 63.7 0
0 0

0101101
*
Ed
 1e-07 1 1 0
1  23 0 3.14159265358979 4.71238898038469
2  2 50 305 3.14159265358979 4.71238898038469
2  50 50 306 3.14159265358979 4.71238898038469
2  63 49 307 3.14159265358979 4.71238898038469
2  64 2 308 3.14159265358979 4.71238898038469
0

0101000
+204 0 -202 0 *
Ve
1.00000004e-07
5.19999999999897 63.7 0
0 0

0101101
*
Ed
 1.00000004e-07 1 1 0
1  24 0 0 4.5
2  65 49 307 0 4.5
2  2 51 305 0 4.5
2  66 51 306 0 4.5
2  67 2 308 0 4.5
0

0101000
+200 0 -202 0 *
Ve
1.00000004e-07
7.19999999999897 65.7 0
0 0

0101101
*
Ed
 1.00000004e-07 1 1 0
1  25 0 4.71238898038469 6.28318530717958
2  2 52 305 4.71238898038469 6.28318530717958
2  50 52 306 4.71238898038469 6.28318530717958
2  68 49 307 4.71238898038469 6.28318530717958
2  69 2 308 4.71238898038469 6.28318530717958
0

0101000
+200 0 -198 0 *
Ed
 1.00000004e-07 1 1 0
1  26 0 0 33
2  2 4 305 0 33
2  70 4 306 0 33
2  71 49 307 0 33
2  72 2 308 0 33
0

0101000
+250 0 -198 0 *
Wi

0101100
-221 19 +203 23 -201 23 +199 23 -197 23 +196 23 -249 19 -214 19 -213 19 -216 19 
*
Fa
0  1e-07 2 304

0111000
+195 0 *
Ve
1.5e-07
18.9 7.19999999999897 65.7
0 0

0101101
*
Ed
 1e-07 1 1 0
1  27 0 0 2.6
2  73 52 0 0 2.6
4 G1 4 0 52 0
2  74 4 0 0 2.6
0

0101000
+198 23 -193 0 *
Ed
 1.00000002e-07 1 1 0
1  28 0 0 33
2  75 53 0 0 33
2  76 54 0 0 33
2  77 5 311 0 33
2  78 4 312 0 33
0

0101000
+248 311 -193 312 *
Wi

0101100
-196 23 -192 0 +191 310 +247 0 *
Fa
0  1e-07 4 0

0111000
+190 0 *
Ed
 1e-07 1 1 0
1  29 0 0 35
2  6 5 0 0 35
2  79 7 0 0 35
0

0101000
+246 313 -246 314 *
Ve
1e-07
18.9 7.19999999999897 0
0 0

0101101
*
Ed
 1e-07 1 1 0
1  28 0 33 35
2  75 53 0 33 35
2  76 54 0 33 35
2  77 5 311 33 35
0

0101000
+193 312 -187 315 *
Ed
 1e-07 1 1 0
1  4 0 0 9.3
2  2 5 29 0 9.3
2  8 5 31 0 9.3
2  9 6 32 0 9.3
0

0101000
+246 34 -187 34 *
Wi

0101100
+188 24 -191 310 -186 310 -245 28 +185 316 *
Fa
0  1e-07 5 24

0111000
+184 0 *
Ed
 1e-07 1 1 0
1  30 0 0 35
2  80 8 0 0 35
2  6 7 0 0 35
0

0101000
+244 313 -244 314 *
Wi

0101100
+182 0 -188 0 -243 317 +243 318 *
Fa
0  1e-07 7 0

0111000
+181 0 *
Ve
1e-07
10.5 9.39999999999897 0
0 0

0101101
*
Ed
 1e-07 1 1 0
1  31 0 0 35
2  81 55 0 0 35
2  82 9 0 0 35
0

0101000
+242 311 -179 315 *
Ed
 1e-07 1 1 0
1  6 0 0 7.1
2  2 8 44 0 7.1
2  14 8 45 0 7.1
2  15 6 46 0 7.1
0

0101000
+179 48 -244 48 *
Wi

0101100
+178 319 -182 0 -241 320 +177 321 *
Fa
0  1e-07 8 0

0111000
+176 0 *
Ed
 1e-07 1 1 0
1  32 0 0 82
2  6 11 0 0 82
2  6 9 0 0 82
2  83 56 323 0 82
0

0101000
+240 324 -240 325 *
Ve
1e-07
10.5 9.39999999999897 0
0 0

0101101
*
Ed
 1e-07 1 1 0
1  31 0 35 82
2  81 55 0 35 82
2  82 9 0 35 82
0

0101000
+179 315 -173 325 *
Ed
 1e-07 1 1 0
1  7 0 0 12.9
2  2 9 53 0 12.9
2  17 9 55 0 12.9
2  18 10 56 0 12.9
2  19 1 57 0 12.9
2  84 56 328 0 12.9
0

0101000
+240 58 -173 58 *
Wi

0101100
+174 319 -178 319 -172 319 -239 326 +171 327 *
Fa
0  1e-07 9 319

0111000
+170 0 *
Ed
 1e-07 1 1 0
1  33 0 0 82
2  85 11 0 0 82
2  6 12 0 0 82
0

0101000
+238 324 -238 325 *
Wi

0101100
+174 0 -168 0 -237 329 +237 330 *
Fa
0  1e-07 11 0

0111000
+167 0 *
Ed
 1e-07 1 1 0
1  34 0 0 82
2  86 12 0 0 82
2  6 13 0 0 82
0

0101000
+236 324 -236 325 *
Wi

0101100
+168 0 -165 0 -235 331 +235 332 *
Fa
0  1e-07 12 0

0111000
+164 0 *
Ed
 1e-07 1 1 0
1  35 0 0 82
2  87 13 0 0 82
2  6 14 0 0 82
0

0101000
+234 324 -234 325 *
Wi

0101100
+165 0 -162 0 -233 333 +233 334 *
Fa
0  1e-07 13 0

0111000
+161 0 *
Ed
 1e-07 1 1 0
1  36 0 0 82
2  86 14 0 0 82
2  6 15 0 0 82
0

0101000
+232 324 -232 325 *
Wi

0101100
+162 0 -159 0 -231 324 +231 325 *
Fa
0  1e-07 14 0

0111000
+158 0 *
Ed
 1e-07 1 1 0
1  37 0 0 82
2  88 15 0 0 82
2  6 16 0 0 82
0

0101000
+230 324 -230 325 *
Wi

0101100
+159 0 -156 0 -229 324 +229 325 *
Fa
0  1e-07 15 0

0111000
+155 0 *
Ed
 1.5e-07 1 1 0
1  38 0 0 82
2  86 16 0 0 82
2  6 17 0 0 82
0

0101000
+228 324 -228 325 *
Wi

0101100
+156 0 -153 0 -227 324 +227 325 *
Fa
0  1e-07 16 0

0111000
+152 0 *
Ve
1.5e-07
18.9 -1.30000000000103 65.7
0 0

0101101
*
Ed
 1.00000003e-07 1 1 0
1  39 0 2.6 5
2  89 50 0 2.6 5
4 G1 18 0 50 0
2  6 18 0 2.6 5
2  90 17 310 2.6 5
0

0101000
+150 0 -204 335 *
Ed
 1.5e-07 1 1 0
1  40 0 33 82
2  91 17 0 33 82
2  6 53 0 33 82
2  92 57 323 33 82
0

0101000
+150 312 -224 325 *
Ed
 1.5e-07 1 1 0
1  14 0 0 3.8
2  2 17 82 0 3.8
2  20 17 83 0 3.8
2  33 10 84 0 3.8
2  34 1 85 0 3.8
0

0101000
+228 0 -224 0 *
Wi

0101100
-225 81 +203 335 +149 0 -148 310 +147 336 +153 310 *
Fa
0  1e-07 17 310

0111000
+146 0 *
Ed
 1.00000003e-07 1 1 0
1  40 0 0 33
2  91 17 0 0 33
2  6 53 0 0 33
2  93 18 312 0 33
0

0101000
+224 324 -150 312 *
Wi

0101100
-223 81 -144 310 -149 0 -203 335 *
Fa
0  1e-07 17 310

0111000
+143 0 *
Ed
 1.5e-07 1 1 0
1  39 0 0 2.6
2  89 50 0 0 2.6
4 G1 18 0 50 0
2  6 18 0 0 2.6
0

0101000
+204 23 -150 0 *
Wi

0101100
-203 23 -222 0 -144 310 +141 0 *
Fa
0  1e-07 18 0

0111000
+140 0 *
Ed
 1e-07 1 1 0
1  41 0 0 13
2  94 22 0 0 13
2  6 19 0 0 13
0

0101000
+217 17 -217 18 *
Wi

0101100
+138 0 -220 0 -216 17 +216 18 *
Fa
0  1e-07 19 0

0111000
+137 0 *
Wi

0101100
+207 0 -138 0 -213 17 +213 18 *
Fa
0  1e-07 22 0

0111000
+135 0 *
Ve
1.00000025e-07
-4e-15 37 56.2
0 0

0101101
*
Ed
 1.00000012e-07 1 1 0
1  42 0 0 8.5
3  6 95CN 37 0 0 8.5
0

0101000
+133 0 -211 338 *
Ed
 1.00000025e-07 1 1 0
1  43 0 0 6.28318530717959
2  2 58 351 0 6.28318530717959
2  96 58 353 0 6.28318530717959
2  97 59 354 0 6.28318530717959
2  2 60 357 0 6.28318530717959
4 C0 60 357 61 357
2  98 61 357 0 6.28318530717959
2  2 62 360 0 6.28318530717959
4 C0 62 360 63 360
2  98 63 360 0 6.28318530717959
2  2 64 363 0 6.28318530717959
4 C0 64 363 65 363
2  98 65 363 0 6.28318530717959
2  2 66 366 0 6.28318530717959
4 C0 66 366 67 366
2  98 67 366 0 6.28318530717959
2  2 68 369 0 6.28318530717959
4 C0 68 369 69 369
2  98 69 369 0 6.28318530717959
2  2 70 372 0 6.28318530717959
2  96 70 374 0 6.28318530717959
2  2 71 377 0 6.28318530717959
2  99 71 379 0 6.28318530717959
4 C0 71 377 72 377
4 C0 71 379 73 379
2  98 72 377 0 6.28318530717959
2  98 73 379 0 6.28318530717959
2  2 74 382 0 6.28318530717959
2  99 74 384 0 6.28318530717959
4 C0 74 382 75 382
4 C0 74 384 76 384
2  98 75 382 0 6.28318530717959
2  98 76 384 0 6.28318530717959
2  2 77 387 0 6.28318530717959
2  99 77 389 0 6.28318530717959
4 C0 77 387 78 387
4 C0 77 389 79 389
2  98 78 387 0 6.28318530717959
2  98 79 389 0 6.28318530717959
2  2 80 392 0 6.28318530717959
2  99 80 394 0 6.28318530717959
4 C0 80 392 81 392
4 C0 80 394 82 394
2  98 81 392 0 6.28318530717959
2  98 82 394 0 6.28318530717959
2  2 83 397 0 6.28318530717959
2  99 83 399 0 6.28318530717959
4 C0 83 397 84 397
4 C0 83 399 85 399
2  98 84 397 0 6.28318530717959
2  98 85 399 0 6.28318530717959
2  2 86 402 0 6.28318530717959
2  96 86 404 0 6.28318530717959
2  2 87 407 0 6.28318530717959
2  99 87 409 0 6.28318530717959
4 C0 87 407 88 407
4 C0 87 409 89 409
2  98 88 407 0 6.28318530717959
2  98 89 409 0 6.28318530717959
2  2 90 412 0 6.28318530717959
2  96 90 414 0 6.28318530717959
2  2 91 417 0 6.28318530717959
2  99 91 419 0 6.28318530717959
4 C0 91 417 92 417
4 C0 91 419 93 419
2  98 92 417 0 6.28318530717959
2  98 93 419 0 6.28318530717959
2  2 94 422 0 6.28318530717959
2  96 94 424 0 6.28318530717959
2  2 95 427 0 6.28318530717959
2  99 95 429 0 6.28318530717959
4 C0 95 427 96 427
4 C0 95 429 97 429
2  98 96 427 0 6.28318530717959
2  98 97 429 0 6.28318530717959
2  2 98 432 0 6.28318530717959
2  99 98 434 0 6.28318530717959
4 C0 98 432 99 432
4 C0 98 434 100 434
2  98 99 432 0 6.28318530717959
2  98 100 434 0 6.28318530717959
2  2 101 437 0 6.28318530717959
2  99 101 439 0 6.28318530717959
4 C0 101 437 102 437
4 C0 101 439 103 439
2  98 102 437 0 6.28318530717959
2  98 103 439 0 6.28318530717959
2  2 104 442 0 6.28318530717959
2  99 104 444 0 6.28318530717959
4 C0 104 442 105 442
4 C0 104 444 106 444
2  98 105 442 0 6.28318530717959
2  98 106 444 0 6.28318530717959
2  2 107 447 0 6.28318530717959
2  99 107 449 0 6.28318530717959
4 C0 107 447 108 447
4 C0 107 449 109 449
2  98 108 447 0 6.28318530717959
2  98 109 449 0 6.28318530717959
2  2 110 452 0 6.28318530717959
2  99 110 454 0 6.28318530717959
4 C0 110 452 111 452
4 C0 110 454 112 454
2  98 111 452 0 6.28318530717959
2  98 112 454 0 6.28318530717959
2  2 113 457 0 6.28318530717959
2  99 113 459 0 6.28318530717959
4 C0 113 457 114 457
4 C0 113 459 115 459
2  98 114 457 0 6.28318530717959
2  98 115 459 0 6.28318530717959
2  2 116 462 0 6.28318530717959
2  99 116 464 0 6.28318530717959
4 C0 116 462 117 462
4 C0 116 464 118 464
2  98 117 462 0 6.28318530717959
2  98 118 464 0 6.28318530717959
2  2 119 467 0 6.28318530717959
2  99 119 469 0 6.28318530717959
4 C0 119 467 120 467
4 C0 119 469 121 469
2  98 120 467 0 6.28318530717959
2  98 121 469 0 6.28318530717959
2  2 122 472 0 6.28318530717959
2  96 122 474 0 6.28318530717959
2  2 123 477 0 6.28318530717959
4 C0 123 477 124 477
2  98 124 477 0 6.28318530717959
2  2 125 480 0 6.28318530717959
2  96 125 482 0 6.28318530717959
2  2 126 485 0 6.28318530717959
4 C0 126 485 127 485
2  98 127 485 0 6.28318530717959
2  2 128 488 0 6.28318530717959
4 C0 128 488 129 488
2  98 129 488 0 6.28318530717959
2  2 130 491 0 6.28318530717959
2  96 130 493 0 6.28318530717959
2  2 131 496 0 6.28318530717959
2  99 131 498 0 6.28318530717959
4 C0 131 496 132 496
4 C0 131 498 133 498
2  98 132 496 0 6.28318530717959
2  98 133 498 0 6.28318530717959
2  2 134 501 0 6.28318530717959
2  99 134 503 0 6.28318530717959
4 C0 134 501 135 501
4 C0 134 503 136 503
2  98 135 501 0 6.28318530717959
2  98 136 503 0 6.28318530717959
2  2 137 506 0 6.28318530717959
2  99 137 508 0 6.28318530717959
4 C0 137 506 138 506
4 C0 137 508 139 508
2  98 138 506 0 6.28318530717959
2  98 139 508 0 6.28318530717959
2  2 140 511 0 6.28318530717959
2  99 140 513 0 6.28318530717959
4 C0 140 511 141 511
4 C0 140 513 142 513
2  98 141 511 0 6.28318530717959
2  98 142 513 0 6.28318530717959
2  2 143 516 0 6.28318530717959
2  96 143 518 0 6.28318530717959
2  2 144 521 0 6.28318530717959
4 C0 144 521 145 521
2  98 145 521 0 6.28318530717959
2  2 146 524 0 6.28318530717959
4 C0 146 524 147 524
2  98 147 524 0 6.28318530717959
2  2 148 527 0 6.28318530717959
4 C0 148 527 149 527
2  98 149 527 0 6.28318530717959
2  2 150 528 0 6.28318530717959
4 C0 150 528 151 528
2  98 151 528 0 6.28318530717959
2  100 37 529 0 6.28318530717959
2  101 24 530 0 6.28318530717959
0

0101000
+133 529 -133 529 *
Wi

0101100
+132 0 -132 0 -131 348 +210 531 *
Fa
0  1.00000012e-07 37 0

0111000
+130 0 *
Ve
1.50000007e-07
18.9 0.699999999998965 63.7
0 0

0101101
*
Ed
 1e-07 1 1 0
1  44 0 0 2.6
2  102 50 0 0 2.6
4 G1 51 0 50 0
2  103 51 0 0 2.6
0

0101000
+202 23 -128 0 *
Ed
 1.5e-07 1 1 0
1  45 0 3.14159265358979 4.71238898038469
2  104 53 310 3.14159265358979 4.71238898038469
2  105 50 0 3.14159265358979 4.71238898038469
2  106 57 532 3.14159265358979 4.71238898038469
0

0101000
+150 0 -128 0 *
Wi

0101100
-201 23 -127 0 +126 0 +141 0 *
Fa
0  1e-07 50 0

0111000
+125 0 *
Ve
1.50000007e-07
18.9 5.19999999999897 63.7
0 0

0101101
*
Ed
 1.5e-07 1 1 0
1  46 0 -3.25 1.25
2  107 53 310 -3.25 1.25
2  108 51 0 -3.25 1.25
2  109 57 532 -3.25 1.25
0

0101000
+123 0 -128 0 *
Ed
 1e-07 1 1 0
1  47 0 0 2.6
2  102 52 0 0 2.6
4 G1 52 0 51 0
2  6 51 0 0 2.6
0

0101000
+200 23 -123 0 *
Wi

0101100
-199 23 -127 0 +122 0 +121 0 *
Fa
0  1e-07 51 0

0111000
+120 0 *
Ed
 1.5e-07 1 1 0
1  48 0 4.71238898038469 6.28318530717959
2  110 53 310 4.71238898038469 6.28318530717959
2  105 52 0 4.71238898038469 6.28318530717959
2  111 57 532 4.71238898038469 6.28318530717959
0

0101000
+123 0 -193 0 *
Wi

0101100
-197 23 -192 0 +118 0 +121 0 *
Fa
0  1e-07 52 0

0111000
+117 0 *
Ve
1.5e-07
18.9 7.19999999999897 0
0 0

0101101
*
Ed
 1e-07 1 1 0
1  28 0 35 82
2  75 53 0 35 82
2  76 54 0 35 82
0

0101000
+187 315 -115 325 *
Ed
 1.5e-07 1 1 0
1  49 0 0 8.5
2  2 53 535 0 8.5
2  17 53 536 0 8.5
2  112 10 537 0 8.5
2  113 1 538 0 8.5
2  114 57 539 0 8.5
0

0101000
+224 540 -115 540 *
Wi

0101100
-126 0 +122 0 -118 0 -186 310 -114 310 +113 534 +148 310 *
Fa
0  1e-07 53 310

0111000
+112 0 *
Ve
1e-07
12 7.19999999999897 0
0 0

0101101
*
Ed
 1e-07 1 1 0
1  50 0 0 6.9
2  2 152 544 0 6.9
2  115 152 545 0 6.9
2  116 6 546 0 6.9
2  115 54 547 0 6.9
0

0101000
+187 548 -110 548 *
Ve
1e-07
12 9.39999999999897 0
0 0

0101101
*
Ed
 1e-07 1 1 0
1  51 0 0 2.2
2  2 153 550 0 2.2
2  14 153 551 0 2.2
2  117 6 552 0 2.2
2  14 154 553 0 2.2
0

0101000
+110 554 -108 554 *
Ed
 1e-07 1 1 0
1  52 0 0 1.5
2  2 155 556 0 1.5
2  118 155 557 0 1.5
2  119 6 558 0 1.5
2  118 55 559 0 1.5
0

0101000
+108 560 -179 560 *
Wi

0101100
+177 42 +243 35 +185 25 +109 543 +107 549 +106 555 *
Fa
0  1e-07 6 0

0111000
-105 542 *
Ve
1e-07
12 9.39999999999897 0
0 0

0101101
*
Ed
 1e-07 1 1 0
1  53 0 0 1.5
2  2 55 564 0 1.5
2  120 55 565 0 1.5
2  121 10 566 0 1.5
2  122 1 567 0 1.5
0

0101000
+103 568 -173 568 *
Ed
 1e-07 1 1 0
1  54 0 35 82
2  123 154 0 35 82
2  76 55 0 35 82
0

0101000
+108 315 -103 325 *
Wi

0101100
-106 561 -172 319 +102 563 +101 319 *
Fa
0  1e-07 55 319

0111000
+100 0 *
Ve
1e-07
12 7.19999999999897 0
0 0

0101101
*
Ed
 1e-07 1 1 0
1  55 0 0 6.9
2  2 54 572 0 6.9
2  120 54 573 0 6.9
2  124 10 574 0 6.9
2  125 1 575 0 6.9
0

0101000
+115 576 -98 576 *
Ed
 1e-07 1 1 0
1  56 0 0 2.2
2  2 154 578 0 2.2
2  17 154 579 0 2.2
2  126 10 580 0 2.2
2  127 1 581 0 2.2
0

0101000
+98 582 -103 582 *
Wi

0101100
+237 60 +235 67 +233 74 +231 0 +229 0 +227 0 +147 0 +113 533 +97 571 +96 577 
+102 562 -171 49 *
Fa
0  1e-07 10 0

0111000
+95 570 *
Ve
1e-07
-1.8 37.3173885652752 56.2
0 0

0101101
*
Ed
 1e-07 1 1 0
1  57 0 0 1
3  128 129CN 150 0 0 1
0

0101000
+133 584 -93 0 *
Ed
 1e-07 1 1 0
1  58 0 0 6.28318530717959
2  130 150 587 0 6.28318530717959
4 C0 150 587 156 587
2  131 156 587 0 6.28318530717959
0

0101000
+93 587 -93 587 *
Wi

0101100
+131 348 +92 583 -91 586 -92 583 *
Fa
0  1e-07 150 583

0111000
+90 0 *
Ed
 1e-07 1 1 0
1  59 0 35 82
2  132 54 0 35 82
2  6 154 0 35 82
0

0101000
+110 315 -98 325 *
Wi

0101100
-109 588 -88 319 +97 589 +114 319 *
Fa
0  1e-07 54 319

0111000
+87 0 *
Wi

0101100
-107 590 -101 319 +96 591 +88 319 *
Fa
0  1e-07 154 319

0111000
+85 0 *
Wi

0101100
+91 594 *
Ve
1.0000005e-07
-21.0377726829728 64.645360773251 0
0 0

0101101
*
Ve
1.0000005e-07
-22 64.7 0
0 0

0101101
*
Ed
 1.0000001e-07 1 1 0
1  60 0 0.008726646259969 0.104719755119657
2  2 157 598 0.008726646259969 0.104719755119657
2  96 157 599 0.008726646259969 0.104719755119657
2  133 59 600 0.008726646259969 0.104719755119657
2  134 158 607 0.008726646259969 0.104719755119657
2  134 158 609 0.008726646259969 0.104719755119657
2  2 159 610 0.008726646259969 0.104719755119657
2  99 159 612 0.008726646259969 0.104719755119657
4 C0 159 610 160 610
4 C0 159 612 161 612
2  135 160 610 0.008726646259969 0.104719755119657
2  135 161 612 0.008726646259969 0.104719755119657
2  135 61 610 0.008726646259969 0.104719755119657
2  135 162 612 0.008726646259969 0.104719755119657
2  2 163 613 0.008726646259969 0.104719755119657
2  99 163 615 0.008726646259969 0.104719755119657
4 C0 163 613 164 613
4 C0 163 615 165 615
2  135 164 613 0.008726646259969 0.104719755119657
2  135 165 615 0.008726646259969 0.104719755119657
2  135 63 613 0.008726646259969 0.104719755119657
2  135 166 615 0.008726646259969 0.104719755119657
2  2 167 616 0.008726646259969 0.104719755119657
2  99 167 618 0.008726646259969 0.104719755119657
4 C0 167 616 168 616
4 C0 167 618 169 618
2  135 168 616 0.008726646259969 0.104719755119657
2  135 169 618 0.008726646259969 0.104719755119657
2  135 65 616 0.008726646259969 0.104719755119657
2  135 170 618 0.008726646259969 0.104719755119657
2  2 171 619 0.008726646259969 0.104719755119657
2  99 171 621 0.008726646259969 0.104719755119657
4 C0 171 619 172 619
4 C0 171 621 173 621
2  135 172 619 0.008726646259969 0.104719755119657
2  135 173 621 0.008726646259969 0.104719755119657
2  135 67 619 0.008726646259969 0.104719755119657
2  135 174 621 0.008726646259969 0.104719755119657
2  2 175 622 0.008726646259969 0.104719755119657
2  99 175 624 0.008726646259969 0.104719755119657
4 C0 175 622 176 622
4 C0 175 624 177 624
2  135 176 622 0.008726646259969 0.104719755119657
2  135 177 624 0.008726646259969 0.104719755119657
2  135 69 622 0.008726646259969 0.104719755119657
2  135 178 624 0.008726646259969 0.104719755119657
2  2 179 625 0.008726646259969 0.104719755119657
2  96 179 626 0.008726646259969 0.104719755119657
2  2 180 627 0.008726646259969 0.104719755119657
2  99 180 629 0.008726646259969 0.104719755119657
4 C0 180 627 181 627
4 C0 180 629 182 629
2  135 181 627 0.008726646259969 0.104719755119657
2  135 182 629 0.008726646259969 0.104719755119657
2  135 72 627 0.008726646259969 0.104719755119657
2  135 73 629 0.008726646259969 0.104719755119657
2  2 183 630 0.008726646259969 0.104719755119657
2  99 183 632 0.008726646259969 0.104719755119657
4 C0 183 630 184 630
4 C0 183 632 185 632
2  135 184 630 0.008726646259969 0.104719755119657
2  135 185 632 0.008726646259969 0.104719755119657
2  135 75 630 0.008726646259969 0.104719755119657
2  135 76 632 0.008726646259969 0.104719755119657
2  2 186 633 0.008726646259969 0.104719755119657
2  99 186 635 0.008726646259969 0.104719755119657
4 C0 186 633 187 633
4 C0 186 635 188 635
2  135 187 633 0.008726646259969 0.104719755119657
2  135 188 635 0.008726646259969 0.104719755119657
2  135 78 633 0.008726646259969 0.104719755119657
2  135 79 635 0.008726646259969 0.104719755119657
2  2 189 636 0.008726646259969 0.104719755119657
2  99 189 638 0.008726646259969 0.104719755119657
4 C0 189 636 190 636
4 C0 189 638 191 638
2  135 190 636 0.008726646259969 0.104719755119657
2  135 191 638 0.008726646259969 0.104719755119657
2  135 81 636 0.008726646259969 0.104719755119657
2  135 82 638 0.008726646259969 0.104719755119657
2  2 192 639 0.008726646259969 0.104719755119657
2  99 192 641 0.008726646259969 0.104719755119657
4 C0 192 639 193 639
4 C0 192 641 194 641
2  135 193 639 0.008726646259969 0.104719755119657
2  135 194 641 0.008726646259969 0.104719755119657
2  135 84 639 0.008726646259969 0.104719755119657
2  135 85 641 0.008726646259969 0.104719755119657
2  2 195 642 0.008726646259969 0.104719755119657
2  96 195 643 0.008726646259969 0.104719755119657
2  2 196 644 0.008726646259969 0.104719755119657
4 C0 196 644 197 644
2  135 197 644 0.008726646259969 0.104719755119657
2  135 88 644 0.008726646259969 0.104719755119657
2  2 198 645 0.008726646259969 0.104719755119657
2  96 198 646 0.008726646259969 0.104719755119657
2  2 199 647 0.008726646259969 0.104719755119657
2  99 199 649 0.008726646259969 0.104719755119657
4 C0 199 647 200 647
4 C0 199 649 201 649
2  135 200 647 0.008726646259969 0.104719755119657
2  135 201 649 0.008726646259969 0.104719755119657
2  135 92 647 0.008726646259969 0.104719755119657
2  135 93 649 0.008726646259969 0.104719755119657
2  2 202 650 0.008726646259969 0.104719755119657
2  96 202 651 0.008726646259969 0.104719755119657
2  2 203 652 0.008726646259969 0.104719755119657
2  99 203 654 0.008726646259969 0.104719755119657
4 C0 203 652 204 652
4 C0 203 654 205 654
2  135 204 652 0.008726646259969 0.104719755119657
2  135 205 654 0.008726646259969 0.104719755119657
2  135 96 652 0.008726646259969 0.104719755119657
2  135 97 654 0.008726646259969 0.104719755119657
2  2 206 655 0.008726646259969 0.104719755119657
2  99 206 657 0.008726646259969 0.104719755119657
4 C0 206 655 207 655
4 C0 206 657 208 657
2  135 207 655 0.008726646259969 0.104719755119657
2  135 208 657 0.008726646259969 0.104719755119657
2  135 99 655 0.008726646259969 0.104719755119657
2  135 100 657 0.008726646259969 0.104719755119657
2  2 209 658 0.008726646259969 0.104719755119657
2  99 209 660 0.008726646259969 0.104719755119657
4 C0 209 658 210 658
4 C0 209 660 211 660
2  135 210 658 0.008726646259969 0.104719755119657
2  135 211 660 0.008726646259969 0.104719755119657
2  135 102 658 0.008726646259969 0.104719755119657
2  135 103 660 0.008726646259969 0.104719755119657
2  2 212 661 0.008726646259969 0.104719755119657
2  99 212 663 0.008726646259969 0.104719755119657
4 C0 212 661 213 661
4 C0 212 663 214 663
2  135 213 661 0.008726646259969 0.104719755119657
2  135 214 663 0.008726646259969 0.104719755119657
2  135 105 661 0.008726646259969 0.104719755119657
2  135 106 663 0.008726646259969 0.104719755119657
2  2 215 664 0.008726646259969 0.104719755119657
2  99 215 666 0.008726646259969 0.104719755119657
4 C0 215 664 216 664
4 C0 215 666 217 666
2  135 216 664 0.008726646259969 0.104719755119657
2  135 217 666 0.008726646259969 0.104719755119657
2  135 108 664 0.008726646259969 0.104719755119657
2  135 109 666 0.008726646259969 0.104719755119657
2  2 218 667 0.008726646259969 0.104719755119657
2  99 218 669 0.008726646259969 0.104719755119657
4 C0 218 667 219 667
4 C0 218 669 220 669
2  135 219 667 0.008726646259969 0.104719755119657
2  135 220 669 0.008726646259969 0.104719755119657
2  135 111 667 0.008726646259969 0.104719755119657
2  135 112 669 0.008726646259969 0.104719755119657
2  2 221 670 0.008726646259969 0.104719755119657
2  99 221 672 0.008726646259969 0.104719755119657
4 C0 221 670 222 670
4 C0 221 672 223 672
2  135 222 670 0.008726646259969 0.104719755119657
2  135 223 672 0.008726646259969 0.104719755119657
2  135 114 670 0.008726646259969 0.104719755119657
2  135 115 672 0.008726646259969 0.104719755119657
2  2 224 673 0.008726646259969 0.104719755119657
2  99 224 675 0.008726646259969 0.104719755119657
4 C0 224 673 225 673
4 C0 224 675 226 675
2  135 225 673 0.008726646259969 0.104719755119657
2  135 226 675 0.008726646259969 0.104719755119657
2  135 117 673 0.008726646259969 0.104719755119657
2  135 118 675 0.008726646259969 0.104719755119657
2  2 227 676 0.008726646259969 0.104719755119657
2  99 227 678 0.008726646259969 0.104719755119657
4 C0 227 676 228 676
4 C0 227 678 229 678
2  135 228 676 0.008726646259969 0.104719755119657
2  135 229 678 0.008726646259969 0.104719755119657
2  135 120 676 0.008726646259969 0.104719755119657
2  135 121 678 0.008726646259969 0.104719755119657
2  2 230 679 0.008726646259969 0.104719755119657
2  96 230 680 0.008726646259969 0.104719755119657
2  2 231 681 0.008726646259969 0.104719755119657
2  99 231 683 0.008726646259969 0.104719755119657
4 C0 231 681 232 681
4 C0 231 683 233 683
2  135 232 681 0.008726646259969 0.104719755119657
2  135 233 683 0.008726646259969 0.104719755119657
2  135 124 681 0.008726646259969 0.104719755119657
2  135 234 683 0.008726646259969 0.104719755119657
2  2 235 684 0.008726646259969 0.104719755119657
2  96 235 685 0.008726646259969 0.104719755119657
2  2 236 686 0.008726646259969 0.104719755119657
2  99 236 688 0.008726646259969 0.104719755119657
4 C0 236 686 237 686
4 C0 236 688 238 688
2  135 237 686 0.008726646259969 0.104719755119657
2  135 238 688 0.008726646259969 0.104719755119657
2  135 127 686 0.008726646259969 0.104719755119657
2  135 239 688 0.008726646259969 0.104719755119657
2  2 240 689 0.008726646259969 0.104719755119657
2  99 240 691 0.008726646259969 0.104719755119657
4 C0 240 689 241 689
4 C0 240 691 242 691
2  135 241 689 0.008726646259969 0.104719755119657
2  135 242 691 0.008726646259969 0.104719755119657
2  135 129 689 0.008726646259969 0.104719755119657
2  135 243 691 0.008726646259969 0.104719755119657
2  2 244 692 0.008726646259969 0.104719755119657
2  96 244 693 0.008726646259969 0.104719755119657
2  2 245 694 0.008726646259969 0.104719755119657
2  99 245 696 0.008726646259969 0.104719755119657
4 C0 245 694 246 694
4 C0 245 696 247 696
2  135 246 694 0.008726646259969 0.104719755119657
2  135 247 696 0.008726646259969 0.104719755119657
2  135 132 694 0.008726646259969 0.104719755119657
2  135 133 696 0.008726646259969 0.104719755119657
2  2 248 697 0.008726646259969 0.104719755119657
2  99 248 699 0.008726646259969 0.104719755119657
4 C0 248 697 249 697
4 C0 248 699 250 699
2  135 249 697 0.008726646259969 0.104719755119657
2  135 250 699 0.008726646259969 0.104719755119657
2  135 135 697 0.008726646259969 0.104719755119657
2  135 136 699 0.008726646259969 0.104719755119657
2  2 251 700 0.008726646259969 0.104719755119657
2  99 251 702 0.008726646259969 0.104719755119657
4 C0 251 700 252 700
4 C0 251 702 253 702
2  135 252 700 0.008726646259969 0.104719755119657
2  135 253 702 0.008726646259969 0.104719755119657
2  135 138 700 0.008726646259969 0.104719755119657
2  135 139 702 0.008726646259969 0.104719755119657
2  2 254 703 0.008726646259969 0.104719755119657
2  99 254 705 0.008726646259969 0.104719755119657
4 C0 254 703 255 703
4 C0 254 705 256 705
2  135 255 703 0.008726646259969 0.104719755119657
2  135 256 705 0.008726646259969 0.104719755119657
2  135 141 703 0.008726646259969 0.104719755119657
2  135 142 705 0.008726646259969 0.104719755119657
2  2 257 706 0.008726646259969 0.104719755119657
2  96 257 707 0.008726646259969 0.104719755119657
2  2 258 708 0.008726646259969 0.104719755119657
2  99 258 710 0.008726646259969 0.104719755119657
4 C0 258 708 259 708
4 C0 258 710 260 710
2  135 259 708 0.008726646259969 0.104719755119657
2  135 260 710 0.008726646259969 0.104719755119657
2  135 145 708 0.008726646259969 0.104719755119657
2  135 261 710 0.008726646259969 0.104719755119657
2  2 262 711 0.008726646259969 0.104719755119657
2  99 262 713 0.008726646259969 0.104719755119657
4 C0 262 711 263 711
4 C0 262 713 264 713
2  135 263 711 0.008726646259969 0.104719755119657
2  135 264 713 0.008726646259969 0.104719755119657
2  135 147 711 0.008726646259969 0.104719755119657
2  135 265 713 0.008726646259969 0.104719755119657
2  2 266 714 0.008726646259969 0.104719755119657
2  99 266 716 0.008726646259969 0.104719755119657
4 C0 266 714 267 714
4 C0 266 716 268 716
2  135 267 714 0.008726646259969 0.104719755119657
2  135 268 716 0.008726646259969 0.104719755119657
2  135 149 714 0.008726646259969 0.104719755119657
2  135 269 716 0.008726646259969 0.104719755119657
2  2 270 717 0.008726646259969 0.104719755119657
2  99 270 718 0.008726646259969 0.104719755119657
4 C0 270 717 271 717
4 C0 270 718 272 718
2  135 271 717 0.008726646259969 0.104719755119657
2  135 272 718 0.008726646259969 0.104719755119657
2  135 151 717 0.008726646259969 0.104719755119657
2  135 156 718 0.008726646259969 0.104719755119657
2  136 273 724 0.008726646259969 0.104719755119657
2  137 274 747 0.008726646259969 0.104719755119657
2  137 274 750 0.008726646259969 0.104719755119657
2  2 275 751 0.008726646259969 0.104719755119657
2  137 274 766 0.008726646259969 0.104719755119657
2  137 274 769 0.008726646259969 0.104719755119657
2  2 276 770 0.008726646259969 0.104719755119657
2  99 277 771 0.008726646259969 0.104719755119657
2  99 278 772 0.008726646259969 0.104719755119657
2  99 279 773 0.008726646259969 0.104719755119657
2  99 280 774 0.008726646259969 0.104719755119657
2  99 281 775 0.008726646259969 0.104719755119657
2  99 282 776 0.008726646259969 0.104719755119657
2  99 283 778 0.008726646259969 0.104719755119657
2  99 284 783 0.008726646259969 0.104719755119657
2  99 285 788 0.008726646259969 0.104719755119657
2  99 286 796 0.008726646259969 0.104719755119657
2  99 287 800 0.008726646259969 0.104719755119657
2  99 288 809 0.008726646259969 0.104719755119657
2  99 289 810 0.008726646259969 0.104719755119657
2  99 290 811 0.008726646259969 0.104719755119657
2  99 291 812 0.008726646259969 0.104719755119657
0

0101000
+82 817 -81 819 *
Ve
1.00000008e-07
-22 71.2 0
0 0

0101101
*
Ed
 1.00000008e-07 1 1 0
1  61 0 0 6.5
2  2 292 821 0 6.5
2  138 292 823 0 6.5
2  139 293 824 0 6.5
2  140 156 825 0 6.5
2  141 156 827 0 6.5
2  142 156 829 0 6.5
2  143 156 831 0 6.5
2  144 156 833 0 6.5
2  145 156 835 0 6.5
2  146 156 837 0 6.5
2  147 156 839 0 6.5
2  148 156 841 0 6.5
2  149 156 843 0 6.5
2  150 156 845 0 6.5
2  151 156 847 0 6.5
2  152 156 849 0 6.5
2  153 156 851 0 6.5
2  154 156 853 0 6.5
2  155 156 855 0 6.5
2  156 156 857 0 6.5
2  157 156 859 0 6.5
2  158 156 861 0 6.5
2  159 156 863 0 6.5
2  160 156 865 0 6.5
2  161 156 867 0 6.5
2  162 156 868 0 6.5
2  163 156 869 0 6.5
2  164 156 871 0 6.5
2  165 156 873 0 6.5
2  166 156 875 0 6.5
2  167 156 877 0 6.5
2  168 156 879 0 6.5
2  169 156 881 0 6.5
0

0101000
+81 0 -79 0 *
Ve
1.00000008e-07
-20.3019517934814 71.1035778351488 0
0 0

0101101
*
Ed
 1.00000008e-07 1 1 0
1  62 0 1.45734992541527 1.5707963267949
2  2 294 821 1.45734992541527 1.5707963267949
2  170 294 823 1.45734992541527 1.5707963267949
2  171 293 824 1.45734992541527 1.5707963267949
2  172 156 825 1.45734992541527 1.5707963267949
2  173 156 827 1.45734992541527 1.5707963267949
2  174 156 829 1.45734992541527 1.5707963267949
2  175 156 831 1.45734992541527 1.5707963267949
2  176 156 833 1.45734992541527 1.5707963267949
2  177 156 835 1.45734992541527 1.5707963267949
2  178 156 837 1.45734992541527 1.5707963267949
2  179 156 839 1.45734992541527 1.5707963267949
2  180 156 841 1.45734992541527 1.5707963267949
2  181 156 843 1.45734992541527 1.5707963267949
2  182 156 845 1.45734992541527 1.5707963267949
2  183 156 847 1.45734992541527 1.5707963267949
2  184 156 849 1.45734992541527 1.5707963267949
2  185 156 851 1.45734992541527 1.5707963267949
2  186 156 853 1.45734992541527 1.5707963267949
2  187 156 855 1.45734992541527 1.5707963267949
2  188 156 857 1.45734992541527 1.5707963267949
2  189 156 859 1.45734992541527 1.5707963267949
2  190 156 861 1.45734992541527 1.5707963267949
2  191 156 863 1.45734992541527 1.5707963267949
2  192 156 865 1.45734992541527 1.5707963267949
2  193 156 867 1.45734992541527 1.5707963267949
2  194 156 868 1.45734992541527 1.5707963267949
2  195 156 869 1.45734992541527 1.5707963267949
2  196 156 871 1.45734992541527 1.5707963267949
2  197 156 873 1.45734992541527 1.5707963267949
2  198 156 875 1.45734992541527 1.5707963267949
2  199 156 877 1.45734992541527 1.5707963267949
2  200 156 879 1.45734992541527 1.5707963267949
2  201 156 881 1.45734992541527 1.5707963267949
0

0101000
+77 0 -79 0 *
Ed
 1.00000008e-07 1 1 0
1  63 0 0 6.50000000000001
2  2 295 821 0 6.50000000000001
2  202 295 823 0 6.50000000000001
2  203 293 824 0 6.50000000000001
2  204 156 825 0 6.50000000000001
2  205 156 827 0 6.50000000000001
2  206 156 829 0 6.50000000000001
2  207 156 831 0 6.50000000000001
2  208 156 833 0 6.50000000000001
2  209 156 835 0 6.50000000000001
2  210 156 837 0 6.50000000000001
2  211 156 839 0 6.50000000000001
2  212 156 841 0 6.50000000000001
2  213 156 843 0 6.50000000000001
2  214 156 845 0 6.50000000000001
2  215 156 847 0 6.50000000000001
2  216 156 849 0 6.50000000000001
2  217 156 851 0 6.50000000000001
2  218 156 853 0 6.50000000000001
2  219 156 855 0 6.50000000000001
2  220 156 857 0 6.50000000000001
2  221 156 859 0 6.50000000000001
2  222 156 861 0 6.50000000000001
2  223 156 863 0 6.50000000000001
2  224 156 865 0 6.50000000000001
2  225 156 867 0 6.50000000000001
2  226 156 868 0 6.50000000000001
2  227 156 869 0 6.50000000000001
2  228 156 871 0 6.50000000000001
2  229 156 873 0 6.50000000000001
2  230 156 875 0 6.50000000000001
2  231 156 877 0 6.50000000000001
2  232 156 879 0 6.50000000000001
2  233 156 881 0 6.50000000000001
0

0101000
+82 0 -77 0 *
Ed
 1.0000001e-07 1 1 0
1  60 0 0.218166156499289 0.314159265358978
2  2 157 598 0.218166156499289 0.314159265358978
2  96 157 599 0.218166156499289 0.314159265358978
2  133 59 600 0.218166156499289 0.314159265358978
2  134 158 607 0.218166156499289 0.314159265358978
2  134 158 609 0.218166156499289 0.314159265358978
2  2 159 610 0.218166156499289 0.314159265358978
2  99 159 612 0.218166156499289 0.314159265358978
4 C0 159 610 160 610
4 C0 159 612 161 612
2  135 160 610 0.218166156499289 0.314159265358978
2  135 161 612 0.218166156499289 0.314159265358978
2  135 61 610 0.218166156499289 0.314159265358978
2  135 162 612 0.218166156499289 0.314159265358978
2  2 163 613 0.218166156499289 0.314159265358978
2  99 163 615 0.218166156499289 0.314159265358978
4 C0 163 613 164 613
4 C0 163 615 165 615
2  135 164 613 0.218166156499289 0.314159265358978
2  135 165 615 0.218166156499289 0.314159265358978
2  135 63 613 0.218166156499289 0.314159265358978
2  135 166 615 0.218166156499289 0.314159265358978
2  2 167 616 0.218166156499289 0.314159265358978
2  99 167 618 0.218166156499289 0.314159265358978
4 C0 167 616 168 616
4 C0 167 618 169 618
2  135 168 616 0.218166156499289 0.314159265358978
2  135 169 618 0.218166156499289 0.314159265358978
2  135 65 616 0.218166156499289 0.314159265358978
2  135 170 618 0.218166156499289 0.314159265358978
2  2 171 619 0.218166156499289 0.314159265358978
2  99 171 621 0.218166156499289 0.314159265358978
4 C0 171 619 172 619
4 C0 171 621 173 621
2  135 172 619 0.218166156499289 0.314159265358978
2  135 173 621 0.218166156499289 0.314159265358978
2  135 67 619 0.218166156499289 0.314159265358978
2  135 174 621 0.218166156499289 0.314159265358978
2  2 175 622 0.218166156499289 0.314159265358978
2  99 175 624 0.218166156499289 0.314159265358978
4 C0 175 622 176 622
4 C0 175 624 177 624
2  135 176 622 0.218166156499289 0.314159265358978
2  135 177 624 0.218166156499289 0.314159265358978
2  135 69 622 0.218166156499289 0.314159265358978
2  135 178 624 0.218166156499289 0.314159265358978
2  2 179 625 0.218166156499289 0.314159265358978
2  96 179 626 0.218166156499289 0.314159265358978
2  2 180 627 0.218166156499289 0.314159265358978
2  99 180 629 0.218166156499289 0.314159265358978
4 C0 180 627 181 627
4 C0 180 629 182 629
2  135 181 627 0.218166156499289 0.314159265358978
2  135 182 629 0.218166156499289 0.314159265358978
2  135 72 627 0.218166156499289 0.314159265358978
2  135 73 629 0.218166156499289 0.314159265358978
2  2 183 630 0.218166156499289 0.314159265358978
2  99 183 632 0.218166156499289 0.314159265358978
4 C0 183 630 184 630
4 C0 183 632 185 632
2  135 184 630 0.218166156499289 0.314159265358978
2  135 185 632 0.218166156499289 0.314159265358978
2  135 75 630 0.218166156499289 0.314159265358978
2  135 76 632 0.218166156499289 0.314159265358978
2  2 186 633 0.218166156499289 0.314159265358978
2  99 186 635 0.218166156499289 0.314159265358978
4 C0 186 633 187 633
4 C0 186 635 188 635
2  135 187 633 0.218166156499289 0.314159265358978
2  135 188 635 0.218166156499289 0.314159265358978
2  135 78 633 0.218166156499289 0.314159265358978
2  135 79 635 0.218166156499289 0.314159265358978
2  2 189 636 0.218166156499289 0.314159265358978
2  99 189 638 0.218166156499289 0.314159265358978
4 C0 189 636 190 636
4 C0 189 638 191 638
2  135 190 636 0.218166156499289 0.314159265358978
2  135 191 638 0.218166156499289 0.314159265358978
2  135 81 636 0.218166156499289 0.314159265358978
2  135 82 638 0.218166156499289 0.314159265358978
2  2 192 639 0.218166156499289 0.314159265358978
2  99 192 641 0.218166156499289 0.314159265358978
4 C0 192 639 193 639
4 C0 192 641 194 641
2  135 193 639 0.218166156499289 0.314159265358978
2  135 194 641 0.218166156499289 0.314159265358978
2  135 84 639 0.218166156499289 0.314159265358978
2  135 85 641 0.218166156499289 0.314159265358978
2  2 195 642 0.218166156499289 0.314159265358978
2  96 195 643 0.218166156499289 0.314159265358978
2  2 196 644 0.218166156499289 0.314159265358978
4 C0 196 644 197 644
2  135 197 644 0.218166156499289 0.314159265358978
2  135 88 644 0.218166156499289 0.314159265358978
2  2 198 645 0.218166156499289 0.314159265358978
2  96 198 646 0.218166156499289 0.314159265358978
2  2 199 647 0.218166156499289 0.314159265358978
2  99 199 649 0.218166156499289 0.314159265358978
4 C0 199 647 200 647
4 C0 199 649 201 649
2  135 200 647 0.218166156499289 0.314159265358978
2  135 201 649 0.218166156499289 0.314159265358978
2  135 92 647 0.218166156499289 0.314159265358978
2  135 93 649 0.218166156499289 0.314159265358978
2  2 202 650 0.218166156499289 0.314159265358978
2  96 202 651 0.218166156499289 0.314159265358978
2  2 203 652 0.218166156499289 0.314159265358978
2  99 203 654 0.218166156499289 0.314159265358978
4 C0 203 652 204 652
4 C0 203 654 205 654
2  135 204 652 0.218166156499289 0.314159265358978
2  135 205 654 0.218166156499289 0.314159265358978
2  135 96 652 0.218166156499289 0.314159265358978
2  135 97 654 0.218166156499289 0.314159265358978
2  2 206 655 0.218166156499289 0.314159265358978
2  99 206 657 0.218166156499289 0.314159265358978
4 C0 206 655 207 655
4 C0 206 657 208 657
2  135 207 655 0.218166156499289 0.314159265358978
2  135 208 657 0.218166156499289 0.314159265358978
2  135 99 655 0.218166156499289 0.314159265358978
2  135 100 657 0.218166156499289 0.314159265358978
2  2 209 658 0.218166156499289 0.314159265358978
2  99 209 660 0.218166156499289 0.314159265358978
4 C0 209 658 210 658
4 C0 209 660 211 660
2  135 210 658 0.218166156499289 0.314159265358978
2  135 211 660 0.218166156499289 0.314159265358978
2  135 102 658 0.218166156499289 0.314159265358978
2  135 103 660 0.218166156499289 0.314159265358978
2  2 212 661 0.218166156499289 0.314159265358978
2  99 212 663 0.218166156499289 0.314159265358978
4 C0 212 661 213 661
4 C0 212 663 214 663
2  135 213 661 0.218166156499289 0.314159265358978
2  135 214 663 0.218166156499289 0.314159265358978
2  135 105 661 0.218166156499289 0.314159265358978
2  135 106 663 0.218166156499289 0.314159265358978
2  2 215 664 0.218166156499289 0.314159265358978
2  99 215 666 0.218166156499289 0.314159265358978
4 C0 215 664 216 664
4 C0 215 666 217 666
2  135 216 664 0.218166156499289 0.314159265358978
2  135 217 666 0.218166156499289 0.314159265358978
2  135 108 664 0.218166156499289 0.314159265358978
2  135 109 666 0.218166156499289 0.314159265358978
2  2 218 667 0.218166156499289 0.314159265358978
2  99 218 669 0.218166156499289 0.314159265358978
4 C0 218 667 219 667
4 C0 218 669 220 669
2  135 219 667 0.218166156499289 0.314159265358978
2  135 220 669 0.218166156499289 0.314159265358978
2  135 111 667 0.218166156499289 0.314159265358978
2  135 112 669 0.218166156499289 0.314159265358978
2  2 221 670 0.218166156499289 0.314159265358978
2  99 221 672 0.218166156499289 0.314159265358978
4 C0 221 670 222 670
4 C0 221 672 223 672
2  135 222 670 0.218166156499289 0.314159265358978
2  135 223 672 0.218166156499289 0.314159265358978
2  135 114 670 0.218166156499289 0.314159265358978
2  135 115 672 0.218166156499289 0.314159265358978
2  2 224 673 0.218166156499289 0.314159265358978
2  99 224 675 0.218166156499289 0.314159265358978
4 C0 224 673 225 673
4 C0 224 675 226 675
2  135 225 673 0.218166156499289 0.314159265358978
2  135 226 675 0.218166156499289 0.314159265358978
2  135 117 673 0.218166156499289 0.314159265358978
2  135 118 675 0.218166156499289 0.314159265358978
2  2 227 676 0.218166156499289 0.314159265358978
2  99 227 678 0.218166156499289 0.314159265358978
4 C0 227 676 228 676
4 C0 227 678 229 678
2  135 228 676 0.218166156499289 0.314159265358978
2  135 229 678 0.218166156499289 0.314159265358978
2  135 120 676 0.218166156499289 0.314159265358978
2  135 121 678 0.218166156499289 0.314159265358978
2  2 230 679 0.218166156499289 0.314159265358978
2  96 230 680 0.218166156499289 0.314159265358978
2  2 231 681 0.218166156499289 0.314159265358978
2  99 231 683 0.218166156499289 0.314159265358978
4 C0 231 681 232 681
4 C0 231 683 233 683
2  135 232 681 0.218166156499289 0.314159265358978
2  135 233 683 0.218166156499289 0.314159265358978
2  135 124 681 0.218166156499289 0.314159265358978
2  135 234 683 0.218166156499289 0.314159265358978
2  2 235 684 0.218166156499289 0.314159265358978
2  96 235 685 0.218166156499289 0.314159265358978
2  2 236 686 0.218166156499289 0.314159265358978
2  99 236 688 0.218166156499289 0.314159265358978
4 C0 236 686 237 686
4 C0 236 688 238 688
2  135 237 686 0.218166156499289 0.314159265358978
2  135 238 688 0.218166156499289 0.314159265358978
2  135 127 686 0.218166156499289 0.314159265358978
2  135 239 688 0.218166156499289 0.314159265358978
2  2 240 689 0.218166156499289 0.314159265358978
2  99 240 691 0.218166156499289 0.314159265358978
4 C0 240 689 241 689
4 C0 240 691 242 691
2  135 241 689 0.218166156499289 0.314159265358978
2  135 242 691 0.218166156499289 0.314159265358978
2  135 129 689 0.218166156499289 0.314159265358978
2  135 243 691 0.218166156499289 0.314159265358978
2  2 244 692 0.218166156499289 0.314159265358978
2  96 244 693 0.218166156499289 0.314159265358978
2  2 245 694 0.218166156499289 0.314159265358978
2  99 245 696 0.218166156499289 0.314159265358978
4 C0 245 694 246 694
4 C0 245 696 247 696
2  135 246 694 0.218166156499289 0.314159265358978
2  135 247 696 0.218166156499289 0.314159265358978
2  135 132 694 0.218166156499289 0.314159265358978
2  135 133 696 0.218166156499289 0.314159265358978
2  2 248 697 0.218166156499289 0.314159265358978
2  99 248 699 0.218166156499289 0.314159265358978
4 C0 248 697 249 697
4 C0 248 699 250 699
2  135 249 697 0.218166156499289 0.314159265358978
2  135 250 699 0.218166156499289 0.314159265358978
2  135 135 697 0.218166156499289 0.314159265358978
2  135 136 699 0.218166156499289 0.314159265358978
2  2 251 700 0.218166156499289 0.314159265358978
2  99 251 702 0.218166156499289 0.314159265358978
4 C0 251 700 252 700
4 C0 251 702 253 702
2  135 252 700 0.218166156499289 0.314159265358978
2  135 253 702 0.218166156499289 0.314159265358978
2  135 138 700 0.218166156499289 0.314159265358978
2  135 139 702 0.218166156499289 0.314159265358978
2  2 254 703 0.218166156499289 0.314159265358978
2  99 254 705 0.218166156499289 0.314159265358978
4 C0 254 703 255 703
4 C0 254 705 256 705
2  135 255 703 0.218166156499289 0.314159265358978
2  135 256 705 0.218166156499289 0.314159265358978
2  135 141 703 0.218166156499289 0.314159265358978
2  135 142 705 0.218166156499289 0.314159265358978
2  2 257 706 0.218166156499289 0.314159265358978
2  96 257 707 0.218166156499289 0.314159265358978
2  2 258 708 0.218166156499289 0.314159265358978
2  99 258 710 0.218166156499289 0.314159265358978
4 C0 258 708 259 708
4 C0 258 710 260 710
2  135 259 708 0.218166156499289 0.314159265358978
2  135 260 710 0.218166156499289 0.314159265358978
2  135 145 708 0.218166156499289 0.314159265358978
2  135 261 710 0.218166156499289 0.314159265358978
2  2 262 711 0.218166156499289 0.314159265358978
2  99 262 713 0.218166156499289 0.314159265358978
4 C0 262 711 263 711
4 C0 262 713 264 713
2  135 263 711 0.218166156499289 0.314159265358978
2  135 264 713 0.218166156499289 0.314159265358978
2  135 147 711 0.218166156499289 0.314159265358978
2  135 265 713 0.218166156499289 0.314159265358978
2  2 266 714 0.218166156499289 0.314159265358978
2  99 266 716 0.218166156499289 0.314159265358978
4 C0 266 714 267 714
4 C0 266 716 268 716
2  135 267 714 0.218166156499289 0.314159265358978
2  135 268 716 0.218166156499289 0.314159265358978
2  135 149 714 0.218166156499289 0.314159265358978
2  135 269 716 0.218166156499289 0.314159265358978
2  2 270 717 0.218166156499289 0.314159265358978
2  99 270 718 0.218166156499289 0.314159265358978
4 C0 270 717 271 717
4 C0 270 718 272 718
2  135 271 717 0.218166156499289 0.314159265358978
2  135 272 718 0.218166156499289 0.314159265358978
2  135 151 717 0.218166156499289 0.314159265358978
2  135 156 718 0.218166156499289 0.314159265358978
2  136 273 724 0.218166156499289 0.314159265358978
2  137 274 747 0.218166156499289 0.314159265358978
2  137 274 750 0.218166156499289 0.314159265358978
2  2 275 751 0.218166156499289 0.314159265358978
2  137 274 766 0.218166156499289 0.314159265358978
2  137 274 769 0.218166156499289 0.314159265358978
2  2 276 770 0.218166156499289 0.314159265358978
2  99 277 771 0.218166156499289 0.314159265358978
2  99 278 772 0.218166156499289 0.314159265358978
2  99 279 773 0.218166156499289 0.314159265358978
2  99 280 774 0.218166156499289 0.314159265358978
2  99 281 775 0.218166156499289 0.314159265358978
2  99 282 776 0.218166156499289 0.314159265358978
2  99 283 778 0.218166156499289 0.314159265358978
2  99 284 783 0.218166156499289 0.314159265358978
2  99 285 788 0.218166156499289 0.314159265358978
2  99 286 796 0.218166156499289 0.314159265358978
2  99 287 800 0.218166156499289 0.314159265358978
2  99 288 809 0.218166156499289 0.314159265358978
2  99 289 810 0.218166156499289 0.314159265358978
2  99 290 811 0.218166156499289 0.314159265358978
2  99 291 812 0.218166156499289 0.314159265358978
0

0101000
+82 819 -81 882 *
Ed
 1.0000001e-07 1 1 0
1  60 0 0.427605666738608 0.523598775598296
2  2 157 598 0.427605666738608 0.523598775598296
2  96 157 599 0.427605666738608 0.523598775598296
2  133 59 600 0.427605666738608 0.523598775598296
2  134 158 607 0.427605666738608 0.523598775598296
2  134 158 609 0.427605666738608 0.523598775598296
2  2 159 610 0.427605666738608 0.523598775598296
2  99 159 612 0.427605666738608 0.523598775598296
4 C0 159 610 160 610
4 C0 159 612 161 612
2  135 160 610 0.427605666738608 0.523598775598296
2  135 161 612 0.427605666738608 0.523598775598296
2  135 61 610 0.427605666738608 0.523598775598296
2  135 162 612 0.427605666738608 0.523598775598296
2  2 163 613 0.427605666738608 0.523598775598296
2  99 163 615 0.427605666738608 0.523598775598296
4 C0 163 613 164 613
4 C0 163 615 165 615
2  135 164 613 0.427605666738608 0.523598775598296
2  135 165 615 0.427605666738608 0.523598775598296
2  135 63 613 0.427605666738608 0.523598775598296
2  135 166 615 0.427605666738608 0.523598775598296
2  2 167 616 0.427605666738608 0.523598775598296
2  99 167 618 0.427605666738608 0.523598775598296
4 C0 167 616 168 616
4 C0 167 618 169 618
2  135 168 616 0.427605666738608 0.523598775598296
2  135 169 618 0.427605666738608 0.523598775598296
2  135 65 616 0.427605666738608 0.523598775598296
2  135 170 618 0.427605666738608 0.523598775598296
2  2 171 619 0.427605666738608 0.523598775598296
2  99 171 621 0.427605666738608 0.523598775598296
4 C0 171 619 172 619
4 C0 171 621 173 621
2  135 172 619 0.427605666738608 0.523598775598296
2  135 173 621 0.427605666738608 0.523598775598296
2  135 67 619 0.427605666738608 0.523598775598296
2  135 174 621 0.427605666738608 0.523598775598296
2  2 175 622 0.427605666738608 0.523598775598296
2  99 175 624 0.427605666738608 0.523598775598296
4 C0 175 622 176 622
4 C0 175 624 177 624
2  135 176 622 0.427605666738608 0.523598775598296
2  135 177 624 0.427605666738608 0.523598775598296
2  135 69 622 0.427605666738608 0.523598775598296
2  135 178 624 0.427605666738608 0.523598775598296
2  2 179 625 0.427605666738608 0.523598775598296
2  96 179 626 0.427605666738608 0.523598775598296
2  2 180 627 0.427605666738608 0.523598775598296
2  99 180 629 0.427605666738608 0.523598775598296
4 C0 180 627 181 627
4 C0 180 629 182 629
2  135 181 627 0.427605666738608 0.523598775598296
2  135 182 629 0.427605666738608 0.523598775598296
2  135 72 627 0.427605666738608 0.523598775598296
2  135 73 629 0.427605666738608 0.523598775598296
2  2 183 630 0.427605666738608 0.523598775598296
2  99 183 632 0.427605666738608 0.523598775598296
4 C0 183 630 184 630
4 C0 183 632 185 632
2  135 184 630 0.427605666738608 0.523598775598296
2  135 185 632 0.427605666738608 0.523598775598296
2  135 75 630 0.427605666738608 0.523598775598296
2  135 76 632 0.427605666738608 0.523598775598296
2  2 186 633 0.427605666738608 0.523598775598296
2  99 186 635 0.427605666738608 0.523598775598296
4 C0 186 633 187 633
4 C0 186 635 188 635
2  135 187 633 0.427605666738608 0.523598775598296
2  135 188 635 0.427605666738608 0.523598775598296
2  135 78 633 0.427605666738608 0.523598775598296
2  135 79 635 0.427605666738608 0.523598775598296
2  2 189 636 0.427605666738608 0.523598775598296
2  99 189 638 0.427605666738608 0.523598775598296
4 C0 189 636 190 636
4 C0 189 638 191 638
2  135 190 636 0.427605666738608 0.523598775598296
2  135 191 638 0.427605666738608 0.523598775598296
2  135 81 636 0.427605666738608 0.523598775598296
2  135 82 638 0.427605666738608 0.523598775598296
2  2 192 639 0.427605666738608 0.523598775598296
2  99 192 641 0.427605666738608 0.523598775598296
4 C0 192 639 193 639
4 C0 192 641 194 641
2  135 193 639 0.427605666738608 0.523598775598296
2  135 194 641 0.427605666738608 0.523598775598296
2  135 84 639 0.427605666738608 0.523598775598296
2  135 85 641 0.427605666738608 0.523598775598296
2  2 195 642 0.427605666738608 0.523598775598296
2  96 195 643 0.427605666738608 0.523598775598296
2  2 196 644 0.427605666738608 0.523598775598296
4 C0 196 644 197 644
2  135 197 644 0.427605666738608 0.523598775598296
2  135 88 644 0.427605666738608 0.523598775598296
2  2 198 645 0.427605666738608 0.523598775598296
2  96 198 646 0.427605666738608 0.523598775598296
2  2 199 647 0.427605666738608 0.523598775598296
2  99 199 649 0.427605666738608 0.523598775598296
4 C0 199 647 200 647
4 C0 199 649 201 649
2  135 200 647 0.427605666738608 0.523598775598296
2  135 201 649 0.427605666738608 0.523598775598296
2  135 92 647 0.427605666738608 0.523598775598296
2  135 93 649 0.427605666738608 0.523598775598296
2  2 202 650 0.427605666738608 0.523598775598296
2  96 202 651 0.427605666738608 0.523598775598296
2  2 203 652 0.427605666738608 0.523598775598296
2  99 203 654 0.427605666738608 0.523598775598296
4 C0 203 652 204 652
4 C0 203 654 205 654
2  135 204 652 0.427605666738608 0.523598775598296
2  135 205 654 0.427605666738608 0.523598775598296
2  135 96 652 0.427605666738608 0.523598775598296
2  135 97 654 0.427605666738608 0.523598775598296
2  2 206 655 0.427605666738608 0.523598775598296
2  99 206 657 0.427605666738608 0.523598775598296
4 C0 206 655 207 655
4 C0 206 657 208 657
2  135 207 655 0.427605666738608 0.523598775598296
2  135 208 657 0.427605666738608 0.523598775598296
2  135 99 655 0.427605666738608 0.523598775598296
2  135 100 657 0.427605666738608 0.523598775598296
2  2 209 658 0.427605666738608 0.523598775598296
2  99 209 660 0.427605666738608 0.523598775598296
4 C0 209 658 210 658
4 C0 209 660 211 660
2  135 210 658 0.427605666738608 0.523598775598296
2  135 211 660 0.427605666738608 0.523598775598296
2  135 102 658 0.427605666738608 0.523598775598296
2  135 103 660 0.427605666738608 0.523598775598296
2  2 212 661 0.427605666738608 0.523598775598296
2  99 212 663 0.427605666738608 0.523598775598296
4 C0 212 661 213 661
4 C0 212 663 214 663
2  135 213 661 0.427605666738608 0.523598775598296
2  135 214 663 0.427605666738608 0.523598775598296
2  135 105 661 0.427605666738608 0.523598775598296
2  135 106 663 0.427605666738608 0.523598775598296
2  2 215 664 0.427605666738608 0.523598775598296
2  99 215 666 0.427605666738608 0.523598775598296
4 C0 215 664 216 664
4 C0 215 666 217 666
2  135 216 664 0.427605666738608 0.523598775598296
2  135 217 666 0.427605666738608 0.523598775598296
2  135 108 664 0.427605666738608 0.523598775598296
2  135 109 666 0.427605666738608 0.523598775598296
2  2 218 667 0.427605666738608 0.523598775598296
2  99 218 669 0.427605666738608 0.523598775598296
4 C0 218 667 219 667
4 C0 218 669 220 669
2  135 219 667 0.427605666738608 0.523598775598296
2  135 220 669 0.427605666738608 0.523598775598296
2  135 111 667 0.427605666738608 0.523598775598296
2  135 112 669 0.427605666738608 0.523598775598296
2  2 221 670 0.427605666738608 0.523598775598296
2  99 221 672 0.427605666738608 0.523598775598296
4 C0 221 670 222 670
4 C0 221 672 223 672
2  135 222 670 0.427605666738608 0.523598775598296
2  135 223 672 0.427605666738608 0.523598775598296
2  135 114 670 0.427605666738608 0.523598775598296
2  135 115 672 0.427605666738608 0.523598775598296
2  2 224 673 0.427605666738608 0.523598775598296
2  99 224 675 0.427605666738608 0.523598775598296
4 C0 224 673 225 673
4 C0 224 675 226 675
2  135 225 673 0.427605666738608 0.523598775598296
2  135 226 675 0.427605666738608 0.523598775598296
2  135 117 673 0.427605666738608 0.523598775598296
2  135 118 675 0.427605666738608 0.523598775598296
2  2 227 676 0.427605666738608 0.523598775598296
2  99 227 678 0.427605666738608 0.523598775598296
4 C0 227 676 228 676
4 C0 227 678 229 678
2  135 228 676 0.427605666738608 0.523598775598296
2  135 229 678 0.427605666738608 0.523598775598296
2  135 120 676 0.427605666738608 0.523598775598296
2  135 121 678 0.427605666738608 0.523598775598296
2  2 230 679 0.427605666738608 0.523598775598296
2  96 230 680 0.427605666738608 0.523598775598296
2  2 231 681 0.427605666738608 0.523598775598296
2  99 231 683 0.427605666738608 0.523598775598296
4 C0 231 681 232 681
4 C0 231 683 233 683
2  135 232 681 0.427605666738608 0.523598775598296
2  135 233 683 0.427605666738608 0.523598775598296
2  135 124 681 0.427605666738608 0.523598775598296
2  135 234 683 0.427605666738608 0.523598775598296
2  2 235 684 0.427605666738608 0.523598775598296
2  96 235 685 0.427605666738608 0.523598775598296
2  2 236 686 0.427605666738608 0.523598775598296
2  99 236 688 0.427605666738608 0.523598775598296
4 C0 236 686 237 686
4 C0 236 688 238 688
2  135 237 686 0.427605666738608 0.523598775598296
2  135 238 688 0.427605666738608 0.523598775598296
2  135 127 686 0.427605666738608 0.523598775598296
2  135 239 688 0.427605666738608 0.523598775598296
2  2 240 689 0.427605666738608 0.523598775598296
2  99 240 691 0.427605666738608 0.523598775598296
4 C0 240 689 241 689
4 C0 240 691 242 691
2  135 241 689 0.427605666738608 0.523598775598296
2  135 242 691 0.427605666738608 0.523598775598296
2  135 129 689 0.427605666738608 0.523598775598296
2  135 243 691 0.427605666738608 0.523598775598296
2  2 244 692 0.427605666738608 0.523598775598296
2  96 244 693 0.427605666738608 0.523598775598296
2  2 245 694 0.427605666738608 0.523598775598296
2  99 245 696 0.427605666738608 0.523598775598296
4 C0 245 694 246 694
4 C0 245 696 247 696
2  135 246 694 0.427605666738608 0.523598775598296
2  135 247 696 0.427605666738608 0.523598775598296
2  135 132 694 0.427605666738608 0.523598775598296
2  135 133 696 0.427605666738608 0.523598775598296
2  2 248 697 0.427605666738608 0.523598775598296
2  99 248 699 0.427605666738608 0.523598775598296
4 C0 248 697 249 697
4 C0 248 699 250 699
2  135 249 697 0.427605666738608 0.523598775598296
2  135 250 699 0.427605666738608 0.523598775598296
2  135 135 697 0.427605666738608 0.523598775598296
2  135 136 699 0.427605666738608 0.523598775598296
2  2 251 700 0.427605666738608 0.523598775598296
2  99 251 702 0.427605666738608 0.523598775598296
4 C0 251 700 252 700
4 C0 251 702 253 702
2  135 252 700 0.427605666738608 0.523598775598296
2  135 253 702 0.427605666738608 0.523598775598296
2  135 138 700 0.427605666738608 0.523598775598296
2  135 139 702 0.427605666738608 0.523598775598296
2  2 254 703 0.427605666738608 0.523598775598296
2  99 254 705 0.427605666738608 0.523598775598296
4 C0 254 703 255 703
4 C0 254 705 256 705
2  135 255 703 0.427605666738608 0.523598775598296
2  135 256 705 0.427605666738608 0.523598775598296
2  135 141 703 0.427605666738608 0.523598775598296
2  135 142 705 0.427605666738608 0.523598775598296
2  2 257 706 0.427605666738608 0.523598775598296
2  96 257 707 0.427605666738608 0.523598775598296
2  2 258 708 0.427605666738608 0.523598775598296
2  99 258 710 0.427605666738608 0.523598775598296
4 C0 258 708 259 708
4 C0 258 710 260 710
2  135 259 708 0.427605666738608 0.523598775598296
2  135 260 710 0.427605666738608 0.523598775598296
2  135 145 708 0.427605666738608 0.523598775598296
2  135 261 710 0.427605666738608 0.523598775598296
2  2 262 711 0.427605666738608 0.523598775598296
2  99 262 713 0.427605666738608 0.523598775598296
4 C0 262 711 263 711
4 C0 262 713 264 713
2  135 263 711 0.427605666738608 0.523598775598296
2  135 264 713 0.427605666738608 0.523598775598296
2  135 147 711 0.427605666738608 0.523598775598296
2  135 265 713 0.427605666738608 0.523598775598296
2  2 266 714 0.427605666738608 0.523598775598296
2  99 266 716 0.427605666738608 0.523598775598296
4 C0 266 714 267 714
4 C0 266 716 268 716
2  135 267 714 0.427605666738608 0.523598775598296
2  135 268 716 0.427605666738608 0.523598775598296
2  135 149 714 0.427605666738608 0.523598775598296
2  135 269 716 0.427605666738608 0.523598775598296
2  2 270 717 0.427605666738608 0.523598775598296
2  99 270 718 0.427605666738608 0.523598775598296
4 C0 270 717 271 717
4 C0 270 718 272 718
2  135 271 717 0.427605666738608 0.523598775598296
2  135 272 718 0.427605666738608 0.523598775598296
2  135 151 717 0.427605666738608 0.523598775598296
2  135 156 718 0.427605666738608 0.523598775598296
2  136 273 724 0.427605666738608 0.523598775598296
2  137 274 747 0.427605666738608 0.523598775598296
2  137 274 750 0.427605666738608 0.523598775598296
2  2 275 751 0.427605666738608 0.523598775598296
2  137 274 766 0.427605666738608 0.523598775598296
2  137 274 769 0.427605666738608 0.523598775598296
2  2 276 770 0.427605666738608 0.523598775598296
2  99 277 771 0.427605666738608 0.523598775598296
2  99 278 772 0.427605666738608 0.523598775598296
2  99 279 773 0.427605666738608 0.523598775598296
2  99 280 774 0.427605666738608 0.523598775598296
2  99 281 775 0.427605666738608 0.523598775598296
2  99 282 776 0.427605666738608 0.523598775598296
2  99 283 778 0.427605666738608 0.523598775598296
2  99 284 783 0.427605666738608 0.523598775598296
2  99 285 788 0.427605666738608 0.523598775598296
2  99 286 796 0.427605666738608 0.523598775598296
2  99 287 800 0.427605666738608 0.523598775598296
2  99 288 809 0.427605666738608 0.523598775598296
2  99 289 810 0.427605666738608 0.523598775598296
2  99 290 811 0.427605666738608 0.523598775598296
2  99 291 812 0.427605666738608 0.523598775598296
0

0101000
+82 882 -81 884 *
Ed
 1.0000001e-07 1 1 0
1  60 0 0.637045176977928 0.733038285837617
2  2 157 598 0.637045176977928 0.733038285837617
2  96 157 599 0.637045176977928 0.733038285837617
2  133 59 600 0.637045176977928 0.733038285837617
2  134 158 607 0.637045176977928 0.733038285837617
2  134 158 609 0.637045176977928 0.733038285837617
2  2 159 610 0.637045176977928 0.733038285837617
2  99 159 612 0.637045176977928 0.733038285837617
4 C0 159 610 160 610
4 C0 159 612 161 612
2  135 160 610 0.637045176977928 0.733038285837617
2  135 161 612 0.637045176977928 0.733038285837617
2  135 61 610 0.637045176977928 0.733038285837617
2  135 162 612 0.637045176977928 0.733038285837617
2  2 163 613 0.637045176977928 0.733038285837617
2  99 163 615 0.637045176977928 0.733038285837617
4 C0 163 613 164 613
4 C0 163 615 165 615
2  135 164 613 0.637045176977928 0.733038285837617
2  135 165 615 0.637045176977928 0.733038285837617
2  135 63 613 0.637045176977928 0.733038285837617
2  135 166 615 0.637045176977928 0.733038285837617
2  2 167 616 0.637045176977928 0.733038285837617
2  99 167 618 0.637045176977928 0.733038285837617
4 C0 167 616 168 616
4 C0 167 618 169 618
2  135 168 616 0.637045176977928 0.733038285837617
2  135 169 618 0.637045176977928 0.733038285837617
2  135 65 616 0.637045176977928 0.733038285837617
2  135 170 618 0.637045176977928 0.733038285837617
2  2 171 619 0.637045176977928 0.733038285837617
2  99 171 621 0.637045176977928 0.733038285837617
4 C0 171 619 172 619
4 C0 171 621 173 621
2  135 172 619 0.637045176977928 0.733038285837617
2  135 173 621 0.637045176977928 0.733038285837617
2  135 67 619 0.637045176977928 0.733038285837617
2  135 174 621 0.637045176977928 0.733038285837617
2  2 175 622 0.637045176977928 0.733038285837617
2  99 175 624 0.637045176977928 0.733038285837617
4 C0 175 622 176 622
4 C0 175 624 177 624
2  135 176 622 0.637045176977928 0.733038285837617
2  135 177 624 0.637045176977928 0.733038285837617
2  135 69 622 0.637045176977928 0.733038285837617
2  135 178 624 0.637045176977928 0.733038285837617
2  2 179 625 0.637045176977928 0.733038285837617
2  96 179 626 0.637045176977928 0.733038285837617
2  2 180 627 0.637045176977928 0.733038285837617
2  99 180 629 0.637045176977928 0.733038285837617
4 C0 180 627 181 627
4 C0 180 629 182 629
2  135 181 627 0.637045176977928 0.733038285837617
2  135 182 629 0.637045176977928 0.733038285837617
2  135 72 627 0.637045176977928 0.733038285837617
2  135 73 629 0.637045176977928 0.733038285837617
2  2 183 630 0.637045176977928 0.733038285837617
2  99 183 632 0.637045176977928 0.733038285837617
4 C0 183 630 184 630
4 C0 183 632 185 632
2  135 184 630 0.637045176977928 0.733038285837617
2  135 185 632 0.637045176977928 0.733038285837617
2  135 75 630 0.637045176977928 0.733038285837617
2  135 76 632 0.637045176977928 0.733038285837617
2  2 186 633 0.637045176977928 0.733038285837617
2  99 186 635 0.637045176977928 0.733038285837617
4 C0 186 633 187 633
4 C0 186 635 188 635
2  135 187 633 0.637045176977928 0.733038285837617
2  135 188 635 0.637045176977928 0.733038285837617
2  135 78 633 0.637045176977928 0.733038285837617
2  135 79 635 0.637045176977928 0.733038285837617
2  2 189 636 0.637045176977928 0.733038285837617
2  99 189 638 0.637045176977928 0.733038285837617
4 C0 189 636 190 636
4 C0 189 638 191 638
2  135 190 636 0.637045176977928 0.733038285837617
2  135 191 638 0.637045176977928 0.733038285837617
2  135 81 636 0.637045176977928 0.733038285837617
2  135 82 638 0.637045176977928 0.733038285837617
2  2 192 639 0.637045176977928 0.733038285837617
2  99 192 641 0.637045176977928 0.733038285837617
4 C0 192 639 193 639
4 C0 192 641 194 641
2  135 193 639 0.637045176977928 0.733038285837617
2  135 194 641 0.637045176977928 0.733038285837617
2  135 84 639 0.637045176977928 0.733038285837617
2  135 85 641 0.637045176977928 0.733038285837617
2  2 195 642 0.637045176977928 0.733038285837617
2  96 195 643 0.637045176977928 0.733038285837617
2  2 196 644 0.637045176977928 0.733038285837617
4 C0 196 644 197 644
2  135 197 644 0.637045176977928 0.733038285837617
2  135 88 644 0.637045176977928 0.733038285837617
2  2 198 645 0.637045176977928 0.733038285837617
2  96 198 646 0.637045176977928 0.733038285837617
2  2 199 647 0.637045176977928 0.733038285837617
2  99 199 649 0.637045176977928 0.733038285837617
4 C0 199 647 200 647
4 C0 199 649 201 649
2  135 200 647 0.637045176977928 0.733038285837617
2  135 201 649 0.637045176977928 0.733038285837617
2  135 92 647 0.637045176977928 0.733038285837617
2  135 93 649 0.637045176977928 0.733038285837617
2  2 202 650 0.637045176977928 0.733038285837617
2  96 202 651 0.637045176977928 0.733038285837617
2  2 203 652 0.637045176977928 0.733038285837617
2  99 203 654 0.637045176977928 0.733038285837617
4 C0 203 652 204 652
4 C0 203 654 205 654
2  135 204 652 0.637045176977928 0.733038285837617
2  135 205 654 0.637045176977928 0.733038285837617
2  135 96 652 0.637045176977928 0.733038285837617
2  135 97 654 0.637045176977928 0.733038285837617
2  2 206 655 0.637045176977928 0.733038285837617
2  99 206 657 0.637045176977928 0.733038285837617
4 C0 206 655 207 655
4 C0 206 657 208 657
2  135 207 655 0.637045176977928 0.733038285837617
2  135 208 657 0.637045176977928 0.733038285837617
2  135 99 655 0.637045176977928 0.733038285837617
2  135 100 657 0.637045176977928 0.733038285837617
2  2 209 658 0.637045176977928 0.733038285837617
2  99 209 660 0.637045176977928 0.733038285837617
4 C0 209 658 210 658
4 C0 209 660 211 660
2  135 210 658 0.637045176977928 0.733038285837617
2  135 211 660 0.637045176977928 0.733038285837617
2  135 102 658 0.637045176977928 0.733038285837617
2  135 103 660 0.637045176977928 0.733038285837617
2  2 212 661 0.637045176977928 0.733038285837617
2  99 212 663 0.637045176977928 0.733038285837617
4 C0 212 661 213 661
4 C0 212 663 214 663
2  135 213 661 0.637045176977928 0.733038285837617
2  135 214 663 0.637045176977928 0.733038285837617
2  135 105 661 0.637045176977928 0.733038285837617
2  135 106 663 0.637045176977928 0.733038285837617
2  2 215 664 0.637045176977928 0.733038285837617
2  99 215 666 0.637045176977928 0.733038285837617
4 C0 215 664 216 664
4 C0 215 666 217 666
2  135 216 664 0.637045176977928 0.733038285837617
2  135 217 666 0.637045176977928 0.733038285837617
2  135 108 664 0.637045176977928 0.733038285837617
2  135 109 666 0.637045176977928 0.733038285837617
2  2 218 667 0.637045176977928 0.733038285837617
2  99 218 669 0.637045176977928 0.733038285837617
4 C0 218 667 219 667
4 C0 218 669 220 669
2  135 219 667 0.637045176977928 0.733038285837617
2  135 220 669 0.637045176977928 0.733038285837617
2  135 111 667 0.637045176977928 0.733038285837617
2  135 112 669 0.637045176977928 0.733038285837617
2  2 221 670 0.637045176977928 0.733038285837617
2  99 221 672 0.637045176977928 0.733038285837617
4 C0 221 670 222 670
4 C0 221 672 223 672
2  135 222 670 0.637045176977928 0.733038285837617
2  135 223 672 0.637045176977928 0.733038285837617
2  135 114 670 0.637045176977928 0.733038285837617
2  135 115 672 0.637045176977928 0.733038285837617
2  2 224 673 0.637045176977928 0.733038285837617
2  99 224 675 0.637045176977928 0.733038285837617
4 C0 224 673 225 673
4 C0 224 675 226 675
2  135 225 673 0.637045176977928 0.733038285837617
2  135 226 675 0.637045176977928 0.733038285837617
2  135 117 673 0.637045176977928 0.733038285837617
2  135 118 675 0.637045176977928 0.733038285837617
2  2 227 676 0.637045176977928 0.733038285837617
2  99 227 678 0.637045176977928 0.733038285837617
4 C0 227 676 228 676
4 C0 227 678 229 678
2  135 228 676 0.637045176977928 0.733038285837617
2  135 229 678 0.637045176977928 0.733038285837617
2  135 120 676 0.637045176977928 0.733038285837617
2  135 121 678 0.637045176977928 0.733038285837617
2  2 230 679 0.637045176977928 0.733038285837617
2  96 230 680 0.637045176977928 0.733038285837617
2  2 231 681 0.637045176977928 0.733038285837617
2  99 231 683 0.637045176977928 0.733038285837617
4 C0 231 681 232 681
4 C0 231 683 233 683
2  135 232 681 0.637045176977928 0.733038285837617
2  135 233 683 0.637045176977928 0.733038285837617
2  135 124 681 0.637045176977928 0.733038285837617
2  135 234 683 0.637045176977928 0.733038285837617
2  2 235 684 0.637045176977928 0.733038285837617
2  96 235 685 0.637045176977928 0.733038285837617
2  2 236 686 0.637045176977928 0.733038285837617
2  99 236 688 0.637045176977928 0.733038285837617
4 C0 236 686 237 686
4 C0 236 688 238 688
2  135 237 686 0.637045176977928 0.733038285837617
2  135 238 688 0.637045176977928 0.733038285837617
2  135 127 686 0.637045176977928 0.733038285837617
2  135 239 688 0.637045176977928 0.733038285837617
2  2 240 689 0.637045176977928 0.733038285837617
2  99 240 691 0.637045176977928 0.733038285837617
4 C0 240 689 241 689
4 C0 240 691 242 691
2  135 241 689 0.637045176977928 0.733038285837617
2  135 242 691 0.637045176977928 0.733038285837617
2  135 129 689 0.637045176977928 0.733038285837617
2  135 243 691 0.637045176977928 0.733038285837617
2  2 244 692 0.637045176977928 0.733038285837617
2  96 244 693 0.637045176977928 0.733038285837617
2  2 245 694 0.637045176977928 0.733038285837617
2  99 245 696 0.637045176977928 0.733038285837617
4 C0 245 694 246 694
4 C0 245 696 247 696
2  135 246 694 0.637045176977928 0.733038285837617
2  135 247 696 0.637045176977928 0.733038285837617
2  135 132 694 0.637045176977928 0.733038285837617
2  135 133 696 0.637045176977928 0.733038285837617
2  2 248 697 0.637045176977928 0.733038285837617
2  99 248 699 0.637045176977928 0.733038285837617
4 C0 248 697 249 697
4 C0 248 699 250 699
2  135 249 697 0.637045176977928 0.733038285837617
2  135 250 699 0.637045176977928 0.733038285837617
2  135 135 697 0.637045176977928 0.733038285837617
2  135 136 699 0.637045176977928 0.733038285837617
2  2 251 700 0.637045176977928 0.733038285837617
2  99 251 702 0.637045176977928 0.733038285837617
4 C0 251 700 252 700
4 C0 251 702 253 702
2  135 252 700 0.637045176977928 0.733038285837617
2  135 253 702 0.637045176977928 0.733038285837617
2  135 138 700 0.637045176977928 0.733038285837617
2  135 139 702 0.637045176977928 0.733038285837617
2  2 254 703 0.637045176977928 0.733038285837617
2  99 254 705 0.637045176977928 0.733038285837617
4 C0 254 703 255 703
4 C0 254 705 256 705
2  135 255 703 0.637045176977928 0.733038285837617
2  135 256 705 0.637045176977928 0.733038285837617
2  135 141 703 0.637045176977928 0.733038285837617
2  135 142 705 0.637045176977928 0.733038285837617
2  2 257 706 0.637045176977928 0.733038285837617
2  96 257 707 0.637045176977928 0.733038285837617
2  2 258 708 0.637045176977928 0.733038285837617
2  99 258 710 0.637045176977928 0.733038285837617
4 C0 258 708 259 708
4 C0 258 710 260 710
2  135 259 708 0.637045176977928 0.733038285837617
2  135 260 710 0.637045176977928 0.733038285837617
2  135 145 708 0.637045176977928 0.733038285837617
2  135 261 710 0.637045176977928 0.733038285837617
2  2 262 711 0.637045176977928 0.733038285837617
2  99 262 713 0.637045176977928 0.733038285837617
4 C0 262 711 263 711
4 C0 262 713 264 713
2  135 263 711 0.637045176977928 0.733038285837617
2  135 264 713 0.637045176977928 0.733038285837617
2  135 147 711 0.637045176977928 0.733038285837617
2  135 265 713 0.637045176977928 0.733038285837617
2  2 266 714 0.637045176977928 0.733038285837617
2  99 266 716 0.637045176977928 0.733038285837617
4 C0 266 714 267 714
4 C0 266 716 268 716
2  135 267 714 0.637045176977928 0.733038285837617
2  135 268 716 0.637045176977928 0.733038285837617
2  135 149 714 0.637045176977928 0.733038285837617
2  135 269 716 0.637045176977928 0.733038285837617
2  2 270 717 0.637045176977928 0.733038285837617
2  99 270 718 0.637045176977928 0.733038285837617
4 C0 270 717 271 717
4 C0 270 718 272 718
2  135 271 717 0.637045176977928 0.733038285837617
2  135 272 718 0.637045176977928 0.733038285837617
2  135 151 717 0.637045176977928 0.733038285837617
2  135 156 718 0.637045176977928 0.733038285837617
2  136 273 724 0.637045176977928 0.733038285837617
2  137 274 747 0.637045176977928 0.733038285837617
2  137 274 750 0.637045176977928 0.733038285837617
2  2 275 751 0.637045176977928 0.733038285837617
2  137 274 766 0.637045176977928 0.733038285837617
2  137 274 769 0.637045176977928 0.733038285837617
2  2 276 770 0.637045176977928 0.733038285837617
2  99 277 771 0.637045176977928 0.733038285837617
2  99 278 772 0.637045176977928 0.733038285837617
2  99 279 773 0.637045176977928 0.733038285837617
2  99 280 774 0.637045176977928 0.733038285837617
2  99 281 775 0.637045176977928 0.733038285837617
2  99 282 776 0.637045176977928 0.733038285837617
2  99 283 778 0.637045176977928 0.733038285837617
2  99 284 783 0.637045176977928 0.733038285837617
2  99 285 788 0.637045176977928 0.733038285837617
2  99 286 796 0.637045176977928 0.733038285837617
2  99 287 800 0.637045176977928 0.733038285837617
2  99 288 809 0.637045176977928 0.733038285837617
2  99 289 810 0.637045176977928 0.733038285837617
2  99 290 811 0.637045176977928 0.733038285837617
2  99 291 812 0.637045176977928 0.733038285837617
0

0101000
+82 884 -81 886 *
Ed
 1.0000001e-07 1 1 0
1  60 0 0.846484687217247 0.942477796076935
2  2 157 598 0.846484687217247 0.942477796076935
2  96 157 599 0.846484687217247 0.942477796076935
2  133 59 600 0.846484687217247 0.942477796076935
2  134 158 607 0.846484687217247 0.942477796076935
2  134 158 609 0.846484687217247 0.942477796076935
2  2 159 610 0.846484687217247 0.942477796076935
2  99 159 612 0.846484687217247 0.942477796076935
4 C0 159 610 160 610
4 C0 159 612 161 612
2  135 160 610 0.846484687217247 0.942477796076935
2  135 161 612 0.846484687217247 0.942477796076935
2  135 61 610 0.846484687217247 0.942477796076935
2  135 162 612 0.846484687217247 0.942477796076935
2  2 163 613 0.846484687217247 0.942477796076935
2  99 163 615 0.846484687217247 0.942477796076935
4 C0 163 613 164 613
4 C0 163 615 165 615
2  135 164 613 0.846484687217247 0.942477796076935
2  135 165 615 0.846484687217247 0.942477796076935
2  135 63 613 0.846484687217247 0.942477796076935
2  135 166 615 0.846484687217247 0.942477796076935
2  2 167 616 0.846484687217247 0.942477796076935
2  99 167 618 0.846484687217247 0.942477796076935
4 C0 167 616 168 616
4 C0 167 618 169 618
2  135 168 616 0.846484687217247 0.942477796076935
2  135 169 618 0.846484687217247 0.942477796076935
2  135 65 616 0.846484687217247 0.942477796076935
2  135 170 618 0.846484687217247 0.942477796076935
2  2 171 619 0.846484687217247 0.942477796076935
2  99 171 621 0.846484687217247 0.942477796076935
4 C0 171 619 172 619
4 C0 171 621 173 621
2  135 172 619 0.846484687217247 0.942477796076935
2  135 173 621 0.846484687217247 0.942477796076935
2  135 67 619 0.846484687217247 0.942477796076935
2  135 174 621 0.846484687217247 0.942477796076935
2  2 175 622 0.846484687217247 0.942477796076935
2  99 175 624 0.846484687217247 0.942477796076935
4 C0 175 622 176 622
4 C0 175 624 177 624
2  135 176 622 0.846484687217247 0.942477796076935
2  135 177 624 0.846484687217247 0.942477796076935
2  135 69 622 0.846484687217247 0.942477796076935
2  135 178 624 0.846484687217247 0.942477796076935
2  2 179 625 0.846484687217247 0.942477796076935
2  96 179 626 0.846484687217247 0.942477796076935
2  2 180 627 0.846484687217247 0.942477796076935
2  99 180 629 0.846484687217247 0.942477796076935
4 C0 180 627 181 627
4 C0 180 629 182 629
2  135 181 627 0.846484687217247 0.942477796076935
2  135 182 629 0.846484687217247 0.942477796076935
2  135 72 627 0.846484687217247 0.942477796076935
2  135 73 629 0.846484687217247 0.942477796076935
2  2 183 630 0.846484687217247 0.942477796076935
2  99 183 632 0.846484687217247 0.942477796076935
4 C0 183 630 184 630
4 C0 183 632 185 632
2  135 184 630 0.846484687217247 0.942477796076935
2  135 185 632 0.846484687217247 0.942477796076935
2  135 75 630 0.846484687217247 0.942477796076935
2  135 76 632 0.846484687217247 0.942477796076935
2  2 186 633 0.846484687217247 0.942477796076935
2  99 186 635 0.846484687217247 0.942477796076935
4 C0 186 633 187 633
4 C0 186 635 188 635
2  135 187 633 0.846484687217247 0.942477796076935
2  135 188 635 0.846484687217247 0.942477796076935
2  135 78 633 0.846484687217247 0.942477796076935
2  135 79 635 0.846484687217247 0.942477796076935
2  2 189 636 0.846484687217247 0.942477796076935
2  99 189 638 0.846484687217247 0.942477796076935
4 C0 189 636 190 636
4 C0 189 638 191 638
2  135 190 636 0.846484687217247 0.942477796076935
2  135 191 638 0.846484687217247 0.942477796076935
2  135 81 636 0.846484687217247 0.942477796076935
2  135 82 638 0.846484687217247 0.942477796076935
2  2 192 639 0.846484687217247 0.942477796076935
2  99 192 641 0.846484687217247 0.942477796076935
4 C0 192 639 193 639
4 C0 192 641 194 641
2  135 193 639 0.846484687217247 0.942477796076935
2  135 194 641 0.846484687217247 0.942477796076935
2  135 84 639 0.846484687217247 0.942477796076935
2  135 85 641 0.846484687217247 0.942477796076935
2  2 195 642 0.846484687217247 0.942477796076935
2  96 195 643 0.846484687217247 0.942477796076935
2  2 196 644 0.846484687217247 0.942477796076935
4 C0 196 644 197 644
2  135 197 644 0.846484687217247 0.942477796076935
2  135 88 644 0.846484687217247 0.942477796076935
2  2 198 645 0.846484687217247 0.942477796076935
2  96 198 646 0.846484687217247 0.942477796076935
2  2 199 647 0.846484687217247 0.942477796076935
2  99 199 649 0.846484687217247 0.942477796076935
4 C0 199 647 200 647
4 C0 199 649 201 649
2  135 200 647 0.846484687217247 0.942477796076935
2  135 201 649 0.846484687217247 0.942477796076935
2  135 92 647 0.846484687217247 0.942477796076935
2  135 93 649 0.846484687217247 0.942477796076935
2  2 202 650 0.846484687217247 0.942477796076935
2  96 202 651 0.846484687217247 0.942477796076935
2  2 203 652 0.846484687217247 0.942477796076935
2  99 203 654 0.846484687217247 0.942477796076935
4 C0 203 652 204 652
4 C0 203 654 205 654
2  135 204 652 0.846484687217247 0.942477796076935
2  135 205 654 0.846484687217247 0.942477796076935
2  135 96 652 0.846484687217247 0.942477796076935
2  135 97 654 0.846484687217247 0.942477796076935
2  2 206 655 0.846484687217247 0.942477796076935
2  99 206 657 0.846484687217247 0.942477796076935
4 C0 206 655 207 655
4 C0 206 657 208 657
2  135 207 655 0.846484687217247 0.942477796076935
2  135 208 657 0.846484687217247 0.942477796076935
2  135 99 655 0.846484687217247 0.942477796076935
2  135 100 657 0.846484687217247 0.942477796076935
2  2 209 658 0.846484687217247 0.942477796076935
2  99 209 660 0.846484687217247 0.942477796076935
4 C0 209 658 210 658
4 C0 209 660 211 660
2  135 210 658 0.846484687217247 0.942477796076935
2  135 211 660 0.846484687217247 0.942477796076935
2  135 102 658 0.846484687217247 0.942477796076935
2  135 103 660 0.846484687217247 0.942477796076935
2  2 212 661 0.846484687217247 0.942477796076935
2  99 212 663 0.846484687217247 0.942477796076935
4 C0 212 661 213 661
4 C0 212 663 214 663
2  135 213 661 0.846484687217247 0.942477796076935
2  135 214 663 0.846484687217247 0.942477796076935
2  135 105 661 0.846484687217247 0.942477796076935
2  135 106 663 0.846484687217247 0.942477796076935
2  2 215 664 0.846484687217247 0.942477796076935
2  99 215 666 0.846484687217247 0.942477796076935
4 C0 215 664 216 664
4 C0 215 666 217 666
2  135 216 664 0.846484687217247 0.942477796076935
2  135 217 666 0.846484687217247 0.942477796076935
2  135 108 664 0.846484687217247 0.942477796076935
2  135 109 666 0.846484687217247 0.942477796076935
2  2 218 667 0.846484687217247 0.942477796076935
2  99 218 669 0.846484687217247 0.942477796076935
4 C0 218 667 219 667
4 C0 218 669 220 669
2  135 219 667 0.846484687217247 0.942477796076935
2  135 220 669 0.846484687217247 0.942477796076935
2  135 111 667 0.846484687217247 0.942477796076935
2  135 112 669 0.846484687217247 0.942477796076935
2  2 221 670 0.846484687217247 0.942477796076935
2  99 221 672 0.846484687217247 0.942477796076935
4 C0 221 670 222 670
4 C0 221 672 223 672
2  135 222 670 0.846484687217247 0.942477796076935
2  135 223 672 0.846484687217247 0.942477796076935
2  135 114 670 0.846484687217247 0.942477796076935
2  135 115 672 0.846484687217247 0.942477796076935
2  2 224 673 0.846484687217247 0.942477796076935
2  99 224 675 0.846484687217247 0.942477796076935
4 C0 224 673 225 673
4 C0 224 675 226 675
2  135 225 673 0.846484687217247 0.942477796076935
2  135 226 675 0.846484687217247 0.942477796076935
2  135 117 673 0.846484687217247 0.942477796076935
2  135 118 675 0.846484687217247 0.942477796076935
2  2 227 676 0.846484687217247 0.942477796076935
2  99 227 678 0.846484687217247 0.942477796076935
4 C0 227 676 228 676
4 C0 227 678 229 678
2  135 228 676 0.846484687217247 0.942477796076935
2  135 229 678 0.846484687217247 0.942477796076935
2  135 120 676 0.846484687217247 0.942477796076935
2  135 121 678 0.846484687217247 0.942477796076935
2  2 230 679 0.846484687217247 0.942477796076935
2  96 230 680 0.846484687217247 0.942477796076935
2  2 231 681 0.846484687217247 0.942477796076935
2  99 231 683 0.846484687217247 0.942477796076935
4 C0 231 681 232 681
4 C0 231 683 233 683
2  135 232 681 0.846484687217247 0.942477796076935
2  135 233 683 0.846484687217247 0.942477796076935
2  135 124 681 0.846484687217247 0.942477796076935
2  135 234 683 0.846484687217247 0.942477796076935
2  2 235 684 0.846484687217247 0.942477796076935
2  96 235 685 0.846484687217247 0.942477796076935
2  2 236 686 0.846484687217247 0.942477796076935
2  99 236 688 0.846484687217247 0.942477796076935
4 C0 236 686 237 686
4 C0 236 688 238 688
2  135 237 686 0.846484687217247 0.942477796076935
2  135 238 688 0.846484687217247 0.942477796076935
2  135 127 686 0.846484687217247 0.942477796076935
2  135 239 688 0.846484687217247 0.942477796076935
2  2 240 689 0.846484687217247 0.942477796076935
2  99 240 691 0.846484687217247 0.942477796076935
4 C0 240 689 241 689
4 C0 240 691 242 691
2  135 241 689 0.846484687217247 0.942477796076935
2  135 242 691 0.846484687217247 0.942477796076935
2  135 129 689 0.846484687217247 0.942477796076935
2  135 243 691 0.846484687217247 0.942477796076935
2  2 244 692 0.846484687217247 0.942477796076935
2  96 244 693 0.846484687217247 0.942477796076935
2  2 245 694 0.846484687217247 0.942477796076935
2  99 245 696 0.846484687217247 0.942477796076935
4 C0 245 694 246 694
4 C0 245 696 247 696
2  135 246 694 0.846484687217247 0.942477796076935
2  135 247 696 0.846484687217247 0.942477796076935
2  135 132 694 0.846484687217247 0.942477796076935
2  135 133 696 0.846484687217247 0.942477796076935
2  2 248 697 0.846484687217247 0.942477796076935
2  99 248 699 0.846484687217247 0.942477796076935
4 C0 248 697 249 697
4 C0 248 699 250 699
2  135 249 697 0.846484687217247 0.942477796076935
2  135 250 699 0.846484687217247 0.942477796076935
2  135 135 697 0.846484687217247 0.942477796076935
2  135 136 699 0.846484687217247 0.942477796076935
2  2 251 700 0.846484687217247 0.942477796076935
2  99 251 702 0.846484687217247 0.942477796076935
4 C0 251 700 252 700
4 C0 251 702 253 702
2  135 252 700 0.846484687217247 0.942477796076935
2  135 253 702 0.846484687217247 0.942477796076935
2  135 138 700 0.846484687217247 0.942477796076935
2  135 139 702 0.846484687217247 0.942477796076935
2  2 254 703 0.846484687217247 0.942477796076935
2  99 254 705 0.846484687217247 0.942477796076935
4 C0 254 703 255 703
4 C0 254 705 256 705
2  135 255 703 0.846484687217247 0.942477796076935
2  135 256 705 0.846484687217247 0.942477796076935
2  135 141 703 0.846484687217247 0.942477796076935
2  135 142 705 0.846484687217247 0.942477796076935
2  2 257 706 0.846484687217247 0.942477796076935
2  96 257 707 0.846484687217247 0.942477796076935
2  2 258 708 0.846484687217247 0.942477796076935
2  99 258 710 0.846484687217247 0.942477796076935
4 C0 258 708 259 708
4 C0 258 710 260 710
2  135 259 708 0.846484687217247 0.942477796076935
2  135 260 710 0.846484687217247 0.942477796076935
2  135 145 708 0.846484687217247 0.942477796076935
2  135 261 710 0.846484687217247 0.942477796076935
2  2 262 711 0.846484687217247 0.942477796076935
2  99 262 713 0.846484687217247 0.942477796076935
4 C0 262 711 263 711
4 C0 262 713 264 713
2  135 263 711 0.846484687217247 0.942477796076935
2  135 264 713 0.846484687217247 0.942477796076935
2  135 147 711 0.846484687217247 0.942477796076935
2  135 265 713 0.846484687217247 0.942477796076935
2  2 266 714 0.846484687217247 0.942477796076935
2  99 266 716 0.846484687217247 0.942477796076935
4 C0 266 714 267 714
4 C0 266 716 268 716
2  135 267 714 0.846484687217247 0.942477796076935
2  135 268 716 0.846484687217247 0.942477796076935
2  135 149 714 0.846484687217247 0.942477796076935
2  135 269 716 0.846484687217247 0.942477796076935
2  2 270 717 0.846484687217247 0.942477796076935
2  99 270 718 0.846484687217247 0.942477796076935
4 C0 270 717 271 717
4 C0 270 718 272 718
2  135 271 717 0.846484687217247 0.942477796076935
2  135 272 718 0.846484687217247 0.942477796076935
2  135 151 717 0.846484687217247 0.942477796076935
2  135 156 718 0.846484687217247 0.942477796076935
2  136 273 724 0.846484687217247 0.942477796076935
2  137 274 747 0.846484687217247 0.942477796076935
2  137 274 750 0.846484687217247 0.942477796076935
2  2 275 751 0.846484687217247 0.942477796076935
2  137 274 766 0.846484687217247 0.942477796076935
2  137 274 769 0.846484687217247 0.942477796076935
2  2 276 770 0.846484687217247 0.942477796076935
2  99 277 771 0.846484687217247 0.942477796076935
2  99 278 772 0.846484687217247 0.942477796076935
2  99 279 773 0.846484687217247 0.942477796076935
2  99 280 774 0.846484687217247 0.942477796076935
2  99 281 775 0.846484687217247 0.942477796076935
2  99 282 776 0.846484687217247 0.942477796076935
2  99 283 778 0.846484687217247 0.942477796076935
2  99 284 783 0.846484687217247 0.942477796076935
2  99 285 788 0.846484687217247 0.942477796076935
2  99 286 796 0.846484687217247 0.942477796076935
2  99 287 800 0.846484687217247 0.942477796076935
2  99 288 809 0.846484687217247 0.942477796076935
2  99 289 810 0.846484687217247 0.942477796076935
2  99 290 811 0.846484687217247 0.942477796076935
2  99 291 812 0.846484687217247 0.942477796076935
0

0101000
+82 886 -81 888 *
Ed
 1.0000001e-07 1 1 0
1  60 0 1.05592419745657 1.15191730631626
2  2 157 598 1.05592419745657 1.15191730631626
2  96 157 599 1.05592419745657 1.15191730631626
2  133 59 600 1.05592419745657 1.15191730631626
2  134 158 607 1.05592419745657 1.15191730631626
2  134 158 609 1.05592419745657 1.15191730631626
2  2 159 610 1.05592419745657 1.15191730631626
2  99 159 612 1.05592419745657 1.15191730631626
4 C0 159 610 160 610
4 C0 159 612 161 612
2  135 160 610 1.05592419745657 1.15191730631626
2  135 161 612 1.05592419745657 1.15191730631626
2  135 61 610 1.05592419745657 1.15191730631626
2  135 162 612 1.05592419745657 1.15191730631626
2  2 163 613 1.05592419745657 1.15191730631626
2  99 163 615 1.05592419745657 1.15191730631626
4 C0 163 613 164 613
4 C0 163 615 165 615
2  135 164 613 1.05592419745657 1.15191730631626
2  135 165 615 1.05592419745657 1.15191730631626
2  135 63 613 1.05592419745657 1.15191730631626
2  135 166 615 1.05592419745657 1.15191730631626
2  2 167 616 1.05592419745657 1.15191730631626
2  99 167 618 1.05592419745657 1.15191730631626
4 C0 167 616 168 616
4 C0 167 618 169 618
2  135 168 616 1.05592419745657 1.15191730631626
2  135 169 618 1.05592419745657 1.15191730631626
2  135 65 616 1.05592419745657 1.15191730631626
2  135 170 618 1.05592419745657 1.15191730631626
2  2 171 619 1.05592419745657 1.15191730631626
2  99 171 621 1.05592419745657 1.15191730631626
4 C0 171 619 172 619
4 C0 171 621 173 621
2  135 172 619 1.05592419745657 1.15191730631626
2  135 173 621 1.05592419745657 1.15191730631626
2  135 67 619 1.05592419745657 1.15191730631626
2  135 174 621 1.05592419745657 1.15191730631626
2  2 175 622 1.05592419745657 1.15191730631626
2  99 175 624 1.05592419745657 1.15191730631626
4 C0 175 622 176 622
4 C0 175 624 177 624
2  135 176 622 1.05592419745657 1.15191730631626
2  135 177 624 1.05592419745657 1.15191730631626
2  135 69 622 1.05592419745657 1.15191730631626
2  135 178 624 1.05592419745657 1.15191730631626
2  2 179 625 1.05592419745657 1.15191730631626
2  96 179 626 1.05592419745657 1.15191730631626
2  2 180 627 1.05592419745657 1.15191730631626
2  99 180 629 1.05592419745657 1.15191730631626
4 C0 180 627 181 627
4 C0 180 629 182 629
2  135 181 627 1.05592419745657 1.15191730631626
2  135 182 629 1.05592419745657 1.15191730631626
2  135 72 627 1.05592419745657 1.15191730631626
2  135 73 629 1.05592419745657 1.15191730631626
2  2 183 630 1.05592419745657 1.15191730631626
2  99 183 632 1.05592419745657 1.15191730631626
4 C0 183 630 184 630
4 C0 183 632 185 632
2  135 184 630 1.05592419745657 1.15191730631626
2  135 185 632 1.05592419745657 1.15191730631626
2  135 75 630 1.05592419745657 1.15191730631626
2  135 76 632 1.05592419745657 1.15191730631626
2  2 186 633 1.05592419745657 1.15191730631626
2  99 186 635 1.05592419745657 1.15191730631626
4 C0 186 633 187 633
4 C0 186 635 188 635
2  135 187 633 1.05592419745657 1.15191730631626
2  135 188 635 1.05592419745657 1.15191730631626
2  135 78 633 1.05592419745657 1.15191730631626
2  135 79 635 1.05592419745657 1.15191730631626
2  2 189 636 1.05592419745657 1.15191730631626
2  99 189 638 1.05592419745657 1.15191730631626
4 C0 189 636 190 636
4 C0 189 638 191 638
2  135 190 636 1.05592419745657 1.15191730631626
2  135 191 638 1.05592419745657 1.15191730631626
2  135 81 636 1.05592419745657 1.15191730631626
2  135 82 638 1.05592419745657 1.15191730631626
2  2 192 639 1.05592419745657 1.15191730631626
2  99 192 641 1.05592419745657 1.15191730631626
4 C0 192 639 193 639
4 C0 192 641 194 641
2  135 193 639 1.05592419745657 1.15191730631626
2  135 194 641 1.05592419745657 1.15191730631626
2  135 84 639 1.05592419745657 1.15191730631626
2  135 85 641 1.05592419745657 1.15191730631626
2  2 195 642 1.05592419745657 1.15191730631626
2  96 195 643 1.05592419745657 1.15191730631626
2  2 196 644 1.05592419745657 1.15191730631626
4 C0 196 644 197 644
2  135 197 644 1.05592419745657 1.15191730631626
2  135 88 644 1.05592419745657 1.15191730631626
2  2 198 645 1.05592419745657 1.15191730631626
2  96 198 646 1.05592419745657 1.15191730631626
2  2 199 647 1.05592419745657 1.15191730631626
2  99 199 649 1.05592419745657 1.15191730631626
4 C0 199 647 200 647
4 C0 199 649 201 649
2  135 200 647 1.05592419745657 1.15191730631626
2  135 201 649 1.05592419745657 1.15191730631626
2  135 92 647 1.05592419745657 1.15191730631626
2  135 93 649 1.05592419745657 1.15191730631626
2  2 202 650 1.05592419745657 1.15191730631626
2  96 202 651 1.05592419745657 1.15191730631626
2  2 203 652 1.05592419745657 1.15191730631626
2  99 203 654 1.05592419745657 1.15191730631626
4 C0 203 652 204 652
4 C0 203 654 205 654
2  135 204 652 1.05592419745657 1.15191730631626
2  135 205 654 1.05592419745657 1.15191730631626
2  135 96 652 1.05592419745657 1.15191730631626
2  135 97 654 1.05592419745657 1.15191730631626
2  2 206 655 1.05592419745657 1.15191730631626
2  99 206 657 1.05592419745657 1.15191730631626
4 C0 206 655 207 655
4 C0 206 657 208 657
2  135 207 655 1.05592419745657 1.15191730631626
2  135 208 657 1.05592419745657 1.15191730631626
2  135 99 655 1.05592419745657 1.15191730631626
2  135 100 657 1.05592419745657 1.15191730631626
2  2 209 658 1.05592419745657 1.15191730631626
2  99 209 660 1.05592419745657 1.15191730631626
4 C0 209 658 210 658
4 C0 209 660 211 660
2  135 210 658 1.05592419745657 1.15191730631626
2  135 211 660 1.05592419745657 1.15191730631626
2  135 102 658 1.05592419745657 1.15191730631626
2  135 103 660 1.05592419745657 1.15191730631626
2  2 212 661 1.05592419745657 1.15191730631626
2  99 212 663 1.05592419745657 1.15191730631626
4 C0 212 661 213 661
4 C0 212 663 214 663
2  135 213 661 1.05592419745657 1.15191730631626
2  135 214 663 1.05592419745657 1.15191730631626
2  135 105 661 1.05592419745657 1.15191730631626
2  135 106 663 1.05592419745657 1.15191730631626
2  2 215 664 1.05592419745657 1.15191730631626
2  99 215 666 1.05592419745657 1.15191730631626
4 C0 215 664 216 664
4 C0 215 666 217 666
2  135 216 664 1.05592419745657 1.15191730631626
2  135 217 666 1.05592419745657 1.15191730631626
2  135 108 664 1.05592419745657 1.15191730631626
2  135 109 666 1.05592419745657 1.15191730631626
2  2 218 667 1.05592419745657 1.15191730631626
2  99 218 669 1.05592419745657 1.15191730631626
4 C0 218 667 219 667
4 C0 218 669 220 669
2  135 219 667 1.05592419745657 1.15191730631626
2  135 220 669 1.05592419745657 1.15191730631626
2  135 111 667 1.05592419745657 1.15191730631626
2  135 112 669 1.05592419745657 1.15191730631626
2  2 221 670 1.05592419745657 1.15191730631626
2  99 221 672 1.05592419745657 1.15191730631626
4 C0 221 670 222 670
4 C0 221 672 223 672
2  135 222 670 1.05592419745657 1.15191730631626
2  135 223 672 1.05592419745657 1.15191730631626
2  135 114 670 1.05592419745657 1.15191730631626
2  135 115 672 1.05592419745657 1.15191730631626
2  2 224 673 1.05592419745657 1.15191730631626
2  99 224 675 1.05592419745657 1.15191730631626
4 C0 224 673 225 673
4 C0 224 675 226 675
2  135 225 673 1.05592419745657 1.15191730631626
2  135 226 675 1.05592419745657 1.15191730631626
2  135 117 673 1.05592419745657 1.15191730631626
2  135 118 675 1.05592419745657 1.15191730631626
2  2 227 676 1.05592419745657 1.15191730631626
2  99 227 678 1.05592419745657 1.15191730631626
4 C0 227 676 228 676
4 C0 227 678 229 678
2  135 228 676 1.05592419745657 1.15191730631626
2  135 229 678 1.05592419745657 1.15191730631626
2  135 120 676 1.05592419745657 1.15191730631626
2  135 121 678 1.05592419745657 1.15191730631626
2  2 230 679 1.05592419745657 1.15191730631626
2  96 230 680 1.05592419745657 1.15191730631626
2  2 231 681 1.05592419745657 1.15191730631626
2  99 231 683 1.05592419745657 1.15191730631626
4 C0 231 681 232 681
4 C0 231 683 233 683
2  135 232 681 1.05592419745657 1.15191730631626
2  135 233 683 1.05592419745657 1.15191730631626
2  135 124 681 1.05592419745657 1.15191730631626
2  135 234 683 1.05592419745657 1.15191730631626
2  2 235 684 1.05592419745657 1.15191730631626
2  96 235 685 1.05592419745657 1.15191730631626
2  2 236 686 1.05592419745657 1.15191730631626
2  99 236 688 1.05592419745657 1.15191730631626
4 C0 236 686 237 686
4 C0 236 688 238 688
2  135 237 686 1.05592419745657 1.15191730631626
2  135 238 688 1.05592419745657 1.15191730631626
2  135 127 686 1.05592419745657 1.15191730631626
2  135 239 688 1.05592419745657 1.15191730631626
2  2 240 689 1.05592419745657 1.15191730631626
2  99 240 691 1.05592419745657 1.15191730631626
4 C0 240 689 241 689
4 C0 240 691 242 691
2  135 241 689 1.05592419745657 1.15191730631626
2  135 242 691 1.05592419745657 1.15191730631626
2  135 129 689 1.05592419745657 1.15191730631626
2  135 243 691 1.05592419745657 1.15191730631626
2  2 244 692 1.05592419745657 1.15191730631626
2  96 244 693 1.05592419745657 1.15191730631626
2  2 245 694 1.05592419745657 1.15191730631626
2  99 245 696 1.05592419745657 1.15191730631626
4 C0 245 694 246 694
4 C0 245 696 247 696
2  135 246 694 1.05592419745657 1.15191730631626
2  135 247 696 1.05592419745657 1.15191730631626
2  135 132 694 1.05592419745657 1.15191730631626
2  135 133 696 1.05592419745657 1.15191730631626
2  2 248 697 1.05592419745657 1.15191730631626
2  99 248 699 1.05592419745657 1.15191730631626
4 C0 248 697 249 697
4 C0 248 699 250 699
2  135 249 697 1.05592419745657 1.15191730631626
2  135 250 699 1.05592419745657 1.15191730631626
2  135 135 697 1.05592419745657 1.15191730631626
2  135 136 699 1.05592419745657 1.15191730631626
2  2 251 700 1.05592419745657 1.15191730631626
2  99 251 702 1.05592419745657 1.15191730631626
4 C0 251 700 252 700
4 C0 251 702 253 702
2  135 252 700 1.05592419745657 1.15191730631626
2  135 253 702 1.05592419745657 1.15191730631626
2  135 138 700 1.05592419745657 1.15191730631626
2  135 139 702 1.05592419745657 1.15191730631626
2  2 254 703 1.05592419745657 1.15191730631626
2  99 254 705 1.05592419745657 1.15191730631626
4 C0 254 703 255 703
4 C0 254 705 256 705
2  135 255 703 1.05592419745657 1.15191730631626
2  135 256 705 1.05592419745657 1.15191730631626
2  135 141 703 1.05592419745657 1.15191730631626
2  135 142 705 1.05592419745657 1.15191730631626
2  2 257 706 1.05592419745657 1.15191730631626
2  96 257 707 1.05592419745657 1.15191730631626
2  2 258 708 1.05592419745657 1.15191730631626
2  99 258 710 1.05592419745657 1.15191730631626
4 C0 258 708 259 708
4 C0 258 710 260 710
2  135 259 708 1.05592419745657 1.15191730631626
2  135 260 710 1.05592419745657 1.15191730631626
2  135 145 708 1.05592419745657 1.15191730631626
2  135 261 710 1.05592419745657 1.15191730631626
2  2 262 711 1.05592419745657 1.15191730631626
2  99 262 713 1.05592419745657 1.15191730631626
4 C0 262 711 263 711
4 C0 262 713 264 713
2  135 263 711 1.05592419745657 1.15191730631626
2  135 264 713 1.05592419745657 1.15191730631626
2  135 147 711 1.05592419745657 1.15191730631626
2  135 265 713 1.05592419745657 1.15191730631626
2  2 266 714 1.05592419745657 1.15191730631626
2  99 266 716 1.05592419745657 1.15191730631626
4 C0 266 714 267 714
4 C0 266 716 268 716
2  135 267 714 1.05592419745657 1.15191730631626
2  135 268 716 1.05592419745657 1.15191730631626
2  135 149 714 1.05592419745657 1.15191730631626
2  135 269 716 1.05592419745657 1.15191730631626
2  2 270 717 1.05592419745657 1.15191730631626
2  99 270 718 1.05592419745657 1.15191730631626
4 C0 270 717 271 717
4 C0 270 718 272 718
2  135 271 717 1.05592419745657 1.15191730631626
2  135 272 718 1.05592419745657 1.15191730631626
2  135 151 717 1.05592419745657 1.15191730631626
2  135 156 718 1.05592419745657 1.15191730631626
2  136 273 724 1.05592419745657 1.15191730631626
2  137 274 747 1.05592419745657 1.15191730631626
2  137 274 750 1.05592419745657 1.15191730631626
2  2 275 751 1.05592419745657 1.15191730631626
2  137 274 766 1.05592419745657 1.15191730631626
2  137 274 769 1.05592419745657 1.15191730631626
2  2 276 770 1.05592419745657 1.15191730631626
2  99 277 771 1.05592419745657 1.15191730631626
2  99 278 772 1.05592419745657 1.15191730631626
2  99 279 773 1.05592419745657 1.15191730631626
2  99 280 774 1.05592419745657 1.15191730631626
2  99 281 775 1.05592419745657 1.15191730631626
2  99 282 776 1.05592419745657 1.15191730631626
2  99 283 778 1.05592419745657 1.15191730631626
2  99 284 783 1.05592419745657 1.15191730631626
2  99 285 788 1.05592419745657 1.15191730631626
2  99 286 796 1.05592419745657 1.15191730631626
2  99 287 800 1.05592419745657 1.15191730631626
2  99 288 809 1.05592419745657 1.15191730631626
2  99 289 810 1.05592419745657 1.15191730631626
2  99 290 811 1.05592419745657 1.15191730631626
2  99 291 812 1.05592419745657 1.15191730631626
0

0101000
+82 888 -81 890 *
Ed
 1.0000001e-07 1 1 0
1  60 0 1.26536370769589 1.36135681655557
2  2 157 598 1.26536370769589 1.36135681655557
2  96 157 599 1.26536370769589 1.36135681655557
2  133 59 600 1.26536370769589 1.36135681655557
2  134 158 607 1.26536370769589 1.36135681655557
2  134 158 609 1.26536370769589 1.36135681655557
2  2 159 610 1.26536370769589 1.36135681655557
2  99 159 612 1.26536370769589 1.36135681655557
4 C0 159 610 160 610
4 C0 159 612 161 612
2  135 160 610 1.26536370769589 1.36135681655557
2  135 161 612 1.26536370769589 1.36135681655557
2  135 61 610 1.26536370769589 1.36135681655557
2  135 162 612 1.26536370769589 1.36135681655557
2  2 163 613 1.26536370769589 1.36135681655557
2  99 163 615 1.26536370769589 1.36135681655557
4 C0 163 613 164 613
4 C0 163 615 165 615
2  135 164 613 1.26536370769589 1.36135681655557
2  135 165 615 1.26536370769589 1.36135681655557
2  135 63 613 1.26536370769589 1.36135681655557
2  135 166 615 1.26536370769589 1.36135681655557
2  2 167 616 1.26536370769589 1.36135681655557
2  99 167 618 1.26536370769589 1.36135681655557
4 C0 167 616 168 616
4 C0 167 618 169 618
2  135 168 616 1.26536370769589 1.36135681655557
2  135 169 618 1.26536370769589 1.36135681655557
2  135 65 616 1.26536370769589 1.36135681655557
2  135 170 618 1.26536370769589 1.36135681655557
2  2 171 619 1.26536370769589 1.36135681655557
2  99 171 621 1.26536370769589 1.36135681655557
4 C0 171 619 172 619
4 C0 171 621 173 621
2  135 172 619 1.26536370769589 1.36135681655557
2  135 173 621 1.26536370769589 1.36135681655557
2  135 67 619 1.26536370769589 1.36135681655557
2  135 174 621 1.26536370769589 1.36135681655557
2  2 175 622 1.26536370769589 1.36135681655557
2  99 175 624 1.26536370769589 1.36135681655557
4 C0 175 622 176 622
4 C0 175 624 177 624
2  135 176 622 1.26536370769589 1.36135681655557
2  135 177 624 1.26536370769589 1.36135681655557
2  135 69 622 1.26536370769589 1.36135681655557
2  135 178 624 1.26536370769589 1.36135681655557
2  2 179 625 1.26536370769589 1.36135681655557
2  96 179 626 1.26536370769589 1.36135681655557
2  2 180 627 1.26536370769589 1.36135681655557
2  99 180 629 1.26536370769589 1.36135681655557
4 C0 180 627 181 627
4 C0 180 629 182 629
2  135 181 627 1.26536370769589 1.36135681655557
2  135 182 629 1.26536370769589 1.36135681655557
2  135 72 627 1.26536370769589 1.36135681655557
2  135 73 629 1.26536370769589 1.36135681655557
2  2 183 630 1.26536370769589 1.36135681655557
2  99 183 632 1.26536370769589 1.36135681655557
4 C0 183 630 184 630
4 C0 183 632 185 632
2  135 184 630 1.26536370769589 1.36135681655557
2  135 185 632 1.26536370769589 1.36135681655557
2  135 75 630 1.26536370769589 1.36135681655557
2  135 76 632 1.26536370769589 1.36135681655557
2  2 186 633 1.26536370769589 1.36135681655557
2  99 186 635 1.26536370769589 1.36135681655557
4 C0 186 633 187 633
4 C0 186 635 188 635
2  135 187 633 1.26536370769589 1.36135681655557
2  135 188 635 1.26536370769589 1.36135681655557
2  135 78 633 1.26536370769589 1.36135681655557
2  135 79 635 1.26536370769589 1.36135681655557
2  2 189 636 1.26536370769589 1.36135681655557
2  99 189 638 1.26536370769589 1.36135681655557
4 C0 189 636 190 636
4 C0 189 638 191 638
2  135 190 636 1.26536370769589 1.36135681655557
2  135 191 638 1.26536370769589 1.36135681655557
2  135 81 636 1.26536370769589 1.36135681655557
2  135 82 638 1.26536370769589 1.36135681655557
2  2 192 639 1.26536370769589 1.36135681655557
2  99 192 641 1.26536370769589 1.36135681655557
4 C0 192 639 193 639
4 C0 192 641 194 641
2  135 193 639 1.26536370769589 1.36135681655557
2  135 194 641 1.26536370769589 1.36135681655557
2  135 84 639 1.26536370769589 1.36135681655557
2  135 85 641 1.26536370769589 1.36135681655557
2  2 195 642 1.26536370769589 1.36135681655557
2  96 195 643 1.26536370769589 1.36135681655557
2  2 196 644 1.26536370769589 1.36135681655557
4 C0 196 644 197 644
2  135 197 644 1.26536370769589 1.36135681655557
2  135 88 644 1.26536370769589 1.36135681655557
2  2 198 645 1.26536370769589 1.36135681655557
2  96 198 646 1.26536370769589 1.36135681655557
2  2 199 647 1.26536370769589 1.36135681655557
2  99 199 649 1.26536370769589 1.36135681655557
4 C0 199 647 200 647
4 C0 199 649 201 649
2  135 200 647 1.26536370769589 1.36135681655557
2  135 201 649 1.26536370769589 1.36135681655557
2  135 92 647 1.26536370769589 1.36135681655557
2  135 93 649 1.26536370769589 1.36135681655557
2  2 202 650 1.26536370769589 1.36135681655557
2  96 202 651 1.26536370769589 1.36135681655557
2  2 203 652 1.26536370769589 1.36135681655557
2  99 203 654 1.26536370769589 1.36135681655557
4 C0 203 652 204 652
4 C0 203 654 205 654
2  135 204 652 1.26536370769589 1.36135681655557
2  135 205 654 1.26536370769589 1.36135681655557
2  135 96 652 1.26536370769589 1.36135681655557
2  135 97 654 1.26536370769589 1.36135681655557
2  2 206 655 1.26536370769589 1.36135681655557
2  99 206 657 1.26536370769589 1.36135681655557
4 C0 206 655 207 655
4 C0 206 657 208 657
2  135 207 655 1.26536370769589 1.36135681655557
2  135 208 657 1.26536370769589 1.36135681655557
2  135 99 655 1.26536370769589 1.36135681655557
2  135 100 657 1.26536370769589 1.36135681655557
2  2 209 658 1.26536370769589 1.36135681655557
2  99 209 660 1.26536370769589 1.36135681655557
4 C0 209 658 210 658
4 C0 209 660 211 660
2  135 210 658 1.26536370769589 1.36135681655557
2  135 211 660 1.26536370769589 1.36135681655557
2  135 102 658 1.26536370769589 1.36135681655557
2  135 103 660 1.26536370769589 1.36135681655557
2  2 212 661 1.26536370769589 1.36135681655557
2  99 212 663 1.26536370769589 1.36135681655557
4 C0 212 661 213 661
4 C0 212 663 214 663
2  135 213 661 1.26536370769589 1.36135681655557
2  135 214 663 1.26536370769589 1.36135681655557
2  135 105 661 1.26536370769589 1.36135681655557
2  135 106 663 1.26536370769589 1.36135681655557
2  2 215 664 1.26536370769589 1.36135681655557
2  99 215 666 1.26536370769589 1.36135681655557
4 C0 215 664 216 664
4 C0 215 666 217 666
2  135 216 664 1.26536370769589 1.36135681655557
2  135 217 666 1.26536370769589 1.36135681655557
2  135 108 664 1.26536370769589 1.36135681655557
2  135 109 666 1.26536370769589 1.36135681655557
2  2 218 667 1.26536370769589 1.36135681655557
2  99 218 669 1.26536370769589 1.36135681655557
4 C0 218 667 219 667
4 C0 218 669 220 669
2  135 219 667 1.26536370769589 1.36135681655557
2  135 220 669 1.26536370769589 1.36135681655557
2  135 111 667 1.26536370769589 1.36135681655557
2  135 112 669 1.26536370769589 1.36135681655557
2  2 221 670 1.26536370769589 1.36135681655557
2  99 221 672 1.26536370769589 1.36135681655557
4 C0 221 670 222 670
4 C0 221 672 223 672
2  135 222 670 1.26536370769589 1.36135681655557
2  135 223 672 1.26536370769589 1.36135681655557
2  135 114 670 1.26536370769589 1.36135681655557
2  135 115 672 1.26536370769589 1.36135681655557
2  2 224 673 1.26536370769589 1.36135681655557
2  99 224 675 1.26536370769589 1.36135681655557
4 C0 224 673 225 673
4 C0 224 675 226 675
2  135 225 673 1.26536370769589 1.36135681655557
2  135 226 675 1.26536370769589 1.36135681655557
2  135 117 673 1.26536370769589 1.36135681655557
2  135 118 675 1.26536370769589 1.36135681655557
2  2 227 676 1.26536370769589 1.36135681655557
2  99 227 678 1.26536370769589 1.36135681655557
4 C0 227 676 228 676
4 C0 227 678 229 678
2  135 228 676 1.26536370769589 1.36135681655557
2  135 229 678 1.26536370769589 1.36135681655557
2  135 120 676 1.26536370769589 1.36135681655557
2  135 121 678 1.26536370769589 1.36135681655557
2  2 230 679 1.26536370769589 1.36135681655557
2  96 230 680 1.26536370769589 1.36135681655557
2  2 231 681 1.26536370769589 1.36135681655557
2  99 231 683 1.26536370769589 1.36135681655557
4 C0 231 681 232 681
4 C0 231 683 233 683
2  135 232 681 1.26536370769589 1.36135681655557
2  135 233 683 1.26536370769589 1.36135681655557
2  135 124 681 1.26536370769589 1.36135681655557
2  135 234 683 1.26536370769589 1.36135681655557
2  2 235 684 1.26536370769589 1.36135681655557
2  96 235 685 1.26536370769589 1.36135681655557
2  2 236 686 1.26536370769589 1.36135681655557
2  99 236 688 1.26536370769589 1.36135681655557
4 C0 236 686 237 686
4 C0 236 688 238 688
2  135 237 686 1.26536370769589 1.36135681655557
2  135 238 688 1.26536370769589 1.36135681655557
2  135 127 686 1.26536370769589 1.36135681655557
2  135 239 688 1.26536370769589 1.36135681655557
2  2 240 689 1.26536370769589 1.36135681655557
2  99 240 691 1.26536370769589 1.36135681655557
4 C0 240 689 241 689
4 C0 240 691 242 691
2  135 241 689 1.26536370769589 1.36135681655557
2  135 242 691 1.26536370769589 1.36135681655557
2  135 129 689 1.26536370769589 1.36135681655557
2  135 243 691 1.26536370769589 1.36135681655557
2  2 244 692 1.26536370769589 1.36135681655557
2  96 244 693 1.26536370769589 1.36135681655557
2  2 245 694 1.26536370769589 1.36135681655557
2  99 245 696 1.26536370769589 1.36135681655557
4 C0 245 694 246 694
4 C0 245 696 247 696
2  135 246 694 1.26536370769589 1.36135681655557
2  135 247 696 1.26536370769589 1.36135681655557
2  135 132 694 1.26536370769589 1.36135681655557
2  135 133 696 1.26536370769589 1.36135681655557
2  2 248 697 1.26536370769589 1.36135681655557
2  99 248 699 1.26536370769589 1.36135681655557
4 C0 248 697 249 697
4 C0 248 699 250 699
2  135 249 697 1.26536370769589 1.36135681655557
2  135 250 699 1.26536370769589 1.36135681655557
2  135 135 697 1.26536370769589 1.36135681655557
2  135 136 699 1.26536370769589 1.36135681655557
2  2 251 700 1.26536370769589 1.36135681655557
2  99 251 702 1.26536370769589 1.36135681655557
4 C0 251 700 252 700
4 C0 251 702 253 702
2  135 252 700 1.26536370769589 1.36135681655557
2  135 253 702 1.26536370769589 1.36135681655557
2  135 138 700 1.26536370769589 1.36135681655557
2  135 139 702 1.26536370769589 1.36135681655557
2  2 254 703 1.26536370769589 1.36135681655557
2  99 254 705 1.26536370769589 1.36135681655557
4 C0 254 703 255 703
4 C0 254 705 256 705
2  135 255 703 1.26536370769589 1.36135681655557
2  135 256 705 1.26536370769589 1.36135681655557
2  135 141 703 1.26536370769589 1.36135681655557
2  135 142 705 1.26536370769589 1.36135681655557
2  2 257 706 1.26536370769589 1.36135681655557
2  96 257 707 1.26536370769589 1.36135681655557
2  2 258 708 1.26536370769589 1.36135681655557
2  99 258 710 1.26536370769589 1.36135681655557
4 C0 258 708 259 708
4 C0 258 710 260 710
2  135 259 708 1.26536370769589 1.36135681655557
2  135 260 710 1.26536370769589 1.36135681655557
2  135 145 708 1.26536370769589 1.36135681655557
2  135 261 710 1.26536370769589 1.36135681655557
2  2 262 711 1.26536370769589 1.36135681655557
2  99 262 713 1.26536370769589 1.36135681655557
4 C0 262 711 263 711
4 C0 262 713 264 713
2  135 263 711 1.26536370769589 1.36135681655557
2  135 264 713 1.26536370769589 1.36135681655557
2  135 147 711 1.26536370769589 1.36135681655557
2  135 265 713 1.26536370769589 1.36135681655557
2  2 266 714 1.26536370769589 1.36135681655557
2  99 266 716 1.26536370769589 1.36135681655557
4 C0 266 714 267 714
4 C0 266 716 268 716
2  135 267 714 1.26536370769589 1.36135681655557
2  135 268 716 1.26536370769589 1.36135681655557
2  135 149 714 1.26536370769589 1.36135681655557
2  135 269 716 1.26536370769589 1.36135681655557
2  2 270 717 1.26536370769589 1.36135681655557
2  99 270 718 1.26536370769589 1.36135681655557
4 C0 270 717 271 717
4 C0 270 718 272 718
2  135 271 717 1.26536370769589 1.36135681655557
2  135 272 718 1.26536370769589 1.36135681655557
2  135 151 717 1.26536370769589 1.36135681655557
2  135 156 718 1.26536370769589 1.36135681655557
2  136 273 724 1.26536370769589 1.36135681655557
2  137 274 747 1.26536370769589 1.36135681655557
2  137 274 750 1.26536370769589 1.36135681655557
2  2 275 751 1.26536370769589 1.36135681655557
2  137 274 766 1.26536370769589 1.36135681655557
2  137 274 769 1.26536370769589 1.36135681655557
2  2 276 770 1.26536370769589 1.36135681655557
2  99 277 771 1.26536370769589 1.36135681655557
2  99 278 772 1.26536370769589 1.36135681655557
2  99 279 773 1.26536370769589 1.36135681655557
2  99 280 774 1.26536370769589 1.36135681655557
2  99 281 775 1.26536370769589 1.36135681655557
2  99 282 776 1.26536370769589 1.36135681655557
2  99 283 778 1.26536370769589 1.36135681655557
2  99 284 783 1.26536370769589 1.36135681655557
2  99 285 788 1.26536370769589 1.36135681655557
2  99 286 796 1.26536370769589 1.36135681655557
2  99 287 800 1.26536370769589 1.36135681655557
2  99 288 809 1.26536370769589 1.36135681655557
2  99 289 810 1.26536370769589 1.36135681655557
2  99 290 811 1.26536370769589 1.36135681655557
2  99 291 812 1.26536370769589 1.36135681655557
0

0101000
+82 890 -81 892 *
Ed
 1.0000001e-07 1 1 0
1  60 0 1.47480321793521 1.5707963267949
2  2 157 598 1.47480321793521 1.5707963267949
2  96 157 599 1.47480321793521 1.5707963267949
2  133 59 600 1.47480321793521 1.5707963267949
2  134 158 607 1.47480321793521 1.5707963267949
2  134 158 609 1.47480321793521 1.5707963267949
2  2 159 610 1.47480321793521 1.5707963267949
2  99 159 612 1.47480321793521 1.5707963267949
4 C0 159 610 160 610
4 C0 159 612 161 612
2  135 160 610 1.47480321793521 1.5707963267949
2  135 161 612 1.47480321793521 1.5707963267949
2  135 61 610 1.47480321793521 1.5707963267949
2  135 162 612 1.47480321793521 1.5707963267949
2  2 163 613 1.47480321793521 1.5707963267949
2  99 163 615 1.47480321793521 1.5707963267949
4 C0 163 613 164 613
4 C0 163 615 165 615
2  135 164 613 1.47480321793521 1.5707963267949
2  135 165 615 1.47480321793521 1.5707963267949
2  135 63 613 1.47480321793521 1.5707963267949
2  135 166 615 1.47480321793521 1.5707963267949
2  2 167 616 1.47480321793521 1.5707963267949
2  99 167 618 1.47480321793521 1.5707963267949
4 C0 167 616 168 616
4 C0 167 618 169 618
2  135 168 616 1.47480321793521 1.5707963267949
2  135 169 618 1.47480321793521 1.5707963267949
2  135 65 616 1.47480321793521 1.5707963267949
2  135 170 618 1.47480321793521 1.5707963267949
2  2 171 619 1.47480321793521 1.5707963267949
2  99 171 621 1.47480321793521 1.5707963267949
4 C0 171 619 172 619
4 C0 171 621 173 621
2  135 172 619 1.47480321793521 1.5707963267949
2  135 173 621 1.47480321793521 1.5707963267949
2  135 67 619 1.47480321793521 1.5707963267949
2  135 174 621 1.47480321793521 1.5707963267949
2  2 175 622 1.47480321793521 1.5707963267949
2  99 175 624 1.47480321793521 1.5707963267949
4 C0 175 622 176 622
4 C0 175 624 177 624
2  135 176 622 1.47480321793521 1.5707963267949
2  135 177 624 1.47480321793521 1.5707963267949
2  135 69 622 1.47480321793521 1.5707963267949
2  135 178 624 1.47480321793521 1.5707963267949
2  2 179 625 1.47480321793521 1.5707963267949
2  96 179 626 1.47480321793521 1.5707963267949
2  2 180 627 1.47480321793521 1.5707963267949
2  99 180 629 1.47480321793521 1.5707963267949
4 C0 180 627 181 627
4 C0 180 629 182 629
2  135 181 627 1.47480321793521 1.5707963267949
2  135 182 629 1.47480321793521 1.5707963267949
2  135 72 627 1.47480321793521 1.5707963267949
2  135 73 629 1.47480321793521 1.5707963267949
2  2 183 630 1.47480321793521 1.5707963267949
2  99 183 632 1.47480321793521 1.5707963267949
4 C0 183 630 184 630
4 C0 183 632 185 632
2  135 184 630 1.47480321793521 1.5707963267949
2  135 185 632 1.47480321793521 1.5707963267949
2  135 75 630 1.47480321793521 1.5707963267949
2  135 76 632 1.47480321793521 1.5707963267949
2  2 186 633 1.47480321793521 1.5707963267949
2  99 186 635 1.47480321793521 1.5707963267949
4 C0 186 633 187 633
4 C0 186 635 188 635
2  135 187 633 1.47480321793521 1.5707963267949
2  135 188 635 1.47480321793521 1.5707963267949
2  135 78 633 1.47480321793521 1.5707963267949
2  135 79 635 1.47480321793521 1.5707963267949
2  2 189 636 1.47480321793521 1.5707963267949
2  99 189 638 1.47480321793521 1.5707963267949
4 C0 189 636 190 636
4 C0 189 638 191 638
2  135 190 636 1.47480321793521 1.5707963267949
2  135 191 638 1.47480321793521 1.5707963267949
2  135 81 636 1.47480321793521 1.5707963267949
2  135 82 638 1.47480321793521 1.5707963267949
2  2 192 639 1.47480321793521 1.5707963267949
2  99 192 641 1.47480321793521 1.5707963267949
4 C0 192 639 193 639
4 C0 192 641 194 641
2  135 193 639 1.47480321793521 1.5707963267949
2  135 194 641 1.47480321793521 1.5707963267949
2  135 84 639 1.47480321793521 1.5707963267949
2  135 85 641 1.47480321793521 1.5707963267949
2  2 195 642 1.47480321793521 1.5707963267949
2  96 195 643 1.47480321793521 1.5707963267949
2  2 196 644 1.47480321793521 1.5707963267949
4 C0 196 644 197 644
2  135 197 644 1.47480321793521 1.5707963267949
2  135 88 644 1.47480321793521 1.5707963267949
2  2 198 645 1.47480321793521 1.5707963267949
2  96 198 646 1.47480321793521 1.5707963267949
2  2 199 647 1.47480321793521 1.5707963267949
2  99 199 649 1.47480321793521 1.5707963267949
4 C0 199 647 200 647
4 C0 199 649 201 649
2  135 200 647 1.47480321793521 1.5707963267949
2  135 201 649 1.47480321793521 1.5707963267949
2  135 92 647 1.47480321793521 1.5707963267949
2  135 93 649 1.47480321793521 1.5707963267949
2  2 202 650 1.47480321793521 1.5707963267949
2  96 202 651 1.47480321793521 1.5707963267949
2  2 203 652 1.47480321793521 1.5707963267949
2  99 203 654 1.47480321793521 1.5707963267949
4 C0 203 652 204 652
4 C0 203 654 205 654
2  135 204 652 1.47480321793521 1.5707963267949
2  135 205 654 1.47480321793521 1.5707963267949
2  135 96 652 1.47480321793521 1.5707963267949
2  135 97 654 1.47480321793521 1.5707963267949
2  2 206 655 1.47480321793521 1.5707963267949
2  99 206 657 1.47480321793521 1.5707963267949
4 C0 206 655 207 655
4 C0 206 657 208 657
2  135 207 655 1.47480321793521 1.5707963267949
2  135 208 657 1.47480321793521 1.5707963267949
2  135 99 655 1.47480321793521 1.5707963267949
2  135 100 657 1.47480321793521 1.5707963267949
2  2 209 658 1.47480321793521 1.5707963267949
2  99 209 660 1.47480321793521 1.5707963267949
4 C0 209 658 210 658
4 C0 209 660 211 660
2  135 210 658 1.47480321793521 1.5707963267949
2  135 211 660 1.47480321793521 1.5707963267949
2  135 102 658 1.47480321793521 1.5707963267949
2  135 103 660 1.47480321793521 1.5707963267949
2  2 212 661 1.47480321793521 1.5707963267949
2  99 212 663 1.47480321793521 1.5707963267949
4 C0 212 661 213 661
4 C0 212 663 214 663
2  135 213 661 1.47480321793521 1.5707963267949
2  135 214 663 1.47480321793521 1.5707963267949
2  135 105 661 1.47480321793521 1.5707963267949
2  135 106 663 1.47480321793521 1.5707963267949
2  2 215 664 1.47480321793521 1.5707963267949
2  99 215 666 1.47480321793521 1.5707963267949
4 C0 215 664 216 664
4 C0 215 666 217 666
2  135 216 664 1.47480321793521 1.5707963267949
2  135 217 666 1.47480321793521 1.5707963267949
2  135 108 664 1.47480321793521 1.5707963267949
2  135 109 666 1.47480321793521 1.5707963267949
2  2 218 667 1.47480321793521 1.5707963267949
2  99 218 669 1.47480321793521 1.5707963267949
4 C0 218 667 219 667
4 C0 218 669 220 669
2  135 219 667 1.47480321793521 1.5707963267949
2  135 220 669 1.47480321793521 1.5707963267949
2  135 111 667 1.47480321793521 1.5707963267949
2  135 112 669 1.47480321793521 1.5707963267949
2  2 221 670 1.47480321793521 1.5707963267949
2  99 221 672 1.47480321793521 1.5707963267949
4 C0 221 670 222 670
4 C0 221 672 223 672
2  135 222 670 1.47480321793521 1.5707963267949
2  135 223 672 1.47480321793521 1.5707963267949
2  135 114 670 1.47480321793521 1.5707963267949
2  135 115 672 1.47480321793521 1.5707963267949
2  2 224 673 1.47480321793521 1.5707963267949
2  99 224 675 1.47480321793521 1.5707963267949
4 C0 224 673 225 673
4 C0 224 675 226 675
2  135 225 673 1.47480321793521 1.5707963267949
2  135 226 675 1.47480321793521 1.5707963267949
2  135 117 673 1.47480321793521 1.5707963267949
2  135 118 675 1.47480321793521 1.5707963267949
2  2 227 676 1.47480321793521 1.5707963267949
2  99 227 678 1.47480321793521 1.5707963267949
4 C0 227 676 228 676
4 C0 227 678 229 678
2  135 228 676 1.47480321793521 1.5707963267949
2  135 229 678 1.47480321793521 1.5707963267949
2  135 120 676 1.47480321793521 1.5707963267949
2  135 121 678 1.47480321793521 1.5707963267949
2  2 230 679 1.47480321793521 1.5707963267949
2  96 230 680 1.47480321793521 1.5707963267949
2  2 231 681 1.47480321793521 1.5707963267949
2  99 231 683 1.47480321793521 1.5707963267949
4 C0 231 681 232 681
4 C0 231 683 233 683
2  135 232 681 1.47480321793521 1.5707963267949
2  135 233 683 1.47480321793521 1.5707963267949
2  135 124 681 1.47480321793521 1.5707963267949
2  135 234 683 1.47480321793521 1.5707963267949
2  2 235 684 1.47480321793521 1.5707963267949
2  96 235 685 1.47480321793521 1.5707963267949
2  2 236 686 1.47480321793521 1.5707963267949
2  99 236 688 1.47480321793521 1.5707963267949
4 C0 236 686 237 686
4 C0 236 688 238 688
2  135 237 686 1.47480321793521 1.5707963267949
2  135 238 688 1.47480321793521 1.5707963267949
2  135 127 686 1.47480321793521 1.5707963267949
2  135 239 688 1.47480321793521 1.5707963267949
2  2 240 689 1.47480321793521 1.5707963267949
2  99 240 691 1.47480321793521 1.5707963267949
4 C0 240 689 241 689
4 C0 240 691 242 691
2  135 241 689 1.47480321793521 1.5707963267949
2  135 242 691 1.47480321793521 1.5707963267949
2  135 129 689 1.47480321793521 1.5707963267949
2  135 243 691 1.47480321793521 1.5707963267949
2  2 244 692 1.47480321793521 1.5707963267949
2  96 244 693 1.47480321793521 1.5707963267949
2  2 245 694 1.47480321793521 1.5707963267949
2  99 245 696 1.47480321793521 1.5707963267949
4 C0 245 694 246 694
4 C0 245 696 247 696
2  135 246 694 1.47480321793521 1.5707963267949
2  135 247 696 1.47480321793521 1.5707963267949
2  135 132 694 1.47480321793521 1.5707963267949
2  135 133 696 1.47480321793521 1.5707963267949
2  2 248 697 1.47480321793521 1.5707963267949
2  99 248 699 1.47480321793521 1.5707963267949
4 C0 248 697 249 697
4 C0 248 699 250 699
2  135 249 697 1.47480321793521 1.5707963267949
2  135 250 699 1.47480321793521 1.5707963267949
2  135 135 697 1.47480321793521 1.5707963267949
2  135 136 699 1.47480321793521 1.5707963267949
2  2 251 700 1.47480321793521 1.5707963267949
2  99 251 702 1.47480321793521 1.5707963267949
4 C0 251 700 252 700
4 C0 251 702 253 702
2  135 252 700 1.47480321793521 1.5707963267949
2  135 253 702 1.47480321793521 1.5707963267949
2  135 138 700 1.47480321793521 1.5707963267949
2  135 139 702 1.47480321793521 1.5707963267949
2  2 254 703 1.47480321793521 1.5707963267949
2  99 254 705 1.47480321793521 1.5707963267949
4 C0 254 703 255 703
4 C0 254 705 256 705
2  135 255 703 1.47480321793521 1.5707963267949
2  135 256 705 1.47480321793521 1.5707963267949
2  135 141 703 1.47480321793521 1.5707963267949
2  135 142 705 1.47480321793521 1.5707963267949
2  2 257 706 1.47480321793521 1.5707963267949
2  96 257 707 1.47480321793521 1.5707963267949
2  2 258 708 1.47480321793521 1.5707963267949
2  99 258 710 1.47480321793521 1.5707963267949
4 C0 258 708 259 708
4 C0 258 710 260 710
2  135 259 708 1.47480321793521 1.5707963267949
2  135 260 710 1.47480321793521 1.5707963267949
2  135 145 708 1.47480321793521 1.5707963267949
2  135 261 710 1.47480321793521 1.5707963267949
2  2 262 711 1.47480321793521 1.5707963267949
2  99 262 713 1.47480321793521 1.5707963267949
4 C0 262 711 263 711
4 C0 262 713 264 713
2  135 263 711 1.47480321793521 1.5707963267949
2  135 264 713 1.47480321793521 1.5707963267949
2  135 147 711 1.47480321793521 1.5707963267949
2  135 265 713 1.47480321793521 1.5707963267949
2  2 266 714 1.47480321793521 1.5707963267949
2  99 266 716 1.47480321793521 1.5707963267949
4 C0 266 714 267 714
4 C0 266 716 268 716
2  135 267 714 1.47480321793521 1.5707963267949
2  135 268 716 1.47480321793521 1.5707963267949
2  135 149 714 1.47480321793521 1.5707963267949
2  135 269 716 1.47480321793521 1.5707963267949
2  2 270 717 1.47480321793521 1.5707963267949
2  99 270 718 1.47480321793521 1.5707963267949
4 C0 270 717 271 717
4 C0 270 718 272 718
2  135 271 717 1.47480321793521 1.5707963267949
2  135 272 718 1.47480321793521 1.5707963267949
2  135 151 717 1.47480321793521 1.5707963267949
2  135 156 718 1.47480321793521 1.5707963267949
2  136 273 724 1.47480321793521 1.5707963267949
2  137 274 747 1.47480321793521 1.5707963267949
2  137 274 750 1.47480321793521 1.5707963267949
2  2 275 751 1.47480321793521 1.5707963267949
2  137 274 766 1.47480321793521 1.5707963267949
2  137 274 769 1.47480321793521 1.5707963267949
2  2 276 770 1.47480321793521 1.5707963267949
2  99 277 771 1.47480321793521 1.5707963267949
2  99 278 772 1.47480321793521 1.5707963267949
2  99 279 773 1.47480321793521 1.5707963267949
2  99 280 774 1.47480321793521 1.5707963267949
2  99 281 775 1.47480321793521 1.5707963267949
2  99 282 776 1.47480321793521 1.5707963267949
2  99 283 778 1.47480321793521 1.5707963267949
2  99 284 783 1.47480321793521 1.5707963267949
2  99 285 788 1.47480321793521 1.5707963267949
2  99 286 796 1.47480321793521 1.5707963267949
2  99 287 800 1.47480321793521 1.5707963267949
2  99 288 809 1.47480321793521 1.5707963267949
2  99 289 810 1.47480321793521 1.5707963267949
2  99 290 811 1.47480321793521 1.5707963267949
2  99 291 812 1.47480321793521 1.5707963267949
0

0101000
+82 892 -81 894 *
Ed
 1.0000001e-07 1 1 0
1  60 0 1.68424272817453 1.78023583703422
2  2 157 598 1.68424272817453 1.78023583703422
2  96 157 599 1.68424272817453 1.78023583703422
2  133 59 600 1.68424272817453 1.78023583703422
2  134 158 607 1.68424272817453 1.78023583703422
2  134 158 609 1.68424272817453 1.78023583703422
2  2 159 610 1.68424272817453 1.78023583703422
2  99 159 612 1.68424272817453 1.78023583703422
4 C0 159 610 160 610
4 C0 159 612 161 612
2  135 160 610 1.68424272817453 1.78023583703422
2  135 161 612 1.68424272817453 1.78023583703422
2  135 61 610 1.68424272817453 1.78023583703422
2  135 162 612 1.68424272817453 1.78023583703422
2  2 163 613 1.68424272817453 1.78023583703422
2  99 163 615 1.68424272817453 1.78023583703422
4 C0 163 613 164 613
4 C0 163 615 165 615
2  135 164 613 1.68424272817453 1.78023583703422
2  135 165 615 1.68424272817453 1.78023583703422
2  135 63 613 1.68424272817453 1.78023583703422
2  135 166 615 1.68424272817453 1.78023583703422
2  2 167 616 1.68424272817453 1.78023583703422
2  99 167 618 1.68424272817453 1.78023583703422
4 C0 167 616 168 616
4 C0 167 618 169 618
2  135 168 616 1.68424272817453 1.78023583703422
2  135 169 618 1.68424272817453 1.78023583703422
2  135 65 616 1.68424272817453 1.78023583703422
2  135 170 618 1.68424272817453 1.78023583703422
2  2 171 619 1.68424272817453 1.78023583703422
2  99 171 621 1.68424272817453 1.78023583703422
4 C0 171 619 172 619
4 C0 171 621 173 621
2  135 172 619 1.68424272817453 1.78023583703422
2  135 173 621 1.68424272817453 1.78023583703422
2  135 67 619 1.68424272817453 1.78023583703422
2  135 174 621 1.68424272817453 1.78023583703422
2  2 175 622 1.68424272817453 1.78023583703422
2  99 175 624 1.68424272817453 1.78023583703422
4 C0 175 622 176 622
4 C0 175 624 177 624
2  135 176 622 1.68424272817453 1.78023583703422
2  135 177 624 1.68424272817453 1.78023583703422
2  135 69 622 1.68424272817453 1.78023583703422
2  135 178 624 1.68424272817453 1.78023583703422
2  2 179 625 1.68424272817453 1.78023583703422
2  96 179 626 1.68424272817453 1.78023583703422
2  2 180 627 1.68424272817453 1.78023583703422
2  99 180 629 1.68424272817453 1.78023583703422
4 C0 180 627 181 627
4 C0 180 629 182 629
2  135 181 627 1.68424272817453 1.78023583703422
2  135 182 629 1.68424272817453 1.78023583703422
2  135 72 627 1.68424272817453 1.78023583703422
2  135 73 629 1.68424272817453 1.78023583703422
2  2 183 630 1.68424272817453 1.78023583703422
2  99 183 632 1.68424272817453 1.78023583703422
4 C0 183 630 184 630
4 C0 183 632 185 632
2  135 184 630 1.68424272817453 1.78023583703422
2  135 185 632 1.68424272817453 1.78023583703422
2  135 75 630 1.68424272817453 1.78023583703422
2  135 76 632 1.68424272817453 1.78023583703422
2  2 186 633 1.68424272817453 1.78023583703422
2  99 186 635 1.68424272817453 1.78023583703422
4 C0 186 633 187 633
4 C0 186 635 188 635
2  135 187 633 1.68424272817453 1.78023583703422
2  135 188 635 1.68424272817453 1.78023583703422
2  135 78 633 1.68424272817453 1.78023583703422
2  135 79 635 1.68424272817453 1.78023583703422
2  2 189 636 1.68424272817453 1.78023583703422
2  99 189 638 1.68424272817453 1.78023583703422
4 C0 189 636 190 636
4 C0 189 638 191 638
2  135 190 636 1.68424272817453 1.78023583703422
2  135 191 638 1.68424272817453 1.78023583703422
2  135 81 636 1.68424272817453 1.78023583703422
2  135 82 638 1.68424272817453 1.78023583703422
2  2 192 639 1.68424272817453 1.78023583703422
2  99 192 641 1.68424272817453 1.78023583703422
4 C0 192 639 193 639
4 C0 192 641 194 641
2  135 193 639 1.68424272817453 1.78023583703422
2  135 194 641 1.68424272817453 1.78023583703422
2  135 84 639 1.68424272817453 1.78023583703422
2  135 85 641 1.68424272817453 1.78023583703422
2  2 195 642 1.68424272817453 1.78023583703422
2  96 195 643 1.68424272817453 1.78023583703422
2  2 196 644 1.68424272817453 1.78023583703422
4 C0 196 644 197 644
2  135 197 644 1.68424272817453 1.78023583703422
2  135 88 644 1.68424272817453 1.78023583703422
2  2 198 645 1.68424272817453 1.78023583703422
2  96 198 646 1.68424272817453 1.78023583703422
2  2 199 647 1.68424272817453 1.78023583703422
2  99 199 649 1.68424272817453 1.78023583703422
4 C0 199 647 200 647
4 C0 199 649 201 649
2  135 200 647 1.68424272817453 1.78023583703422
2  135 201 649 1.68424272817453 1.78023583703422
2  135 92 647 1.68424272817453 1.78023583703422
2  135 93 649 1.68424272817453 1.78023583703422
2  2 202 650 1.68424272817453 1.78023583703422
2  96 202 651 1.68424272817453 1.78023583703422
2  2 203 652 1.68424272817453 1.78023583703422
2  99 203 654 1.68424272817453 1.78023583703422
4 C0 203 652 204 652
4 C0 203 654 205 654
2  135 204 652 1.68424272817453 1.78023583703422
2  135 205 654 1.68424272817453 1.78023583703422
2  135 96 652 1.68424272817453 1.78023583703422
2  135 97 654 1.68424272817453 1.78023583703422
2  2 206 655 1.68424272817453 1.78023583703422
2  99 206 657 1.68424272817453 1.78023583703422
4 C0 206 655 207 655
4 C0 206 657 208 657
2  135 207 655 1.68424272817453 1.78023583703422
2  135 208 657 1.68424272817453 1.78023583703422
2  135 99 655 1.68424272817453 1.78023583703422
2  135 100 657 1.68424272817453 1.78023583703422
2  2 209 658 1.68424272817453 1.78023583703422
2  99 209 660 1.68424272817453 1.78023583703422
4 C0 209 658 210 658
4 C0 209 660 211 660
2  135 210 658 1.68424272817453 1.78023583703422
2  135 211 660 1.68424272817453 1.78023583703422
2  135 102 658 1.68424272817453 1.78023583703422
2  135 103 660 1.68424272817453 1.78023583703422
2  2 212 661 1.68424272817453 1.78023583703422
2  99 212 663 1.68424272817453 1.78023583703422
4 C0 212 661 213 661
4 C0 212 663 214 663
2  135 213 661 1.68424272817453 1.78023583703422
2  135 214 663 1.68424272817453 1.78023583703422
2  135 105 661 1.68424272817453 1.78023583703422
2  135 106 663 1.68424272817453 1.78023583703422
2  2 215 664 1.68424272817453 1.78023583703422
2  99 215 666 1.68424272817453 1.78023583703422
4 C0 215 664 216 664
4 C0 215 666 217 666
2  135 216 664 1.68424272817453 1.78023583703422
2  135 217 666 1.68424272817453 1.78023583703422
2  135 108 664 1.68424272817453 1.78023583703422
2  135 109 666 1.68424272817453 1.78023583703422
2  2 218 667 1.68424272817453 1.78023583703422
2  99 218 669 1.68424272817453 1.78023583703422
4 C0 218 667 219 667
4 C0 218 669 220 669
2  135 219 667 1.68424272817453 1.78023583703422
2  135 220 669 1.68424272817453 1.78023583703422
2  135 111 667 1.68424272817453 1.78023583703422
2  135 112 669 1.68424272817453 1.78023583703422
2  2 221 670 1.68424272817453 1.78023583703422
2  99 221 672 1.68424272817453 1.78023583703422
4 C0 221 670 222 670
4 C0 221 672 223 672
2  135 222 670 1.68424272817453 1.78023583703422
2  135 223 672 1.68424272817453 1.78023583703422
2  135 114 670 1.68424272817453 1.78023583703422
2  135 115 672 1.68424272817453 1.78023583703422
2  2 224 673 1.68424272817453 1.78023583703422
2  99 224 675 1.68424272817453 1.78023583703422
4 C0 224 673 225 673
4 C0 224 675 226 675
2  135 225 673 1.68424272817453 1.78023583703422
2  135 226 675 1.68424272817453 1.78023583703422
2  135 117 673 1.68424272817453 1.78023583703422
2  135 118 675 1.68424272817453 1.78023583703422
2  2 227 676 1.68424272817453 1.78023583703422
2  99 227 678 1.68424272817453 1.78023583703422
4 C0 227 676 228 676
4 C0 227 678 229 678
2  135 228 676 1.68424272817453 1.78023583703422
2  135 229 678 1.68424272817453 1.78023583703422
2  135 120 676 1.68424272817453 1.78023583703422
2  135 121 678 1.68424272817453 1.78023583703422
2  2 230 679 1.68424272817453 1.78023583703422
2  96 230 680 1.68424272817453 1.78023583703422
2  2 231 681 1.68424272817453 1.78023583703422
2  99 231 683 1.68424272817453 1.78023583703422
4 C0 231 681 232 681
4 C0 231 683 233 683
2  135 232 681 1.68424272817453 1.78023583703422
2  135 233 683 1.68424272817453 1.78023583703422
2  135 124 681 1.68424272817453 1.78023583703422
2  135 234 683 1.68424272817453 1.78023583703422
2  2 235 684 1.68424272817453 1.78023583703422
2  96 235 685 1.68424272817453 1.78023583703422
2  2 236 686 1.68424272817453 1.78023583703422
2  99 236 688 1.68424272817453 1.78023583703422
4 C0 236 686 237 686
4 C0 236 688 238 688
2  135 237 686 1.68424272817453 1.78023583703422
2  135 238 688 1.68424272817453 1.78023583703422
2  135 127 686 1.68424272817453 1.78023583703422
2  135 239 688 1.68424272817453 1.78023583703422
2  2 240 689 1.68424272817453 1.78023583703422
2  99 240 691 1.68424272817453 1.78023583703422
4 C0 240 689 241 689
4 C0 240 691 242 691
2  135 241 689 1.68424272817453 1.78023583703422
2  135 242 691 1.68424272817453 1.78023583703422
2  135 129 689 1.68424272817453 1.78023583703422
2  135 243 691 1.68424272817453 1.78023583703422
2  2 244 692 1.68424272817453 1.78023583703422
2  96 244 693 1.68424272817453 1.78023583703422
2  2 245 694 1.68424272817453 1.78023583703422
2  99 245 696 1.68424272817453 1.78023583703422
4 C0 245 694 246 694
4 C0 245 696 247 696
2  135 246 694 1.68424272817453 1.78023583703422
2  135 247 696 1.68424272817453 1.78023583703422
2  135 132 694 1.68424272817453 1.78023583703422
2  135 133 696 1.68424272817453 1.78023583703422
2  2 248 697 1.68424272817453 1.78023583703422
2  99 248 699 1.68424272817453 1.78023583703422
4 C0 248 697 249 697
4 C0 248 699 250 699
2  135 249 697 1.68424272817453 1.78023583703422
2  135 250 699 1.68424272817453 1.78023583703422
2  135 135 697 1.68424272817453 1.78023583703422
2  135 136 699 1.68424272817453 1.78023583703422
2  2 251 700 1.68424272817453 1.78023583703422
2  99 251 702 1.68424272817453 1.78023583703422
4 C0 251 700 252 700
4 C0 251 702 253 702
2  135 252 700 1.68424272817453 1.78023583703422
2  135 253 702 1.68424272817453 1.78023583703422
2  135 138 700 1.68424272817453 1.78023583703422
2  135 139 702 1.68424272817453 1.78023583703422
2  2 254 703 1.68424272817453 1.78023583703422
2  99 254 705 1.68424272817453 1.78023583703422
4 C0 254 703 255 703
4 C0 254 705 256 705
2  135 255 703 1.68424272817453 1.78023583703422
2  135 256 705 1.68424272817453 1.78023583703422
2  135 141 703 1.68424272817453 1.78023583703422
2  135 142 705 1.68424272817453 1.78023583703422
2  2 257 706 1.68424272817453 1.78023583703422
2  96 257 707 1.68424272817453 1.78023583703422
2  2 258 708 1.68424272817453 1.78023583703422
2  99 258 710 1.68424272817453 1.78023583703422
4 C0 258 708 259 708
4 C0 258 710 260 710
2  135 259 708 1.68424272817453 1.78023583703422
2  135 260 710 1.68424272817453 1.78023583703422
2  135 145 708 1.68424272817453 1.78023583703422
2  135 261 710 1.68424272817453 1.78023583703422
2  2 262 711 1.68424272817453 1.78023583703422
2  99 262 713 1.68424272817453 1.78023583703422
4 C0 262 711 263 711
4 C0 262 713 264 713
2  135 263 711 1.68424272817453 1.78023583703422
2  135 264 713 1.68424272817453 1.78023583703422
2  135 147 711 1.68424272817453 1.78023583703422
2  135 265 713 1.68424272817453 1.78023583703422
2  2 266 714 1.68424272817453 1.78023583703422
2  99 266 716 1.68424272817453 1.78023583703422
4 C0 266 714 267 714
4 C0 266 716 268 716
2  135 267 714 1.68424272817453 1.78023583703422
2  135 268 716 1.68424272817453 1.78023583703422
2  135 149 714 1.68424272817453 1.78023583703422
2  135 269 716 1.68424272817453 1.78023583703422
2  2 270 717 1.68424272817453 1.78023583703422
2  99 270 718 1.68424272817453 1.78023583703422
4 C0 270 717 271 717
4 C0 270 718 272 718
2  135 271 717 1.68424272817453 1.78023583703422
2  135 272 718 1.68424272817453 1.78023583703422
2  135 151 717 1.68424272817453 1.78023583703422
2  135 156 718 1.68424272817453 1.78023583703422
2  136 273 724 1.68424272817453 1.78023583703422
2  137 274 747 1.68424272817453 1.78023583703422
2  137 274 750 1.68424272817453 1.78023583703422
2  2 275 751 1.68424272817453 1.78023583703422
2  137 274 766 1.68424272817453 1.78023583703422
2  137 274 769 1.68424272817453 1.78023583703422
2  2 276 770 1.68424272817453 1.78023583703422
2  99 277 771 1.68424272817453 1.78023583703422
2  99 278 772 1.68424272817453 1.78023583703422
2  99 279 773 1.68424272817453 1.78023583703422
2  99 280 774 1.68424272817453 1.78023583703422
2  99 281 775 1.68424272817453 1.78023583703422
2  99 282 776 1.68424272817453 1.78023583703422
2  99 283 778 1.68424272817453 1.78023583703422
2  99 284 783 1.68424272817453 1.78023583703422
2  99 285 788 1.68424272817453 1.78023583703422
2  99 286 796 1.68424272817453 1.78023583703422
2  99 287 800 1.68424272817453 1.78023583703422
2  99 288 809 1.68424272817453 1.78023583703422
2  99 289 810 1.68424272817453 1.78023583703422
2  99 290 811 1.68424272817453 1.78023583703422
2  99 291 812 1.68424272817453 1.78023583703422
0

0101000
+82 894 -81 896 *
Ed
 1.0000001e-07 1 1 0
1  60 0 1.89368223841385 1.98967534727353
2  2 157 598 1.89368223841385 1.98967534727353
2  96 157 599 1.89368223841385 1.98967534727353
2  133 59 600 1.89368223841385 1.98967534727353
2  134 158 607 1.89368223841385 1.98967534727353
2  134 158 609 1.89368223841385 1.98967534727353
2  2 159 610 1.89368223841385 1.98967534727353
2  99 159 612 1.89368223841385 1.98967534727353
4 C0 159 610 160 610
4 C0 159 612 161 612
2  135 160 610 1.89368223841385 1.98967534727353
2  135 161 612 1.89368223841385 1.98967534727353
2  135 61 610 1.89368223841385 1.98967534727353
2  135 162 612 1.89368223841385 1.98967534727353
2  2 163 613 1.89368223841385 1.98967534727353
2  99 163 615 1.89368223841385 1.98967534727353
4 C0 163 613 164 613
4 C0 163 615 165 615
2  135 164 613 1.89368223841385 1.98967534727353
2  135 165 615 1.89368223841385 1.98967534727353
2  135 63 613 1.89368223841385 1.98967534727353
2  135 166 615 1.89368223841385 1.98967534727353
2  2 167 616 1.89368223841385 1.98967534727353
2  99 167 618 1.89368223841385 1.98967534727353
4 C0 167 616 168 616
4 C0 167 618 169 618
2  135 168 616 1.89368223841385 1.98967534727353
2  135 169 618 1.89368223841385 1.98967534727353
2  135 65 616 1.89368223841385 1.98967534727353
2  135 170 618 1.89368223841385 1.98967534727353
2  2 171 619 1.89368223841385 1.98967534727353
2  99 171 621 1.89368223841385 1.98967534727353
4 C0 171 619 172 619
4 C0 171 621 173 621
2  135 172 619 1.89368223841385 1.98967534727353
2  135 173 621 1.89368223841385 1.98967534727353
2  135 67 619 1.89368223841385 1.98967534727353
2  135 174 621 1.89368223841385 1.98967534727353
2  2 175 622 1.89368223841385 1.98967534727353
2  99 175 624 1.89368223841385 1.98967534727353
4 C0 175 622 176 622
4 C0 175 624 177 624
2  135 176 622 1.89368223841385 1.98967534727353
2  135 177 624 1.89368223841385 1.98967534727353
2  135 69 622 1.89368223841385 1.98967534727353
2  135 178 624 1.89368223841385 1.98967534727353
2  2 179 625 1.89368223841385 1.98967534727353
2  96 179 626 1.89368223841385 1.98967534727353
2  2 180 627 1.89368223841385 1.98967534727353
2  99 180 629 1.89368223841385 1.98967534727353
4 C0 180 627 181 627
4 C0 180 629 182 629
2  135 181 627 1.89368223841385 1.98967534727353
2  135 182 629 1.89368223841385 1.98967534727353
2  135 72 627 1.89368223841385 1.98967534727353
2  135 73 629 1.89368223841385 1.98967534727353
2  2 183 630 1.89368223841385 1.98967534727353
2  99 183 632 1.89368223841385 1.98967534727353
4 C0 183 630 184 630
4 C0 183 632 185 632
2  135 184 630 1.89368223841385 1.98967534727353
2  135 185 632 1.89368223841385 1.98967534727353
2  135 75 630 1.89368223841385 1.98967534727353
2  135 76 632 1.89368223841385 1.98967534727353
2  2 186 633 1.89368223841385 1.98967534727353
2  99 186 635 1.89368223841385 1.98967534727353
4 C0 186 633 187 633
4 C0 186 635 188 635
2  135 187 633 1.89368223841385 1.98967534727353
2  135 188 635 1.89368223841385 1.98967534727353
2  135 78 633 1.89368223841385 1.98967534727353
2  135 79 635 1.89368223841385 1.98967534727353
2  2 189 636 1.89368223841385 1.98967534727353
2  99 189 638 1.89368223841385 1.98967534727353
4 C0 189 636 190 636
4 C0 189 638 191 638
2  135 190 636 1.89368223841385 1.98967534727353
2  135 191 638 1.89368223841385 1.98967534727353
2  135 81 636 1.89368223841385 1.98967534727353
2  135 82 638 1.89368223841385 1.98967534727353
2  2 192 639 1.89368223841385 1.98967534727353
2  99 192 641 1.89368223841385 1.98967534727353
4 C0 192 639 193 639
4 C0 192 641 194 641
2  135 193 639 1.89368223841385 1.98967534727353
2  135 194 641 1.89368223841385 1.98967534727353
2  135 84 639 1.89368223841385 1.98967534727353
2  135 85 641 1.89368223841385 1.98967534727353
2  2 195 642 1.89368223841385 1.98967534727353
2  96 195 643 1.89368223841385 1.98967534727353
2  2 196 644 1.89368223841385 1.98967534727353
4 C0 196 644 197 644
2  135 197 644 1.89368223841385 1.98967534727353
2  135 88 644 1.89368223841385 1.98967534727353
2  2 198 645 1.89368223841385 1.98967534727353
2  96 198 646 1.89368223841385 1.98967534727353
2  2 199 647 1.89368223841385 1.98967534727353
2  99 199 649 1.89368223841385 1.98967534727353
4 C0 199 647 200 647
4 C0 199 649 201 649
2  135 200 647 1.89368223841385 1.98967534727353
2  135 201 649 1.89368223841385 1.98967534727353
2  135 92 647 1.89368223841385 1.98967534727353
2  135 93 649 1.89368223841385 1.98967534727353
2  2 202 650 1.89368223841385 1.98967534727353
2  96 202 651 1.89368223841385 1.98967534727353
2  2 203 652 1.89368223841385 1.98967534727353
2  99 203 654 1.89368223841385 1.98967534727353
4 C0 203 652 204 652
4 C0 203 654 205 654
2  135 204 652 1.89368223841385 1.98967534727353
2  135 205 654 1.89368223841385 1.98967534727353
2  135 96 652 1.89368223841385 1.98967534727353
2  135 97 654 1.89368223841385 1.98967534727353
2  2 206 655 1.89368223841385 1.98967534727353
2  99 206 657 1.89368223841385 1.98967534727353
4 C0 206 655 207 655
4 C0 206 657 208 657
2  135 207 655 1.89368223841385 1.98967534727353
2  135 208 657 1.89368223841385 1.98967534727353
2  135 99 655 1.89368223841385 1.98967534727353
2  135 100 657 1.89368223841385 1.98967534727353
2  2 209 658 1.89368223841385 1.98967534727353
2  99 209 660 1.89368223841385 1.98967534727353
4 C0 209 658 210 658
4 C0 209 660 211 660
2  135 210 658 1.89368223841385 1.98967534727353
2  135 211 660 1.89368223841385 1.98967534727353
2  135 102 658 1.89368223841385 1.98967534727353
2  135 103 660 1.89368223841385 1.98967534727353
2  2 212 661 1.89368223841385 1.98967534727353
2  99 212 663 1.89368223841385 1.98967534727353
4 C0 212 661 213 661
4 C0 212 663 214 663
2  135 213 661 1.89368223841385 1.98967534727353
2  135 214 663 1.89368223841385 1.98967534727353
2  135 105 661 1.89368223841385 1.98967534727353
2  135 106 663 1.89368223841385 1.98967534727353
2  2 215 664 1.89368223841385 1.98967534727353
2  99 215 666 1.89368223841385 1.98967534727353
4 C0 215 664 216 664
4 C0 215 666 217 666
2  135 216 664 1.89368223841385 1.98967534727353
2  135 217 666 1.89368223841385 1.98967534727353
2  135 108 664 1.89368223841385 1.98967534727353
2  135 109 666 1.89368223841385 1.98967534727353
2  2 218 667 1.89368223841385 1.98967534727353
2  99 218 669 1.89368223841385 1.98967534727353
4 C0 218 667 219 667
4 C0 218 669 220 669
2  135 219 667 1.89368223841385 1.98967534727353
2  135 220 669 1.89368223841385 1.98967534727353
2  135 111 667 1.89368223841385 1.98967534727353
2  135 112 669 1.89368223841385 1.98967534727353
2  2 221 670 1.89368223841385 1.98967534727353
2  99 221 672 1.89368223841385 1.98967534727353
4 C0 221 670 222 670
4 C0 221 672 223 672
2  135 222 670 1.89368223841385 1.98967534727353
2  135 223 672 1.89368223841385 1.98967534727353
2  135 114 670 1.89368223841385 1.98967534727353
2  135 115 672 1.89368223841385 1.98967534727353
2  2 224 673 1.89368223841385 1.98967534727353
2  99 224 675 1.89368223841385 1.98967534727353
4 C0 224 673 225 673
4 C0 224 675 226 675
2  135 225 673 1.89368223841385 1.98967534727353
2  135 226 675 1.89368223841385 1.98967534727353
2  135 117 673 1.89368223841385 1.98967534727353
2  135 118 675 1.89368223841385 1.98967534727353
2  2 227 676 1.89368223841385 1.98967534727353
2  99 227 678 1.89368223841385 1.98967534727353
4 C0 227 676 228 676
4 C0 227 678 229 678
2  135 228 676 1.89368223841385 1.98967534727353
2  135 229 678 1.89368223841385 1.98967534727353
2  135 120 676 1.89368223841385 1.98967534727353
2  135 121 678 1.89368223841385 1.98967534727353
2  2 230 679 1.89368223841385 1.98967534727353
2  96 230 680 1.89368223841385 1.98967534727353
2  2 231 681 1.89368223841385 1.98967534727353
2  99 231 683 1.89368223841385 1.98967534727353
4 C0 231 681 232 681
4 C0 231 683 233 683
2  135 232 681 1.89368223841385 1.98967534727353
2  135 233 683 1.89368223841385 1.98967534727353
2  135 124 681 1.89368223841385 1.98967534727353
2  135 234 683 1.89368223841385 1.98967534727353
2  2 235 684 1.89368223841385 1.98967534727353
2  96 235 685 1.89368223841385 1.98967534727353
2  2 236 686 1.89368223841385 1.98967534727353
2  99 236 688 1.89368223841385 1.98967534727353
4 C0 236 686 237 686
4 C0 236 688 238 688
2  135 237 686 1.89368223841385 1.98967534727353
2  135 238 688 1.89368223841385 1.98967534727353
2  135 127 686 1.89368223841385 1.98967534727353
2  135 239 688 1.89368223841385 1.98967534727353
2  2 240 689 1.89368223841385 1.98967534727353
2  99 240 691 1.89368223841385 1.98967534727353
4 C0 240 689 241 689
4 C0 240 691 242 691
2  135 241 689 1.89368223841385 1.98967534727353
2  135 242 691 1.89368223841385 1.98967534727353
2  135 129 689 1.89368223841385 1.98967534727353
2  135 243 691 1.89368223841385 1.98967534727353
2  2 244 692 1.89368223841385 1.98967534727353
2  96 244 693 1.89368223841385 1.98967534727353
2  2 245 694 1.89368223841385 1.98967534727353
2  99 245 696 1.89368223841385 1.98967534727353
4 C0 245 694 246 694
4 C0 245 696 247 696
2  135 246 694 1.89368223841385 1.98967534727353
2  135 247 696 1.89368223841385 1.98967534727353
2  135 132 694 1.89368223841385 1.98967534727353
2  135 133 696 1.89368223841385 1.98967534727353
2  2 248 697 1.89368223841385 1.98967534727353
2  99 248 699 1.89368223841385 1.98967534727353
4 C0 248 697 249 697
4 C0 248 699 250 699
2  135 249 697 1.89368223841385 1.98967534727353
2  135 250 699 1.89368223841385 1.98967534727353
2  135 135 697 1.89368223841385 1.98967534727353
2  135 136 699 1.89368223841385 1.98967534727353
2  2 251 700 1.89368223841385 1.98967534727353
2  99 251 702 1.89368223841385 1.98967534727353
4 C0 251 700 252 700
4 C0 251 702 253 702
2  135 252 700 1.89368223841385 1.98967534727353
2  135 253 702 1.89368223841385 1.98967534727353
2  135 138 700 1.89368223841385 1.98967534727353
2  135 139 702 1.89368223841385 1.98967534727353
2  2 254 703 1.89368223841385 1.98967534727353
2  99 254 705 1.89368223841385 1.98967534727353
4 C0 254 703 255 703
4 C0 254 705 256 705
2  135 255 703 1.89368223841385 1.98967534727353
2  135 256 705 1.89368223841385 1.98967534727353
2  135 141 703 1.89368223841385 1.98967534727353
2  135 142 705 1.89368223841385 1.98967534727353
2  2 257 706 1.89368223841385 1.98967534727353
2  96 257 707 1.89368223841385 1.98967534727353
2  2 258 708 1.89368223841385 1.98967534727353
2  99 258 710 1.89368223841385 1.98967534727353
4 C0 258 708 259 708
4 C0 258 710 260 710
2  135 259 708 1.89368223841385 1.98967534727353
2  135 260 710 1.89368223841385 1.98967534727353
2  135 145 708 1.89368223841385 1.98967534727353
2  135 261 710 1.89368223841385 1.98967534727353
2  2 262 711 1.89368223841385 1.98967534727353
2  99 262 713 1.89368223841385 1.98967534727353
4 C0 262 711 263 711
4 C0 262 713 264 713
2  135 263 711 1.89368223841385 1.98967534727353
2  135 264 713 1.89368223841385 1.98967534727353
2  135 147 711 1.89368223841385 1.98967534727353
2  135 265 713 1.89368223841385 1.98967534727353
2  2 266 714 1.89368223841385 1.98967534727353
2  99 266 716 1.89368223841385 1.98967534727353
4 C0 266 714 267 714
4 C0 266 716 268 716
2  135 267 714 1.89368223841385 1.98967534727353
2  135 268 716 1.89368223841385 1.98967534727353
2  135 149 714 1.89368223841385 1.98967534727353
2  135 269 716 1.89368223841385 1.98967534727353
2  2 270 717 1.89368223841385 1.98967534727353
2  99 270 718 1.89368223841385 1.98967534727353
4 C0 270 717 271 717
4 C0 270 718 272 718
2  135 271 717 1.89368223841385 1.98967534727353
2  135 272 718 1.89368223841385 1.98967534727353
2  135 151 717 1.89368223841385 1.98967534727353
2  135 156 718 1.89368223841385 1.98967534727353
2  136 273 724 1.89368223841385 1.98967534727353
2  137 274 747 1.89368223841385 1.98967534727353
2  137 274 750 1.89368223841385 1.98967534727353
2  2 275 751 1.89368223841385 1.98967534727353
2  137 274 766 1.89368223841385 1.98967534727353
2  137 274 769 1.89368223841385 1.98967534727353
2  2 276 770 1.89368223841385 1.98967534727353
2  99 277 771 1.89368223841385 1.98967534727353
2  99 278 772 1.89368223841385 1.98967534727353
2  99 279 773 1.89368223841385 1.98967534727353
2  99 280 774 1.89368223841385 1.98967534727353
2  99 281 775 1.89368223841385 1.98967534727353
2  99 282 776 1.89368223841385 1.98967534727353
2  99 283 778 1.89368223841385 1.98967534727353
2  99 284 783 1.89368223841385 1.98967534727353
2  99 285 788 1.89368223841385 1.98967534727353
2  99 286 796 1.89368223841385 1.98967534727353
2  99 287 800 1.89368223841385 1.98967534727353
2  99 288 809 1.89368223841385 1.98967534727353
2  99 289 810 1.89368223841385 1.98967534727353
2  99 290 811 1.89368223841385 1.98967534727353
2  99 291 812 1.89368223841385 1.98967534727353
0

0101000
+82 896 -81 898 *
Ed
 1.0000001e-07 1 1 0
1  60 0 2.10312174865317 2.19911485751285
2  2 157 598 2.10312174865317 2.19911485751285
2  96 157 599 2.10312174865317 2.19911485751285
2  133 59 600 2.10312174865317 2.19911485751285
2  134 158 607 2.10312174865317 2.19911485751285
2  134 158 609 2.10312174865317 2.19911485751285
2  2 159 610 2.10312174865317 2.19911485751285
2  99 159 612 2.10312174865317 2.19911485751285
4 C0 159 610 160 610
4 C0 159 612 161 612
2  135 160 610 2.10312174865317 2.19911485751285
2  135 161 612 2.10312174865317 2.19911485751285
2  135 61 610 2.10312174865317 2.19911485751285
2  135 162 612 2.10312174865317 2.19911485751285
2  2 163 613 2.10312174865317 2.19911485751285
2  99 163 615 2.10312174865317 2.19911485751285
4 C0 163 613 164 613
4 C0 163 615 165 615
2  135 164 613 2.10312174865317 2.19911485751285
2  135 165 615 2.10312174865317 2.19911485751285
2  135 63 613 2.10312174865317 2.19911485751285
2  135 166 615 2.10312174865317 2.19911485751285
2  2 167 616 2.10312174865317 2.19911485751285
2  99 167 618 2.10312174865317 2.19911485751285
4 C0 167 616 168 616
4 C0 167 618 169 618
2  135 168 616 2.10312174865317 2.19911485751285
2  135 169 618 2.10312174865317 2.19911485751285
2  135 65 616 2.10312174865317 2.19911485751285
2  135 170 618 2.10312174865317 2.19911485751285
2  2 171 619 2.10312174865317 2.19911485751285
2  99 171 621 2.10312174865317 2.19911485751285
4 C0 171 619 172 619
4 C0 171 621 173 621
2  135 172 619 2.10312174865317 2.19911485751285
2  135 173 621 2.10312174865317 2.19911485751285
2  135 67 619 2.10312174865317 2.19911485751285
2  135 174 621 2.10312174865317 2.19911485751285
2  2 175 622 2.10312174865317 2.19911485751285
2  99 175 624 2.10312174865317 2.19911485751285
4 C0 175 622 176 622
4 C0 175 624 177 624
2  135 176 622 2.10312174865317 2.19911485751285
2  135 177 624 2.10312174865317 2.19911485751285
2  135 69 622 2.10312174865317 2.19911485751285
2  135 178 624 2.10312174865317 2.19911485751285
2  2 179 625 2.10312174865317 2.19911485751285
2  96 179 626 2.10312174865317 2.19911485751285
2  2 180 627 2.10312174865317 2.19911485751285
2  99 180 629 2.10312174865317 2.19911485751285
4 C0 180 627 181 627
4 C0 180 629 182 629
2  135 181 627 2.10312174865317 2.19911485751285
2  135 182 629 2.10312174865317 2.19911485751285
2  135 72 627 2.10312174865317 2.19911485751285
2  135 73 629 2.10312174865317 2.19911485751285
2  2 183 630 2.10312174865317 2.19911485751285
2  99 183 632 2.10312174865317 2.19911485751285
4 C0 183 630 184 630
4 C0 183 632 185 632
2  135 184 630 2.10312174865317 2.19911485751285
2  135 185 632 2.10312174865317 2.19911485751285
2  135 75 630 2.10312174865317 2.19911485751285
2  135 76 632 2.10312174865317 2.19911485751285
2  2 186 633 2.10312174865317 2.19911485751285
2  99 186 635 2.10312174865317 2.19911485751285
4 C0 186 633 187 633
4 C0 186 635 188 635
2  135 187 633 2.10312174865317 2.19911485751285
2  135 188 635 2.10312174865317 2.19911485751285
2  135 78 633 2.10312174865317 2.19911485751285
2  135 79 635 2.10312174865317 2.19911485751285
2  2 189 636 2.10312174865317 2.19911485751285
2  99 189 638 2.10312174865317 2.19911485751285
4 C0 189 636 190 636
4 C0 189 638 191 638
2  135 190 636 2.10312174865317 2.19911485751285
2  135 191 638 2.10312174865317 2.19911485751285
2  135 81 636 2.10312174865317 2.19911485751285
2  135 82 638 2.10312174865317 2.19911485751285
2  2 192 639 2.10312174865317 2.19911485751285
2  99 192 641 2.10312174865317 2.19911485751285
4 C0 192 639 193 639
4 C0 192 641 194 641
2  135 193 639 2.10312174865317 2.19911485751285
2  135 194 641 2.10312174865317 2.19911485751285
2  135 84 639 2.10312174865317 2.19911485751285
2  135 85 641 2.10312174865317 2.19911485751285
2  2 195 642 2.10312174865317 2.19911485751285
2  96 195 643 2.10312174865317 2.19911485751285
2  2 196 644 2.10312174865317 2.19911485751285
4 C0 196 644 197 644
2  135 197 644 2.10312174865317 2.19911485751285
2  135 88 644 2.10312174865317 2.19911485751285
2  2 198 645 2.10312174865317 2.19911485751285
2  96 198 646 2.10312174865317 2.19911485751285
2  2 199 647 2.10312174865317 2.19911485751285
2  99 199 649 2.10312174865317 2.19911485751285
4 C0 199 647 200 647
4 C0 199 649 201 649
2  135 200 647 2.10312174865317 2.19911485751285
2  135 201 649 2.10312174865317 2.19911485751285
2  135 92 647 2.10312174865317 2.19911485751285
2  135 93 649 2.10312174865317 2.19911485751285
2  2 202 650 2.10312174865317 2.19911485751285
2  96 202 651 2.10312174865317 2.19911485751285
2  2 203 652 2.10312174865317 2.19911485751285
2  99 203 654 2.10312174865317 2.19911485751285
4 C0 203 652 204 652
4 C0 203 654 205 654
2  135 204 652 2.10312174865317 2.19911485751285
2  135 205 654 2.10312174865317 2.19911485751285
2  135 96 652 2.10312174865317 2.19911485751285
2  135 97 654 2.10312174865317 2.19911485751285
2  2 206 655 2.10312174865317 2.19911485751285
2  99 206 657 2.10312174865317 2.19911485751285
4 C0 206 655 207 655
4 C0 206 657 208 657
2  135 207 655 2.10312174865317 2.19911485751285
2  135 208 657 2.10312174865317 2.19911485751285
2  135 99 655 2.10312174865317 2.19911485751285
2  135 100 657 2.10312174865317 2.19911485751285
2  2 209 658 2.10312174865317 2.19911485751285
2  99 209 660 2.10312174865317 2.19911485751285
4 C0 209 658 210 658
4 C0 209 660 211 660
2  135 210 658 2.10312174865317 2.19911485751285
2  135 211 660 2.10312174865317 2.19911485751285
2  135 102 658 2.10312174865317 2.19911485751285
2  135 103 660 2.10312174865317 2.19911485751285
2  2 212 661 2.10312174865317 2.19911485751285
2  99 212 663 2.10312174865317 2.19911485751285
4 C0 212 661 213 661
4 C0 212 663 214 663
2  135 213 661 2.10312174865317 2.19911485751285
2  135 214 663 2.10312174865317 2.19911485751285
2  135 105 661 2.10312174865317 2.19911485751285
2  135 106 663 2.10312174865317 2.19911485751285
2  2 215 664 2.10312174865317 2.19911485751285
2  99 215 666 2.10312174865317 2.19911485751285
4 C0 215 664 216 664
4 C0 215 666 217 666
2  135 216 664 2.10312174865317 2.19911485751285
2  135 217 666 2.10312174865317 2.19911485751285
2  135 108 664 2.10312174865317 2.19911485751285
2  135 109 666 2.10312174865317 2.19911485751285
2  2 218 667 2.10312174865317 2.19911485751285
2  99 218 669 2.10312174865317 2.19911485751285
4 C0 218 667 219 667
4 C0 218 669 220 669
2  135 219 667 2.10312174865317 2.19911485751285
2  135 220 669 2.10312174865317 2.19911485751285
2  135 111 667 2.10312174865317 2.19911485751285
2  135 112 669 2.10312174865317 2.19911485751285
2  2 221 670 2.10312174865317 2.19911485751285
2  99 221 672 2.10312174865317 2.19911485751285
4 C0 221 670 222 670
4 C0 221 672 223 672
2  135 222 670 2.10312174865317 2.19911485751285
2  135 223 672 2.10312174865317 2.19911485751285
2  135 114 670 2.10312174865317 2.19911485751285
2  135 115 672 2.10312174865317 2.19911485751285
2  2 224 673 2.10312174865317 2.19911485751285
2  99 224 675 2.10312174865317 2.19911485751285
4 C0 224 673 225 673
4 C0 224 675 226 675
2  135 225 673 2.10312174865317 2.19911485751285
2  135 226 675 2.10312174865317 2.19911485751285
2  135 117 673 2.10312174865317 2.19911485751285
2  135 118 675 2.10312174865317 2.19911485751285
2  2 227 676 2.10312174865317 2.19911485751285
2  99 227 678 2.10312174865317 2.19911485751285
4 C0 227 676 228 676
4 C0 227 678 229 678
2  135 228 676 2.10312174865317 2.19911485751285
2  135 229 678 2.10312174865317 2.19911485751285
2  135 120 676 2.10312174865317 2.19911485751285
2  135 121 678 2.10312174865317 2.19911485751285
2  2 230 679 2.10312174865317 2.19911485751285
2  96 230 680 2.10312174865317 2.19911485751285
2  2 231 681 2.10312174865317 2.19911485751285
2  99 231 683 2.10312174865317 2.19911485751285
4 C0 231 681 232 681
4 C0 231 683 233 683
2  135 232 681 2.10312174865317 2.19911485751285
2  135 233 683 2.10312174865317 2.19911485751285
2  135 124 681 2.10312174865317 2.19911485751285
2  135 234 683 2.10312174865317 2.19911485751285
2  2 235 684 2.10312174865317 2.19911485751285
2  96 235 685 2.10312174865317 2.19911485751285
2  2 236 686 2.10312174865317 2.19911485751285
2  99 236 688 2.10312174865317 2.19911485751285
4 C0 236 686 237 686
4 C0 236 688 238 688
2  135 237 686 2.10312174865317 2.19911485751285
2  135 238 688 2.10312174865317 2.19911485751285
2  135 127 686 2.10312174865317 2.19911485751285
2  135 239 688 2.10312174865317 2.19911485751285
2  2 240 689 2.10312174865317 2.19911485751285
2  99 240 691 2.10312174865317 2.19911485751285
4 C0 240 689 241 689
4 C0 240 691 242 691
2  135 241 689 2.10312174865317 2.19911485751285
2  135 242 691 2.10312174865317 2.19911485751285
2  135 129 689 2.10312174865317 2.19911485751285
2  135 243 691 2.10312174865317 2.19911485751285
2  2 244 692 2.10312174865317 2.19911485751285
2  96 244 693 2.10312174865317 2.19911485751285
2  2 245 694 2.10312174865317 2.19911485751285
2  99 245 696 2.10312174865317 2.19911485751285
4 C0 245 694 246 694
4 C0 245 696 247 696
2  135 246 694 2.10312174865317 2.19911485751285
2  135 247 696 2.10312174865317 2.19911485751285
2  135 132 694 2.10312174865317 2.19911485751285
2  135 133 696 2.10312174865317 2.19911485751285
2  2 248 697 2.10312174865317 2.19911485751285
2  99 248 699 2.10312174865317 2.19911485751285
4 C0 248 697 249 697
4 C0 248 699 250 699
2  135 249 697 2.10312174865317 2.19911485751285
2  135 250 699 2.10312174865317 2.19911485751285
2  135 135 697 2.10312174865317 2.19911485751285
2  135 136 699 2.10312174865317 2.19911485751285
2  2 251 700 2.10312174865317 2.19911485751285
2  99 251 702 2.10312174865317 2.19911485751285
4 C0 251 700 252 700
4 C0 251 702 253 702
2  135 252 700 2.10312174865317 2.19911485751285
2  135 253 702 2.10312174865317 2.19911485751285
2  135 138 700 2.10312174865317 2.19911485751285
2  135 139 702 2.10312174865317 2.19911485751285
2  2 254 703 2.10312174865317 2.19911485751285
2  99 254 705 2.10312174865317 2.19911485751285
4 C0 254 703 255 703
4 C0 254 705 256 705
2  135 255 703 2.10312174865317 2.19911485751285
2  135 256 705 2.10312174865317 2.19911485751285
2  135 141 703 2.10312174865317 2.19911485751285
2  135 142 705 2.10312174865317 2.19911485751285
2  2 257 706 2.10312174865317 2.19911485751285
2  96 257 707 2.10312174865317 2.19911485751285
2  2 258 708 2.10312174865317 2.19911485751285
2  99 258 710 2.10312174865317 2.19911485751285
4 C0 258 708 259 708
4 C0 258 710 260 710
2  135 259 708 2.10312174865317 2.19911485751285
2  135 260 710 2.10312174865317 2.19911485751285
2  135 145 708 2.10312174865317 2.19911485751285
2  135 261 710 2.10312174865317 2.19911485751285
2  2 262 711 2.10312174865317 2.19911485751285
2  99 262 713 2.10312174865317 2.19911485751285
4 C0 262 711 263 711
4 C0 262 713 264 713
2  135 263 711 2.10312174865317 2.19911485751285
2  135 264 713 2.10312174865317 2.19911485751285
2  135 147 711 2.10312174865317 2.19911485751285
2  135 265 713 2.10312174865317 2.19911485751285
2  2 266 714 2.10312174865317 2.19911485751285
2  99 266 716 2.10312174865317 2.19911485751285
4 C0 266 714 267 714
4 C0 266 716 268 716
2  135 267 714 2.10312174865317 2.19911485751285
2  135 268 716 2.10312174865317 2.19911485751285
2  135 149 714 2.10312174865317 2.19911485751285
2  135 269 716 2.10312174865317 2.19911485751285
2  2 270 717 2.10312174865317 2.19911485751285
2  99 270 718 2.10312174865317 2.19911485751285
4 C0 270 717 271 717
4 C0 270 718 272 718
2  135 271 717 2.10312174865317 2.19911485751285
2  135 272 718 2.10312174865317 2.19911485751285
2  135 151 717 2.10312174865317 2.19911485751285
2  135 156 718 2.10312174865317 2.19911485751285
2  136 273 724 2.10312174865317 2.19911485751285
2  137 274 747 2.10312174865317 2.19911485751285
2  137 274 750 2.10312174865317 2.19911485751285
2  2 275 751 2.10312174865317 2.19911485751285
2  137 274 766 2.10312174865317 2.19911485751285
2  137 274 769 2.10312174865317 2.19911485751285
2  2 276 770 2.10312174865317 2.19911485751285
2  99 277 771 2.10312174865317 2.19911485751285
2  99 278 772 2.10312174865317 2.19911485751285
2  99 279 773 2.10312174865317 2.19911485751285
2  99 280 774 2.10312174865317 2.19911485751285
2  99 281 775 2.10312174865317 2.19911485751285
2  99 282 776 2.10312174865317 2.19911485751285
2  99 283 778 2.10312174865317 2.19911485751285
2  99 284 783 2.10312174865317 2.19911485751285
2  99 285 788 2.10312174865317 2.19911485751285
2  99 286 796 2.10312174865317 2.19911485751285
2  99 287 800 2.10312174865317 2.19911485751285
2  99 288 809 2.10312174865317 2.19911485751285
2  99 289 810 2.10312174865317 2.19911485751285
2  99 290 811 2.10312174865317 2.19911485751285
2  99 291 812 2.10312174865317 2.19911485751285
0

0101000
+82 898 -81 900 *
Ed
 1.0000001e-07 1 1 0
1  60 0 2.31256125889248 2.40855436775217
2  2 157 598 2.31256125889248 2.40855436775217
2  96 157 599 2.31256125889248 2.40855436775217
2  133 59 600 2.31256125889248 2.40855436775217
2  134 158 607 2.31256125889248 2.40855436775217
2  134 158 609 2.31256125889248 2.40855436775217
2  2 159 610 2.31256125889248 2.40855436775217
2  99 159 612 2.31256125889248 2.40855436775217
4 C0 159 610 160 610
4 C0 159 612 161 612
2  135 160 610 2.31256125889248 2.40855436775217
2  135 161 612 2.31256125889248 2.40855436775217
2  135 61 610 2.31256125889248 2.40855436775217
2  135 162 612 2.31256125889248 2.40855436775217
2  2 163 613 2.31256125889248 2.40855436775217
2  99 163 615 2.31256125889248 2.40855436775217
4 C0 163 613 164 613
4 C0 163 615 165 615
2  135 164 613 2.31256125889248 2.40855436775217
2  135 165 615 2.31256125889248 2.40855436775217
2  135 63 613 2.31256125889248 2.40855436775217
2  135 166 615 2.31256125889248 2.40855436775217
2  2 167 616 2.31256125889248 2.40855436775217
2  99 167 618 2.31256125889248 2.40855436775217
4 C0 167 616 168 616
4 C0 167 618 169 618
2  135 168 616 2.31256125889248 2.40855436775217
2  135 169 618 2.31256125889248 2.40855436775217
2  135 65 616 2.31256125889248 2.40855436775217
2  135 170 618 2.31256125889248 2.40855436775217
2  2 171 619 2.31256125889248 2.40855436775217
2  99 171 621 2.31256125889248 2.40855436775217
4 C0 171 619 172 619
4 C0 171 621 173 621
2  135 172 619 2.31256125889248 2.40855436775217
2  135 173 621 2.31256125889248 2.40855436775217
2  135 67 619 2.31256125889248 2.40855436775217
2  135 174 621 2.31256125889248 2.40855436775217
2  2 175 622 2.31256125889248 2.40855436775217
2  99 175 624 2.31256125889248 2.40855436775217
4 C0 175 622 176 622
4 C0 175 624 177 624
2  135 176 622 2.31256125889248 2.40855436775217
2  135 177 624 2.31256125889248 2.40855436775217
2  135 69 622 2.31256125889248 2.40855436775217
2  135 178 624 2.31256125889248 2.40855436775217
2  2 179 625 2.31256125889248 2.40855436775217
2  96 179 626 2.31256125889248 2.40855436775217
2  2 180 627 2.31256125889248 2.40855436775217
2  99 180 629 2.31256125889248 2.40855436775217
4 C0 180 627 181 627
4 C0 180 629 182 629
2  135 181 627 2.31256125889248 2.40855436775217
2  135 182 629 2.31256125889248 2.40855436775217
2  135 72 627 2.31256125889248 2.40855436775217
2  135 73 629 2.31256125889248 2.40855436775217
2  2 183 630 2.31256125889248 2.40855436775217
2  99 183 632 2.31256125889248 2.40855436775217
4 C0 183 630 184 630
4 C0 183 632 185 632
2  135 184 630 2.31256125889248 2.40855436775217
2  135 185 632 2.31256125889248 2.40855436775217
2  135 75 630 2.31256125889248 2.40855436775217
2  135 76 632 2.31256125889248 2.40855436775217
2  2 186 633 2.31256125889248 2.40855436775217
2  99 186 635 2.31256125889248 2.40855436775217
4 C0 186 633 187 633
4 C0 186 635 188 635
2  135 187 633 2.31256125889248 2.40855436775217
2  135 188 635 2.31256125889248 2.40855436775217
2  135 78 633 2.31256125889248 2.40855436775217
2  135 79 635 2.31256125889248 2.40855436775217
2  2 189 636 2.31256125889248 2.40855436775217
2  99 189 638 2.31256125889248 2.40855436775217
4 C0 189 636 190 636
4 C0 189 638 191 638
2  135 190 636 2.31256125889248 2.40855436775217
2  135 191 638 2.31256125889248 2.40855436775217
2  135 81 636 2.31256125889248 2.40855436775217
2  135 82 638 2.31256125889248 2.40855436775217
2  2 192 639 2.31256125889248 2.40855436775217
2  99 192 641 2.31256125889248 2.40855436775217
4 C0 192 639 193 639
4 C0 192 641 194 641
2  135 193 639 2.31256125889248 2.40855436775217
2  135 194 641 2.31256125889248 2.40855436775217
2  135 84 639 2.31256125889248 2.40855436775217
2  135 85 641 2.31256125889248 2.40855436775217
2  2 195 642 2.31256125889248 2.40855436775217
2  96 195 643 2.31256125889248 2.40855436775217
2  2 196 644 2.31256125889248 2.40855436775217
4 C0 196 644 197 644
2  135 197 644 2.31256125889248 2.40855436775217
2  135 88 644 2.31256125889248 2.40855436775217
2  2 198 645 2.31256125889248 2.40855436775217
2  96 198 646 2.31256125889248 2.40855436775217
2  2 199 647 2.31256125889248 2.40855436775217
2  99 199 649 2.31256125889248 2.40855436775217
4 C0 199 647 200 647
4 C0 199 649 201 649
2  135 200 647 2.31256125889248 2.40855436775217
2  135 201 649 2.31256125889248 2.40855436775217
2  135 92 647 2.31256125889248 2.40855436775217
2  135 93 649 2.31256125889248 2.40855436775217
2  2 202 650 2.31256125889248 2.40855436775217
2  96 202 651 2.31256125889248 2.40855436775217
2  2 203 652 2.31256125889248 2.40855436775217
2  99 203 654 2.31256125889248 2.40855436775217
4 C0 203 652 204 652
4 C0 203 654 205 654
2  135 204 652 2.31256125889248 2.40855436775217
2  135 205 654 2.31256125889248 2.40855436775217
2  135 96 652 2.31256125889248 2.40855436775217
2  135 97 654 2.31256125889248 2.40855436775217
2  2 206 655 2.31256125889248 2.40855436775217
2  99 206 657 2.31256125889248 2.40855436775217
4 C0 206 655 207 655
4 C0 206 657 208 657
2  135 207 655 2.31256125889248 2.40855436775217
2  135 208 657 2.31256125889248 2.40855436775217
2  135 99 655 2.31256125889248 2.40855436775217
2  135 100 657 2.31256125889248 2.40855436775217
2  2 209 658 2.31256125889248 2.40855436775217
2  99 209 660 2.31256125889248 2.40855436775217
4 C0 209 658 210 658
4 C0 209 660 211 660
2  135 210 658 2.31256125889248 2.40855436775217
2  135 211 660 2.31256125889248 2.40855436775217
2  135 102 658 2.31256125889248 2.40855436775217
2  135 103 660 2.31256125889248 2.40855436775217
2  2 212 661 2.31256125889248 2.40855436775217
2  99 212 663 2.31256125889248 2.40855436775217
4 C0 212 661 213 661
4 C0 212 663 214 663
2  135 213 661 2.31256125889248 2.40855436775217
2  135 214 663 2.31256125889248 2.40855436775217
2  135 105 661 2.31256125889248 2.40855436775217
2  135 106 663 2.31256125889248 2.40855436775217
2  2 215 664 2.31256125889248 2.40855436775217
2  99 215 666 2.31256125889248 2.40855436775217
4 C0 215 664 216 664
4 C0 215 666 217 666
2  135 216 664 2.31256125889248 2.40855436775217
2  135 217 666 2.31256125889248 2.40855436775217
2  135 108 664 2.31256125889248 2.40855436775217
2  135 109 666 2.31256125889248 2.40855436775217
2  2 218 667 2.31256125889248 2.40855436775217
2  99 218 669 2.31256125889248 2.40855436775217
4 C0 218 667 219 667
4 C0 218 669 220 669
2  135 219 667 2.31256125889248 2.40855436775217
2  135 220 669 2.31256125889248 2.40855436775217
2  135 111 667 2.31256125889248 2.40855436775217
2  135 112 669 2.31256125889248 2.40855436775217
2  2 221 670 2.31256125889248 2.40855436775217
2  99 221 672 2.31256125889248 2.40855436775217
4 C0 221 670 222 670
4 C0 221 672 223 672
2  135 222 670 2.31256125889248 2.40855436775217
2  135 223 672 2.31256125889248 2.40855436775217
2  135 114 670 2.31256125889248 2.40855436775217
2  135 115 672 2.31256125889248 2.40855436775217
2  2 224 673 2.31256125889248 2.40855436775217
2  99 224 675 2.31256125889248 2.40855436775217
4 C0 224 673 225 673
4 C0 224 675 226 675
2  135 225 673 2.31256125889248 2.40855436775217
2  135 226 675 2.31256125889248 2.40855436775217
2  135 117 673 2.31256125889248 2.40855436775217
2  135 118 675 2.31256125889248 2.40855436775217
2  2 227 676 2.31256125889248 2.40855436775217
2  99 227 678 2.31256125889248 2.40855436775217
4 C0 227 676 228 676
4 C0 227 678 229 678
2  135 228 676 2.31256125889248 2.40855436775217
2  135 229 678 2.31256125889248 2.40855436775217
2  135 120 676 2.31256125889248 2.40855436775217
2  135 121 678 2.31256125889248 2.40855436775217
2  2 230 679 2.31256125889248 2.40855436775217
2  96 230 680 2.31256125889248 2.40855436775217
2  2 231 681 2.31256125889248 2.40855436775217
2  99 231 683 2.31256125889248 2.40855436775217
4 C0 231 681 232 681
4 C0 231 683 233 683
2  135 232 681 2.31256125889248 2.40855436775217
2  135 233 683 2.31256125889248 2.40855436775217
2  135 124 681 2.31256125889248 2.40855436775217
2  135 234 683 2.31256125889248 2.40855436775217
2  2 235 684 2.31256125889248 2.40855436775217
2  96 235 685 2.31256125889248 2.40855436775217
2  2 236 686 2.31256125889248 2.40855436775217
2  99 236 688 2.31256125889248 2.40855436775217
4 C0 236 686 237 686
4 C0 236 688 238 688
2  135 237 686 2.31256125889248 2.40855436775217
2  135 238 688 2.31256125889248 2.40855436775217
2  135 127 686 2.31256125889248 2.40855436775217
2  135 239 688 2.31256125889248 2.40855436775217
2  2 240 689 2.31256125889248 2.40855436775217
2  99 240 691 2.31256125889248 2.40855436775217
4 C0 240 689 241 689
4 C0 240 691 242 691
2  135 241 689 2.31256125889248 2.40855436775217
2  135 242 691 2.31256125889248 2.40855436775217
2  135 129 689 2.31256125889248 2.40855436775217
2  135 243 691 2.31256125889248 2.40855436775217
2  2 244 692 2.31256125889248 2.40855436775217
2  96 244 693 2.31256125889248 2.40855436775217
2  2 245 694 2.31256125889248 2.40855436775217
2  99 245 696 2.31256125889248 2.40855436775217
4 C0 245 694 246 694
4 C0 245 696 247 696
2  135 246 694 2.31256125889248 2.40855436775217
2  135 247 696 2.31256125889248 2.40855436775217
2  135 132 694 2.31256125889248 2.40855436775217
2  135 133 696 2.31256125889248 2.40855436775217
2  2 248 697 2.31256125889248 2.40855436775217
2  99 248 699 2.31256125889248 2.40855436775217
4 C0 248 697 249 697
4 C0 248 699 250 699
2  135 249 697 2.31256125889248 2.40855436775217
2  135 250 699 2.31256125889248 2.40855436775217
2  135 135 697 2.31256125889248 2.40855436775217
2  135 136 699 2.31256125889248 2.40855436775217
2  2 251 700 2.31256125889248 2.40855436775217
2  99 251 702 2.31256125889248 2.40855436775217
4 C0 251 700 252 700
4 C0 251 702 253 702
2  135 252 700 2.31256125889248 2.40855436775217
2  135 253 702 2.31256125889248 2.40855436775217
2  135 138 700 2.31256125889248 2.40855436775217
2  135 139 702 2.31256125889248 2.40855436775217
2  2 254 703 2.31256125889248 2.40855436775217
2  99 254 705 2.31256125889248 2.40855436775217
4 C0 254 703 255 703
4 C0 254 705 256 705
2  135 255 703 2.31256125889248 2.40855436775217
2  135 256 705 2.31256125889248 2.40855436775217
2  135 141 703 2.31256125889248 2.40855436775217
2  135 142 705 2.31256125889248 2.40855436775217
2  2 257 706 2.31256125889248 2.40855436775217
2  96 257 707 2.31256125889248 2.40855436775217
2  2 258 708 2.31256125889248 2.40855436775217
2  99 258 710 2.31256125889248 2.40855436775217
4 C0 258 708 259 708
4 C0 258 710 260 710
2  135 259 708 2.31256125889248 2.40855436775217
2  135 260 710 2.31256125889248 2.40855436775217
2  135 145 708 2.31256125889248 2.40855436775217
2  135 261 710 2.31256125889248 2.40855436775217
2  2 262 711 2.31256125889248 2.40855436775217
2  99 262 713 2.31256125889248 2.40855436775217
4 C0 262 711 263 711
4 C0 262 713 264 713
2  135 263 711 2.31256125889248 2.40855436775217
2  135 264 713 2.31256125889248 2.40855436775217
2  135 147 711 2.31256125889248 2.40855436775217
2  135 265 713 2.31256125889248 2.40855436775217
2  2 266 714 2.31256125889248 2.40855436775217
2  99 266 716 2.31256125889248 2.40855436775217
4 C0 266 714 267 714
4 C0 266 716 268 716
2  135 267 714 2.31256125889248 2.40855436775217
2  135 268 716 2.31256125889248 2.40855436775217
2  135 149 714 2.31256125889248 2.40855436775217
2  135 269 716 2.31256125889248 2.40855436775217
2  2 270 717 2.31256125889248 2.40855436775217
2  99 270 718 2.31256125889248 2.40855436775217
4 C0 270 717 271 717
4 C0 270 718 272 718
2  135 271 717 2.31256125889248 2.40855436775217
2  135 272 718 2.31256125889248 2.40855436775217
2  135 151 717 2.31256125889248 2.40855436775217
2  135 156 718 2.31256125889248 2.40855436775217
2  136 273 724 2.31256125889248 2.40855436775217
2  137 274 747 2.31256125889248 2.40855436775217
2  137 274 750 2.31256125889248 2.40855436775217
2  2 275 751 2.31256125889248 2.40855436775217
2  137 274 766 2.31256125889248 2.40855436775217
2  137 274 769 2.31256125889248 2.40855436775217
2  2 276 770 2.31256125889248 2.40855436775217
2  99 277 771 2.31256125889248 2.40855436775217
2  99 278 772 2.31256125889248 2.40855436775217
2  99 279 773 2.31256125889248 2.40855436775217
2  99 280 774 2.31256125889248 2.40855436775217
2  99 281 775 2.31256125889248 2.40855436775217
2  99 282 776 2.31256125889248 2.40855436775217
2  99 283 778 2.31256125889248 2.40855436775217
2  99 284 783 2.31256125889248 2.40855436775217
2  99 285 788 2.31256125889248 2.40855436775217
2  99 286 796 2.31256125889248 2.40855436775217
2  99 287 800 2.31256125889248 2.40855436775217
2  99 288 809 2.31256125889248 2.40855436775217
2  99 289 810 2.31256125889248 2.40855436775217
2  99 290 811 2.31256125889248 2.40855436775217
2  99 291 812 2.31256125889248 2.40855436775217
0

0101000
+82 900 -81 902 *
Ed
 1.0000001e-07 1 1 0
1  60 0 2.5220007691318 2.61799387799149
2  2 157 598 2.5220007691318 2.61799387799149
2  96 157 599 2.5220007691318 2.61799387799149
2  133 59 600 2.5220007691318 2.61799387799149
2  134 158 607 2.5220007691318 2.61799387799149
2  134 158 609 2.5220007691318 2.61799387799149
2  2 159 610 2.5220007691318 2.61799387799149
2  99 159 612 2.5220007691318 2.61799387799149
4 C0 159 610 160 610
4 C0 159 612 161 612
2  135 160 610 2.5220007691318 2.61799387799149
2  135 161 612 2.5220007691318 2.61799387799149
2  135 61 610 2.5220007691318 2.61799387799149
2  135 162 612 2.5220007691318 2.61799387799149
2  2 163 613 2.5220007691318 2.61799387799149
2  99 163 615 2.5220007691318 2.61799387799149
4 C0 163 613 164 613
4 C0 163 615 165 615
2  135 164 613 2.5220007691318 2.61799387799149
2  135 165 615 2.5220007691318 2.61799387799149
2  135 63 613 2.5220007691318 2.61799387799149
2  135 166 615 2.5220007691318 2.61799387799149
2  2 167 616 2.5220007691318 2.61799387799149
2  99 167 618 2.5220007691318 2.61799387799149
4 C0 167 616 168 616
4 C0 167 618 169 618
2  135 168 616 2.5220007691318 2.61799387799149
2  135 169 618 2.5220007691318 2.61799387799149
2  135 65 616 2.5220007691318 2.61799387799149
2  135 170 618 2.5220007691318 2.61799387799149
2  2 171 619 2.5220007691318 2.61799387799149
2  99 171 621 2.5220007691318 2.61799387799149
4 C0 171 619 172 619
4 C0 171 621 173 621
2  135 172 619 2.5220007691318 2.61799387799149
2  135 173 621 2.5220007691318 2.61799387799149
2  135 67 619 2.5220007691318 2.61799387799149
2  135 174 621 2.5220007691318 2.61799387799149
2  2 175 622 2.5220007691318 2.61799387799149
2  99 175 624 2.5220007691318 2.61799387799149
4 C0 175 622 176 622
4 C0 175 624 177 624
2  135 176 622 2.5220007691318 2.61799387799149
2  135 177 624 2.5220007691318 2.61799387799149
2  135 69 622 2.5220007691318 2.61799387799149
2  135 178 624 2.5220007691318 2.61799387799149
2  2 179 625 2.5220007691318 2.61799387799149
2  96 179 626 2.5220007691318 2.61799387799149
2  2 180 627 2.5220007691318 2.61799387799149
2  99 180 629 2.5220007691318 2.61799387799149
4 C0 180 627 181 627
4 C0 180 629 182 629
2  135 181 627 2.5220007691318 2.61799387799149
2  135 182 629 2.5220007691318 2.61799387799149
2  135 72 627 2.5220007691318 2.61799387799149
2  135 73 629 2.5220007691318 2.61799387799149
2  2 183 630 2.5220007691318 2.61799387799149
2  99 183 632 2.5220007691318 2.61799387799149
4 C0 183 630 184 630
4 C0 183 632 185 632
2  135 184 630 2.5220007691318 2.61799387799149
2  135 185 632 2.5220007691318 2.61799387799149
2  135 75 630 2.5220007691318 2.61799387799149
2  135 76 632 2.5220007691318 2.61799387799149
2  2 186 633 2.5220007691318 2.61799387799149
2  99 186 635 2.5220007691318 2.61799387799149
4 C0 186 633 187 633
4 C0 186 635 188 635
2  135 187 633 2.5220007691318 2.61799387799149
2  135 188 635 2.5220007691318 2.61799387799149
2  135 78 633 2.5220007691318 2.61799387799149
2  135 79 635 2.5220007691318 2.61799387799149
2  2 189 636 2.5220007691318 2.61799387799149
2  99 189 638 2.5220007691318 2.61799387799149
4 C0 189 636 190 636
4 C0 189 638 191 638
2  135 190 636 2.5220007691318 2.61799387799149
2  135 191 638 2.5220007691318 2.61799387799149
2  135 81 636 2.5220007691318 2.61799387799149
2  135 82 638 2.5220007691318 2.61799387799149
2  2 192 639 2.5220007691318 2.61799387799149
2  99 192 641 2.5220007691318 2.61799387799149
4 C0 192 639 193 639
4 C0 192 641 194 641
2  135 193 639 2.5220007691318 2.61799387799149
2  135 194 641 2.5220007691318 2.61799387799149
2  135 84 639 2.5220007691318 2.61799387799149
2  135 85 641 2.5220007691318 2.61799387799149
2  2 195 642 2.5220007691318 2.61799387799149
2  96 195 643 2.5220007691318 2.61799387799149
2  2 196 644 2.5220007691318 2.61799387799149
4 C0 196 644 197 644
2  135 197 644 2.5220007691318 2.61799387799149
2  135 88 644 2.5220007691318 2.61799387799149
2  2 198 645 2.5220007691318 2.61799387799149
2  96 198 646 2.5220007691318 2.61799387799149
2  2 199 647 2.5220007691318 2.61799387799149
2  99 199 649 2.5220007691318 2.61799387799149
4 C0 199 647 200 647
4 C0 199 649 201 649
2  135 200 647 2.5220007691318 2.61799387799149
2  135 201 649 2.5220007691318 2.61799387799149
2  135 92 647 2.5220007691318 2.61799387799149
2  135 93 649 2.5220007691318 2.61799387799149
2  2 202 650 2.5220007691318 2.61799387799149
2  96 202 651 2.5220007691318 2.61799387799149
2  2 203 652 2.5220007691318 2.61799387799149
2  99 203 654 2.5220007691318 2.61799387799149
4 C0 203 652 204 652
4 C0 203 654 205 654
2  135 204 652 2.5220007691318 2.61799387799149
2  135 205 654 2.5220007691318 2.61799387799149
2  135 96 652 2.5220007691318 2.61799387799149
2  135 97 654 2.5220007691318 2.61799387799149
2  2 206 655 2.5220007691318 2.61799387799149
2  99 206 657 2.5220007691318 2.61799387799149
4 C0 206 655 207 655
4 C0 206 657 208 657
2  135 207 655 2.5220007691318 2.61799387799149
2  135 208 657 2.5220007691318 2.61799387799149
2  135 99 655 2.5220007691318 2.61799387799149
2  135 100 657 2.5220007691318 2.61799387799149
2  2 209 658 2.5220007691318 2.61799387799149
2  99 209 660 2.5220007691318 2.61799387799149
4 C0 209 658 210 658
4 C0 209 660 211 660
2  135 210 658 2.5220007691318 2.61799387799149
2  135 211 660 2.5220007691318 2.61799387799149
2  135 102 658 2.5220007691318 2.61799387799149
2  135 103 660 2.5220007691318 2.61799387799149
2  2 212 661 2.5220007691318 2.61799387799149
2  99 212 663 2.5220007691318 2.61799387799149
4 C0 212 661 213 661
4 C0 212 663 214 663
2  135 213 661 2.5220007691318 2.61799387799149
2  135 214 663 2.5220007691318 2.61799387799149
2  135 105 661 2.5220007691318 2.61799387799149
2  135 106 663 2.5220007691318 2.61799387799149
2  2 215 664 2.5220007691318 2.61799387799149
2  99 215 666 2.5220007691318 2.61799387799149
4 C0 215 664 216 664
4 C0 215 666 217 666
2  135 216 664 2.5220007691318 2.61799387799149
2  135 217 666 2.5220007691318 2.61799387799149
2  135 108 664 2.5220007691318 2.61799387799149
2  135 109 666 2.5220007691318 2.61799387799149
2  2 218 667 2.5220007691318 2.61799387799149
2  99 218 669 2.5220007691318 2.61799387799149
4 C0 218 667 219 667
4 C0 218 669 220 669
2  135 219 667 2.5220007691318 2.61799387799149
2  135 220 669 2.5220007691318 2.61799387799149
2  135 111 667 2.5220007691318 2.61799387799149
2  135 112 669 2.5220007691318 2.61799387799149
2  2 221 670 2.5220007691318 2.61799387799149
2  99 221 672 2.5220007691318 2.61799387799149
4 C0 221 670 222 670
4 C0 221 672 223 672
2  135 222 670 2.5220007691318 2.61799387799149
2  135 223 672 2.5220007691318 2.61799387799149
2  135 114 670 2.5220007691318 2.61799387799149
2  135 115 672 2.5220007691318 2.61799387799149
2  2 224 673 2.5220007691318 2.61799387799149
2  99 224 675 2.5220007691318 2.61799387799149
4 C0 224 673 225 673
4 C0 224 675 226 675
2  135 225 673 2.5220007691318 2.61799387799149
2  135 226 675 2.5220007691318 2.61799387799149
2  135 117 673 2.5220007691318 2.61799387799149
2  135 118 675 2.5220007691318 2.61799387799149
2  2 227 676 2.5220007691318 2.61799387799149
2  99 227 678 2.5220007691318 2.61799387799149
4 C0 227 676 228 676
4 C0 227 678 229 678
2  135 228 676 2.5220007691318 2.61799387799149
2  135 229 678 2.5220007691318 2.61799387799149
2  135 120 676 2.5220007691318 2.61799387799149
2  135 121 678 2.5220007691318 2.61799387799149
2  2 230 679 2.5220007691318 2.61799387799149
2  96 230 680 2.5220007691318 2.61799387799149
2  2 231 681 2.5220007691318 2.61799387799149
2  99 231 683 2.5220007691318 2.61799387799149
4 C0 231 681 232 681
4 C0 231 683 233 683
2  135 232 681 2.5220007691318 2.61799387799149
2  135 233 683 2.5220007691318 2.61799387799149
2  135 124 681 2.5220007691318 2.61799387799149
2  135 234 683 2.5220007691318 2.61799387799149
2  2 235 684 2.5220007691318 2.61799387799149
2  96 235 685 2.5220007691318 2.61799387799149
2  2 236 686 2.5220007691318 2.61799387799149
2  99 236 688 2.5220007691318 2.61799387799149
4 C0 236 686 237 686
4 C0 236 688 238 688
2  135 237 686 2.5220007691318 2.61799387799149
2  135 238 688 2.5220007691318 2.61799387799149
2  135 127 686 2.5220007691318 2.61799387799149
2  135 239 688 2.5220007691318 2.61799387799149
2  2 240 689 2.5220007691318 2.61799387799149
2  99 240 691 2.5220007691318 2.61799387799149
4 C0 240 689 241 689
4 C0 240 691 242 691
2  135 241 689 2.5220007691318 2.61799387799149
2  135 242 691 2.5220007691318 2.61799387799149
2  135 129 689 2.5220007691318 2.61799387799149
2  135 243 691 2.5220007691318 2.61799387799149
2  2 244 692 2.5220007691318 2.61799387799149
2  96 244 693 2.5220007691318 2.61799387799149
2  2 245 694 2.5220007691318 2.61799387799149
2  99 245 696 2.5220007691318 2.61799387799149
4 C0 245 694 246 694
4 C0 245 696 247 696
2  135 246 694 2.5220007691318 2.61799387799149
2  135 247 696 2.5220007691318 2.61799387799149
2  135 132 694 2.5220007691318 2.61799387799149
2  135 133 696 2.5220007691318 2.61799387799149
2  2 248 697 2.5220007691318 2.61799387799149
2  99 248 699 2.5220007691318 2.61799387799149
4 C0 248 697 249 697
4 C0 248 699 250 699
2  135 249 697 2.5220007691318 2.61799387799149
2  135 250 699 2.5220007691318 2.61799387799149
2  135 135 697 2.5220007691318 2.61799387799149
2  135 136 699 2.5220007691318 2.61799387799149
2  2 251 700 2.5220007691318 2.61799387799149
2  99 251 702 2.5220007691318 2.61799387799149
4 C0 251 700 252 700
4 C0 251 702 253 702
2  135 252 700 2.5220007691318 2.61799387799149
2  135 253 702 2.5220007691318 2.61799387799149
2  135 138 700 2.5220007691318 2.61799387799149
2  135 139 702 2.5220007691318 2.61799387799149
2  2 254 703 2.5220007691318 2.61799387799149
2  99 254 705 2.5220007691318 2.61799387799149
4 C0 254 703 255 703
4 C0 254 705 256 705
2  135 255 703 2.5220007691318 2.61799387799149
2  135 256 705 2.5220007691318 2.61799387799149
2  135 141 703 2.5220007691318 2.61799387799149
2  135 142 705 2.5220007691318 2.61799387799149
2  2 257 706 2.5220007691318 2.61799387799149
2  96 257 707 2.5220007691318 2.61799387799149
2  2 258 708 2.5220007691318 2.61799387799149
2  99 258 710 2.5220007691318 2.61799387799149
4 C0 258 708 259 708
4 C0 258 710 260 710
2  135 259 708 2.5220007691318 2.61799387799149
2  135 260 710 2.5220007691318 2.61799387799149
2  135 145 708 2.5220007691318 2.61799387799149
2  135 261 710 2.5220007691318 2.61799387799149
2  2 262 711 2.5220007691318 2.61799387799149
2  99 262 713 2.5220007691318 2.61799387799149
4 C0 262 711 263 711
4 C0 262 713 264 713
2  135 263 711 2.5220007691318 2.61799387799149
2  135 264 713 2.5220007691318 2.61799387799149
2  135 147 711 2.5220007691318 2.61799387799149
2  135 265 713 2.5220007691318 2.61799387799149
2  2 266 714 2.5220007691318 2.61799387799149
2  99 266 716 2.5220007691318 2.61799387799149
4 C0 266 714 267 714
4 C0 266 716 268 716
2  135 267 714 2.5220007691318 2.61799387799149
2  135 268 716 2.5220007691318 2.61799387799149
2  135 149 714 2.5220007691318 2.61799387799149
2  135 269 716 2.5220007691318 2.61799387799149
2  2 270 717 2.5220007691318 2.61799387799149
2  99 270 718 2.5220007691318 2.61799387799149
4 C0 270 717 271 717
4 C0 270 718 272 718
2  135 271 717 2.5220007691318 2.61799387799149
2  135 272 718 2.5220007691318 2.61799387799149
2  135 151 717 2.5220007691318 2.61799387799149
2  135 156 718 2.5220007691318 2.61799387799149
2  136 273 724 2.5220007691318 2.61799387799149
2  137 274 747 2.5220007691318 2.61799387799149
2  137 274 750 2.5220007691318 2.61799387799149
2  2 275 751 2.5220007691318 2.61799387799149
2  137 274 766 2.5220007691318 2.61799387799149
2  137 274 769 2.5220007691318 2.61799387799149
2  2 276 770 2.5220007691318 2.61799387799149
2  99 277 771 2.5220007691318 2.61799387799149
2  99 278 772 2.5220007691318 2.61799387799149
2  99 279 773 2.5220007691318 2.61799387799149
2  99 280 774 2.5220007691318 2.61799387799149
2  99 281 775 2.5220007691318 2.61799387799149
2  99 282 776 2.5220007691318 2.61799387799149
2  99 283 778 2.5220007691318 2.61799387799149
2  99 284 783 2.5220007691318 2.61799387799149
2  99 285 788 2.5220007691318 2.61799387799149
2  99 286 796 2.5220007691318 2.61799387799149
2  99 287 800 2.5220007691318 2.61799387799149
2  99 288 809 2.5220007691318 2.61799387799149
2  99 289 810 2.5220007691318 2.61799387799149
2  99 290 811 2.5220007691318 2.61799387799149
2  99 291 812 2.5220007691318 2.61799387799149
0

0101000
+82 902 -81 904 *
Ed
 1.0000001e-07 1 1 0
1  60 0 2.73144027937112 2.82743338823081
2  2 157 598 2.73144027937112 2.82743338823081
2  96 157 599 2.73144027937112 2.82743338823081
2  133 59 600 2.73144027937112 2.82743338823081
2  134 158 607 2.73144027937112 2.82743338823081
2  134 158 609 2.73144027937112 2.82743338823081
2  2 159 610 2.73144027937112 2.82743338823081
2  99 159 612 2.73144027937112 2.82743338823081
4 C0 159 610 160 610
4 C0 159 612 161 612
2  135 160 610 2.73144027937112 2.82743338823081
2  135 161 612 2.73144027937112 2.82743338823081
2  135 61 610 2.73144027937112 2.82743338823081
2  135 162 612 2.73144027937112 2.82743338823081
2  2 163 613 2.73144027937112 2.82743338823081
2  99 163 615 2.73144027937112 2.82743338823081
4 C0 163 613 164 613
4 C0 163 615 165 615
2  135 164 613 2.73144027937112 2.82743338823081
2  135 165 615 2.73144027937112 2.82743338823081
2  135 63 613 2.73144027937112 2.82743338823081
2  135 166 615 2.73144027937112 2.82743338823081
2  2 167 616 2.73144027937112 2.82743338823081
2  99 167 618 2.73144027937112 2.82743338823081
4 C0 167 616 168 616
4 C0 167 618 169 618
2  135 168 616 2.73144027937112 2.82743338823081
2  135 169 618 2.73144027937112 2.82743338823081
2  135 65 616 2.73144027937112 2.82743338823081
2  135 170 618 2.73144027937112 2.82743338823081
2  2 171 619 2.73144027937112 2.82743338823081
2  99 171 621 2.73144027937112 2.82743338823081
4 C0 171 619 172 619
4 C0 171 621 173 621
2  135 172 619 2.73144027937112 2.82743338823081
2  135 173 621 2.73144027937112 2.82743338823081
2  135 67 619 2.73144027937112 2.82743338823081
2  135 174 621 2.73144027937112 2.82743338823081
2  2 175 622 2.73144027937112 2.82743338823081
2  99 175 624 2.73144027937112 2.82743338823081
4 C0 175 622 176 622
4 C0 175 624 177 624
2  135 176 622 2.73144027937112 2.82743338823081
2  135 177 624 2.73144027937112 2.82743338823081
2  135 69 622 2.73144027937112 2.82743338823081
2  135 178 624 2.73144027937112 2.82743338823081
2  2 179 625 2.73144027937112 2.82743338823081
2  96 179 626 2.73144027937112 2.82743338823081
2  2 180 627 2.73144027937112 2.82743338823081
2  99 180 629 2.73144027937112 2.82743338823081
4 C0 180 627 181 627
4 C0 180 629 182 629
2  135 181 627 2.73144027937112 2.82743338823081
2  135 182 629 2.73144027937112 2.82743338823081
2  135 72 627 2.73144027937112 2.82743338823081
2  135 73 629 2.73144027937112 2.82743338823081
2  2 183 630 2.73144027937112 2.82743338823081
2  99 183 632 2.73144027937112 2.82743338823081
4 C0 183 630 184 630
4 C0 183 632 185 632
2  135 184 630 2.73144027937112 2.82743338823081
2  135 185 632 2.73144027937112 2.82743338823081
2  135 75 630 2.73144027937112 2.82743338823081
2  135 76 632 2.73144027937112 2.82743338823081
2  2 186 633 2.73144027937112 2.82743338823081
2  99 186 635 2.73144027937112 2.82743338823081
4 C0 186 633 187 633
4 C0 186 635 188 635
2  135 187 633 2.73144027937112 2.82743338823081
2  135 188 635 2.73144027937112 2.82743338823081
2  135 78 633 2.73144027937112 2.82743338823081
2  135 79 635 2.73144027937112 2.82743338823081
2  2 189 636 2.73144027937112 2.82743338823081
2  99 189 638 2.73144027937112 2.82743338823081
4 C0 189 636 190 636
4 C0 189 638 191 638
2  135 190 636 2.73144027937112 2.82743338823081
2  135 191 638 2.73144027937112 2.82743338823081
2  135 81 636 2.73144027937112 2.82743338823081
2  135 82 638 2.73144027937112 2.82743338823081
2  2 192 639 2.73144027937112 2.82743338823081
2  99 192 641 2.73144027937112 2.82743338823081
4 C0 192 639 193 639
4 C0 192 641 194 641
2  135 193 639 2.73144027937112 2.82743338823081
2  135 194 641 2.73144027937112 2.82743338823081
2  135 84 639 2.73144027937112 2.82743338823081
2  135 85 641 2.73144027937112 2.82743338823081
2  2 195 642 2.73144027937112 2.82743338823081
2  96 195 643 2.73144027937112 2.82743338823081
2  2 196 644 2.73144027937112 2.82743338823081
4 C0 196 644 197 644
2  135 197 644 2.73144027937112 2.82743338823081
2  135 88 644 2.73144027937112 2.82743338823081
2  2 198 645 2.73144027937112 2.82743338823081
2  96 198 646 2.73144027937112 2.82743338823081
2  2 199 647 2.73144027937112 2.82743338823081
2  99 199 649 2.73144027937112 2.82743338823081
4 C0 199 647 200 647
4 C0 199 649 201 649
2  135 200 647 2.73144027937112 2.82743338823081
2  135 201 649 2.73144027937112 2.82743338823081
2  135 92 647 2.73144027937112 2.82743338823081
2  135 93 649 2.73144027937112 2.82743338823081
2  2 202 650 2.73144027937112 2.82743338823081
2  96 202 651 2.73144027937112 2.82743338823081
2  2 203 652 2.73144027937112 2.82743338823081
2  99 203 654 2.73144027937112 2.82743338823081
4 C0 203 652 204 652
4 C0 203 654 205 654
2  135 204 652 2.73144027937112 2.82743338823081
2  135 205 654 2.73144027937112 2.82743338823081
2  135 96 652 2.73144027937112 2.82743338823081
2  135 97 654 2.73144027937112 2.82743338823081
2  2 206 655 2.73144027937112 2.82743338823081
2  99 206 657 2.73144027937112 2.82743338823081
4 C0 206 655 207 655
4 C0 206 657 208 657
2  135 207 655 2.73144027937112 2.82743338823081
2  135 208 657 2.73144027937112 2.82743338823081
2  135 99 655 2.73144027937112 2.82743338823081
2  135 100 657 2.73144027937112 2.82743338823081
2  2 209 658 2.73144027937112 2.82743338823081
2  99 209 660 2.73144027937112 2.82743338823081
4 C0 209 658 210 658
4 C0 209 660 211 660
2  135 210 658 2.73144027937112 2.82743338823081
2  135 211 660 2.73144027937112 2.82743338823081
2  135 102 658 2.73144027937112 2.82743338823081
2  135 103 660 2.73144027937112 2.82743338823081
2  2 212 661 2.73144027937112 2.82743338823081
2  99 212 663 2.73144027937112 2.82743338823081
4 C0 212 661 213 661
4 C0 212 663 214 663
2  135 213 661 2.73144027937112 2.82743338823081
2  135 214 663 2.73144027937112 2.82743338823081
2  135 105 661 2.73144027937112 2.82743338823081
2  135 106 663 2.73144027937112 2.82743338823081
2  2 215 664 2.73144027937112 2.82743338823081
2  99 215 666 2.73144027937112 2.82743338823081
4 C0 215 664 216 664
4 C0 215 666 217 666
2  135 216 664 2.73144027937112 2.82743338823081
2  135 217 666 2.73144027937112 2.82743338823081
2  135 108 664 2.73144027937112 2.82743338823081
2  135 109 666 2.73144027937112 2.82743338823081
2  2 218 667 2.73144027937112 2.82743338823081
2  99 218 669 2.73144027937112 2.82743338823081
4 C0 218 667 219 667
4 C0 218 669 220 669
2  135 219 667 2.73144027937112 2.82743338823081
2  135 220 669 2.73144027937112 2.82743338823081
2  135 111 667 2.73144027937112 2.82743338823081
2  135 112 669 2.73144027937112 2.82743338823081
2  2 221 670 2.73144027937112 2.82743338823081
2  99 221 672 2.73144027937112 2.82743338823081
4 C0 221 670 222 670
4 C0 221 672 223 672
2  135 222 670 2.73144027937112 2.82743338823081
2  135 223 672 2.73144027937112 2.82743338823081
2  135 114 670 2.73144027937112 2.82743338823081
2  135 115 672 2.73144027937112 2.82743338823081
2  2 224 673 2.73144027937112 2.82743338823081
2  99 224 675 2.73144027937112 2.82743338823081
4 C0 224 673 225 673
4 C0 224 675 226 675
2  135 225 673 2.73144027937112 2.82743338823081
2  135 226 675 2.73144027937112 2.82743338823081
2  135 117 673 2.73144027937112 2.82743338823081
2  135 118 675 2.73144027937112 2.82743338823081
2  2 227 676 2.73144027937112 2.82743338823081
2  99 227 678 2.73144027937112 2.82743338823081
4 C0 227 676 228 676
4 C0 227 678 229 678
2  135 228 676 2.73144027937112 2.82743338823081
2  135 229 678 2.73144027937112 2.82743338823081
2  135 120 676 2.73144027937112 2.82743338823081
2  135 121 678 2.73144027937112 2.82743338823081
2  2 230 679 2.73144027937112 2.82743338823081
2  96 230 680 2.73144027937112 2.82743338823081
2  2 231 681 2.73144027937112 2.82743338823081
2  99 231 683 2.73144027937112 2.82743338823081
4 C0 231 681 232 681
4 C0 231 683 233 683
2  135 232 681 2.73144027937112 2.82743338823081
2  135 233 683 2.73144027937112 2.82743338823081
2  135 124 681 2.73144027937112 2.82743338823081
2  135 234 683 2.73144027937112 2.82743338823081
2  2 235 684 2.73144027937112 2.82743338823081
2  96 235 685 2.73144027937112 2.82743338823081
2  2 236 686 2.73144027937112 2.82743338823081
2  99 236 688 2.73144027937112 2.82743338823081
4 C0 236 686 237 686
4 C0 236 688 238 688
2  135 237 686 2.73144027937112 2.82743338823081
2  135 238 688 2.73144027937112 2.82743338823081
2  135 127 686 2.73144027937112 2.82743338823081
2  135 239 688 2.73144027937112 2.82743338823081
2  2 240 689 2.73144027937112 2.82743338823081
2  99 240 691 2.73144027937112 2.82743338823081
4 C0 240 689 241 689
4 C0 240 691 242 691
2  135 241 689 2.73144027937112 2.82743338823081
2  135 242 691 2.73144027937112 2.82743338823081
2  135 129 689 2.73144027937112 2.82743338823081
2  135 243 691 2.73144027937112 2.82743338823081
2  2 244 692 2.73144027937112 2.82743338823081
2  96 244 693 2.73144027937112 2.82743338823081
2  2 245 694 2.73144027937112 2.82743338823081
2  99 245 696 2.73144027937112 2.82743338823081
4 C0 245 694 246 694
4 C0 245 696 247 696
2  135 246 694 2.73144027937112 2.82743338823081
2  135 247 696 2.73144027937112 2.82743338823081
2  135 132 694 2.73144027937112 2.82743338823081
2  135 133 696 2.73144027937112 2.82743338823081
2  2 248 697 2.73144027937112 2.82743338823081
2  99 248 699 2.73144027937112 2.82743338823081
4 C0 248 697 249 697
4 C0 248 699 250 699
2  135 249 697 2.73144027937112 2.82743338823081
2  135 250 699 2.73144027937112 2.82743338823081
2  135 135 697 2.73144027937112 2.82743338823081
2  135 136 699 2.73144027937112 2.82743338823081
2  2 251 700 2.73144027937112 2.82743338823081
2  99 251 702 2.73144027937112 2.82743338823081
4 C0 251 700 252 700
4 C0 251 702 253 702
2  135 252 700 2.73144027937112 2.82743338823081
2  135 253 702 2.73144027937112 2.82743338823081
2  135 138 700 2.73144027937112 2.82743338823081
2  135 139 702 2.73144027937112 2.82743338823081
2  2 254 703 2.73144027937112 2.82743338823081
2  99 254 705 2.73144027937112 2.82743338823081
4 C0 254 703 255 703
4 C0 254 705 256 705
2  135 255 703 2.73144027937112 2.82743338823081
2  135 256 705 2.73144027937112 2.82743338823081
2  135 141 703 2.73144027937112 2.82743338823081
2  135 142 705 2.73144027937112 2.82743338823081
2  2 257 706 2.73144027937112 2.82743338823081
2  96 257 707 2.73144027937112 2.82743338823081
2  2 258 708 2.73144027937112 2.82743338823081
2  99 258 710 2.73144027937112 2.82743338823081
4 C0 258 708 259 708
4 C0 258 710 260 710
2  135 259 708 2.73144027937112 2.82743338823081
2  135 260 710 2.73144027937112 2.82743338823081
2  135 145 708 2.73144027937112 2.82743338823081
2  135 261 710 2.73144027937112 2.82743338823081
2  2 262 711 2.73144027937112 2.82743338823081
2  99 262 713 2.73144027937112 2.82743338823081
4 C0 262 711 263 711
4 C0 262 713 264 713
2  135 263 711 2.73144027937112 2.82743338823081
2  135 264 713 2.73144027937112 2.82743338823081
2  135 147 711 2.73144027937112 2.82743338823081
2  135 265 713 2.73144027937112 2.82743338823081
2  2 266 714 2.73144027937112 2.82743338823081
2  99 266 716 2.73144027937112 2.82743338823081
4 C0 266 714 267 714
4 C0 266 716 268 716
2  135 267 714 2.73144027937112 2.82743338823081
2  135 268 716 2.73144027937112 2.82743338823081
2  135 149 714 2.73144027937112 2.82743338823081
2  135 269 716 2.73144027937112 2.82743338823081
2  2 270 717 2.73144027937112 2.82743338823081
2  99 270 718 2.73144027937112 2.82743338823081
4 C0 270 717 271 717
4 C0 270 718 272 718
2  135 271 717 2.73144027937112 2.82743338823081
2  135 272 718 2.73144027937112 2.82743338823081
2  135 151 717 2.73144027937112 2.82743338823081
2  135 156 718 2.73144027937112 2.82743338823081
2  136 273 724 2.73144027937112 2.82743338823081
2  137 274 747 2.73144027937112 2.82743338823081
2  137 274 750 2.73144027937112 2.82743338823081
2  2 275 751 2.73144027937112 2.82743338823081
2  137 274 766 2.73144027937112 2.82743338823081
2  137 274 769 2.73144027937112 2.82743338823081
2  2 276 770 2.73144027937112 2.82743338823081
2  99 277 771 2.73144027937112 2.82743338823081
2  99 278 772 2.73144027937112 2.82743338823081
2  99 279 773 2.73144027937112 2.82743338823081
2  99 280 774 2.73144027937112 2.82743338823081
2  99 281 775 2.73144027937112 2.82743338823081
2  99 282 776 2.73144027937112 2.82743338823081
2  99 283 778 2.73144027937112 2.82743338823081
2  99 284 783 2.73144027937112 2.82743338823081
2  99 285 788 2.73144027937112 2.82743338823081
2  99 286 796 2.73144027937112 2.82743338823081
2  99 287 800 2.73144027937112 2.82743338823081
2  99 288 809 2.73144027937112 2.82743338823081
2  99 289 810 2.73144027937112 2.82743338823081
2  99 290 811 2.73144027937112 2.82743338823081
2  99 291 812 2.73144027937112 2.82743338823081
0

0101000
+82 904 -81 906 *
Ed
 1.0000001e-07 1 1 0
1  60 0 2.94087978961044 3.03687289847013
2  2 157 598 2.94087978961044 3.03687289847013
2  96 157 599 2.94087978961044 3.03687289847013
2  133 59 600 2.94087978961044 3.03687289847013
2  134 158 607 2.94087978961044 3.03687289847013
2  134 158 609 2.94087978961044 3.03687289847013
2  2 159 610 2.94087978961044 3.03687289847013
2  99 159 612 2.94087978961044 3.03687289847013
4 C0 159 610 160 610
4 C0 159 612 161 612
2  135 160 610 2.94087978961044 3.03687289847013
2  135 161 612 2.94087978961044 3.03687289847013
2  135 61 610 2.94087978961044 3.03687289847013
2  135 162 612 2.94087978961044 3.03687289847013
2  2 163 613 2.94087978961044 3.03687289847013
2  99 163 615 2.94087978961044 3.03687289847013
4 C0 163 613 164 613
4 C0 163 615 165 615
2  135 164 613 2.94087978961044 3.03687289847013
2  135 165 615 2.94087978961044 3.03687289847013
2  135 63 613 2.94087978961044 3.03687289847013
2  135 166 615 2.94087978961044 3.03687289847013
2  2 167 616 2.94087978961044 3.03687289847013
2  99 167 618 2.94087978961044 3.03687289847013
4 C0 167 616 168 616
4 C0 167 618 169 618
2  135 168 616 2.94087978961044 3.03687289847013
2  135 169 618 2.94087978961044 3.03687289847013
2  135 65 616 2.94087978961044 3.03687289847013
2  135 170 618 2.94087978961044 3.03687289847013
2  2 171 619 2.94087978961044 3.03687289847013
2  99 171 621 2.94087978961044 3.03687289847013
4 C0 171 619 172 619
4 C0 171 621 173 621
2  135 172 619 2.94087978961044 3.03687289847013
2  135 173 621 2.94087978961044 3.03687289847013
2  135 67 619 2.94087978961044 3.03687289847013
2  135 174 621 2.94087978961044 3.03687289847013
2  2 175 622 2.94087978961044 3.03687289847013
2  99 175 624 2.94087978961044 3.03687289847013
4 C0 175 622 176 622
4 C0 175 624 177 624
2  135 176 622 2.94087978961044 3.03687289847013
2  135 177 624 2.94087978961044 3.03687289847013
2  135 69 622 2.94087978961044 3.03687289847013
2  135 178 624 2.94087978961044 3.03687289847013
2  2 179 625 2.94087978961044 3.03687289847013
2  96 179 626 2.94087978961044 3.03687289847013
2  2 180 627 2.94087978961044 3.03687289847013
2  99 180 629 2.94087978961044 3.03687289847013
4 C0 180 627 181 627
4 C0 180 629 182 629
2  135 181 627 2.94087978961044 3.03687289847013
2  135 182 629 2.94087978961044 3.03687289847013
2  135 72 627 2.94087978961044 3.03687289847013
2  135 73 629 2.94087978961044 3.03687289847013
2  2 183 630 2.94087978961044 3.03687289847013
2  99 183 632 2.94087978961044 3.03687289847013
4 C0 183 630 184 630
4 C0 183 632 185 632
2  135 184 630 2.94087978961044 3.03687289847013
2  135 185 632 2.94087978961044 3.03687289847013
2  135 75 630 2.94087978961044 3.03687289847013
2  135 76 632 2.94087978961044 3.03687289847013
2  2 186 633 2.94087978961044 3.03687289847013
2  99 186 635 2.94087978961044 3.03687289847013
4 C0 186 633 187 633
4 C0 186 635 188 635
2  135 187 633 2.94087978961044 3.03687289847013
2  135 188 635 2.94087978961044 3.03687289847013
2  135 78 633 2.94087978961044 3.03687289847013
2  135 79 635 2.94087978961044 3.03687289847013
2  2 189 636 2.94087978961044 3.03687289847013
2  99 189 638 2.94087978961044 3.03687289847013
4 C0 189 636 190 636
4 C0 189 638 191 638
2  135 190 636 2.94087978961044 3.03687289847013
2  135 191 638 2.94087978961044 3.03687289847013
2  135 81 636 2.94087978961044 3.03687289847013
2  135 82 638 2.94087978961044 3.03687289847013
2  2 192 639 2.94087978961044 3.03687289847013
2  99 192 641 2.94087978961044 3.03687289847013
4 C0 192 639 193 639
4 C0 192 641 194 641
2  135 193 639 2.94087978961044 3.03687289847013
2  135 194 641 2.94087978961044 3.03687289847013
2  135 84 639 2.94087978961044 3.03687289847013
2  135 85 641 2.94087978961044 3.03687289847013
2  2 195 642 2.94087978961044 3.03687289847013
2  96 195 643 2.94087978961044 3.03687289847013
2  2 196 644 2.94087978961044 3.03687289847013
4 C0 196 644 197 644
2  135 197 644 2.94087978961044 3.03687289847013
2  135 88 644 2.94087978961044 3.03687289847013
2  2 198 645 2.94087978961044 3.03687289847013
2  96 198 646 2.94087978961044 3.03687289847013
2  2 199 647 2.94087978961044 3.03687289847013
2  99 199 649 2.94087978961044 3.03687289847013
4 C0 199 647 200 647
4 C0 199 649 201 649
2  135 200 647 2.94087978961044 3.03687289847013
2  135 201 649 2.94087978961044 3.03687289847013
2  135 92 647 2.94087978961044 3.03687289847013
2  135 93 649 2.94087978961044 3.03687289847013
2  2 202 650 2.94087978961044 3.03687289847013
2  96 202 651 2.94087978961044 3.03687289847013
2  2 203 652 2.94087978961044 3.03687289847013
2  99 203 654 2.94087978961044 3.03687289847013
4 C0 203 652 204 652
4 C0 203 654 205 654
2  135 204 652 2.94087978961044 3.03687289847013
2  135 205 654 2.94087978961044 3.03687289847013
2  135 96 652 2.94087978961044 3.03687289847013
2  135 97 654 2.94087978961044 3.03687289847013
2  2 206 655 2.94087978961044 3.03687289847013
2  99 206 657 2.94087978961044 3.03687289847013
4 C0 206 655 207 655
4 C0 206 657 208 657
2  135 207 655 2.94087978961044 3.03687289847013
2  135 208 657 2.94087978961044 3.03687289847013
2  135 99 655 2.94087978961044 3.03687289847013
2  135 100 657 2.94087978961044 3.03687289847013
2  2 209 658 2.94087978961044 3.03687289847013
2  99 209 660 2.94087978961044 3.03687289847013
4 C0 209 658 210 658
4 C0 209 660 211 660
2  135 210 658 2.94087978961044 3.03687289847013
2  135 211 660 2.94087978961044 3.03687289847013
2  135 102 658 2.94087978961044 3.03687289847013
2  135 103 660 2.94087978961044 3.03687289847013
2  2 212 661 2.94087978961044 3.03687289847013
2  99 212 663 2.94087978961044 3.03687289847013
4 C0 212 661 213 661
4 C0 212 663 214 663
2  135 213 661 2.94087978961044 3.03687289847013
2  135 214 663 2.94087978961044 3.03687289847013
2  135 105 661 2.94087978961044 3.03687289847013
2  135 106 663 2.94087978961044 3.03687289847013
2  2 215 664 2.94087978961044 3.03687289847013
2  99 215 666 2.94087978961044 3.03687289847013
4 C0 215 664 216 664
4 C0 215 666 217 666
2  135 216 664 2.94087978961044 3.03687289847013
2  135 217 666 2.94087978961044 3.03687289847013
2  135 108 664 2.94087978961044 3.03687289847013
2  135 109 666 2.94087978961044 3.03687289847013
2  2 218 667 2.94087978961044 3.03687289847013
2  99 218 669 2.94087978961044 3.03687289847013
4 C0 218 667 219 667
4 C0 218 669 220 669
2  135 219 667 2.94087978961044 3.03687289847013
2  135 220 669 2.94087978961044 3.03687289847013
2  135 111 667 2.94087978961044 3.03687289847013
2  135 112 669 2.94087978961044 3.03687289847013
2  2 221 670 2.94087978961044 3.03687289847013
2  99 221 672 2.94087978961044 3.03687289847013
4 C0 221 670 222 670
4 C0 221 672 223 672
2  135 222 670 2.94087978961044 3.03687289847013
2  135 223 672 2.94087978961044 3.03687289847013
2  135 114 670 2.94087978961044 3.03687289847013
2  135 115 672 2.94087978961044 3.03687289847013
2  2 224 673 2.94087978961044 3.03687289847013
2  99 224 675 2.94087978961044 3.03687289847013
4 C0 224 673 225 673
4 C0 224 675 226 675
2  135 225 673 2.94087978961044 3.03687289847013
2  135 226 675 2.94087978961044 3.03687289847013
2  135 117 673 2.94087978961044 3.03687289847013
2  135 118 675 2.94087978961044 3.03687289847013
2  2 227 676 2.94087978961044 3.03687289847013
2  99 227 678 2.94087978961044 3.03687289847013
4 C0 227 676 228 676
4 C0 227 678 229 678
2  135 228 676 2.94087978961044 3.03687289847013
2  135 229 678 2.94087978961044 3.03687289847013
2  135 120 676 2.94087978961044 3.03687289847013
2  135 121 678 2.94087978961044 3.03687289847013
2  2 230 679 2.94087978961044 3.03687289847013
2  96 230 680 2.94087978961044 3.03687289847013
2  2 231 681 2.94087978961044 3.03687289847013
2  99 231 683 2.94087978961044 3.03687289847013
4 C0 231 681 232 681
4 C0 231 683 233 683
2  135 232 681 2.94087978961044 3.03687289847013
2  135 233 683 2.94087978961044 3.03687289847013
2  135 124 681 2.94087978961044 3.03687289847013
2  135 234 683 2.94087978961044 3.03687289847013
2  2 235 684 2.94087978961044 3.03687289847013
2  96 235 685 2.94087978961044 3.03687289847013
2  2 236 686 2.94087978961044 3.03687289847013
2  99 236 688 2.94087978961044 3.03687289847013
4 C0 236 686 237 686
4 C0 236 688 238 688
2  135 237 686 2.94087978961044 3.03687289847013
2  135 238 688 2.94087978961044 3.03687289847013
2  135 127 686 2.94087978961044 3.03687289847013
2  135 239 688 2.94087978961044 3.03687289847013
2  2 240 689 2.94087978961044 3.03687289847013
2  99 240 691 2.94087978961044 3.03687289847013
4 C0 240 689 241 689
4 C0 240 691 242 691
2  135 241 689 2.94087978961044 3.03687289847013
2  135 242 691 2.94087978961044 3.03687289847013
2  135 129 689 2.94087978961044 3.03687289847013
2  135 243 691 2.94087978961044 3.03687289847013
2  2 244 692 2.94087978961044 3.03687289847013
2  96 244 693 2.94087978961044 3.03687289847013
2  2 245 694 2.94087978961044 3.03687289847013
2  99 245 696 2.94087978961044 3.03687289847013
4 C0 245 694 246 694
4 C0 245 696 247 696
2  135 246 694 2.94087978961044 3.03687289847013
2  135 247 696 2.94087978961044 3.03687289847013
2  135 132 694 2.94087978961044 3.03687289847013
2  135 133 696 2.94087978961044 3.03687289847013
2  2 248 697 2.94087978961044 3.03687289847013
2  99 248 699 2.94087978961044 3.03687289847013
4 C0 248 697 249 697
4 C0 248 699 250 699
2  135 249 697 2.94087978961044 3.03687289847013
2  135 250 699 2.94087978961044 3.03687289847013
2  135 135 697 2.94087978961044 3.03687289847013
2  135 136 699 2.94087978961044 3.03687289847013
2  2 251 700 2.94087978961044 3.03687289847013
2  99 251 702 2.94087978961044 3.03687289847013
4 C0 251 700 252 700
4 C0 251 702 253 702
2  135 252 700 2.94087978961044 3.03687289847013
2  135 253 702 2.94087978961044 3.03687289847013
2  135 138 700 2.94087978961044 3.03687289847013
2  135 139 702 2.94087978961044 3.03687289847013
2  2 254 703 2.94087978961044 3.03687289847013
2  99 254 705 2.94087978961044 3.03687289847013
4 C0 254 703 255 703
4 C0 254 705 256 705
2  135 255 703 2.94087978961044 3.03687289847013
2  135 256 705 2.94087978961044 3.03687289847013
2  135 141 703 2.94087978961044 3.03687289847013
2  135 142 705 2.94087978961044 3.03687289847013
2  2 257 706 2.94087978961044 3.03687289847013
2  96 257 707 2.94087978961044 3.03687289847013
2  2 258 708 2.94087978961044 3.03687289847013
2  99 258 710 2.94087978961044 3.03687289847013
4 C0 258 708 259 708
4 C0 258 710 260 710
2  135 259 708 2.94087978961044 3.03687289847013
2  135 260 710 2.94087978961044 3.03687289847013
2  135 145 708 2.94087978961044 3.03687289847013
2  135 261 710 2.94087978961044 3.03687289847013
2  2 262 711 2.94087978961044 3.03687289847013
2  99 262 713 2.94087978961044 3.03687289847013
4 C0 262 711 263 711
4 C0 262 713 264 713
2  135 263 711 2.94087978961044 3.03687289847013
2  135 264 713 2.94087978961044 3.03687289847013
2  135 147 711 2.94087978961044 3.03687289847013
2  135 265 713 2.94087978961044 3.03687289847013
2  2 266 714 2.94087978961044 3.03687289847013
2  99 266 716 2.94087978961044 3.03687289847013
4 C0 266 714 267 714
4 C0 266 716 268 716
2  135 267 714 2.94087978961044 3.03687289847013
2  135 268 716 2.94087978961044 3.03687289847013
2  135 149 714 2.94087978961044 3.03687289847013
2  135 269 716 2.94087978961044 3.03687289847013
2  2 270 717 2.94087978961044 3.03687289847013
2  99 270 718 2.94087978961044 3.03687289847013
4 C0 270 717 271 717
4 C0 270 718 272 718
2  135 271 717 2.94087978961044 3.03687289847013
2  135 272 718 2.94087978961044 3.03687289847013
2  135 151 717 2.94087978961044 3.03687289847013
2  135 156 718 2.94087978961044 3.03687289847013
2  136 273 724 2.94087978961044 3.03687289847013
2  137 274 747 2.94087978961044 3.03687289847013
2  137 274 750 2.94087978961044 3.03687289847013
2  2 275 751 2.94087978961044 3.03687289847013
2  137 274 766 2.94087978961044 3.03687289847013
2  137 274 769 2.94087978961044 3.03687289847013
2  2 276 770 2.94087978961044 3.03687289847013
2  99 277 771 2.94087978961044 3.03687289847013
2  99 278 772 2.94087978961044 3.03687289847013
2  99 279 773 2.94087978961044 3.03687289847013
2  99 280 774 2.94087978961044 3.03687289847013
2  99 281 775 2.94087978961044 3.03687289847013
2  99 282 776 2.94087978961044 3.03687289847013
2  99 283 778 2.94087978961044 3.03687289847013
2  99 284 783 2.94087978961044 3.03687289847013
2  99 285 788 2.94087978961044 3.03687289847013
2  99 286 796 2.94087978961044 3.03687289847013
2  99 287 800 2.94087978961044 3.03687289847013
2  99 288 809 2.94087978961044 3.03687289847013
2  99 289 810 2.94087978961044 3.03687289847013
2  99 290 811 2.94087978961044 3.03687289847013
2  99 291 812 2.94087978961044 3.03687289847013
0

0101000
+82 906 -81 908 *
Ed
 1.0000001e-07 1 1 0
1  60 0 3.15031929984976 3.24631240870945
2  2 157 598 3.15031929984976 3.24631240870945
2  96 157 599 3.15031929984976 3.24631240870945
2  133 59 600 3.15031929984976 3.24631240870945
2  134 158 607 3.15031929984976 3.24631240870945
2  134 158 609 3.15031929984976 3.24631240870945
2  2 159 610 3.15031929984976 3.24631240870945
2  99 159 612 3.15031929984976 3.24631240870945
4 C0 159 610 160 610
4 C0 159 612 161 612
2  135 160 610 3.15031929984976 3.24631240870945
2  135 161 612 3.15031929984976 3.24631240870945
2  135 61 610 3.15031929984976 3.24631240870945
2  135 162 612 3.15031929984976 3.24631240870945
2  2 163 613 3.15031929984976 3.24631240870945
2  99 163 615 3.15031929984976 3.24631240870945
4 C0 163 613 164 613
4 C0 163 615 165 615
2  135 164 613 3.15031929984976 3.24631240870945
2  135 165 615 3.15031929984976 3.24631240870945
2  135 63 613 3.15031929984976 3.24631240870945
2  135 166 615 3.15031929984976 3.24631240870945
2  2 167 616 3.15031929984976 3.24631240870945
2  99 167 618 3.15031929984976 3.24631240870945
4 C0 167 616 168 616
4 C0 167 618 169 618
2  135 168 616 3.15031929984976 3.24631240870945
2  135 169 618 3.15031929984976 3.24631240870945
2  135 65 616 3.15031929984976 3.24631240870945
2  135 170 618 3.15031929984976 3.24631240870945
2  2 171 619 3.15031929984976 3.24631240870945
2  99 171 621 3.15031929984976 3.24631240870945
4 C0 171 619 172 619
4 C0 171 621 173 621
2  135 172 619 3.15031929984976 3.24631240870945
2  135 173 621 3.15031929984976 3.24631240870945
2  135 67 619 3.15031929984976 3.24631240870945
2  135 174 621 3.15031929984976 3.24631240870945
2  2 175 622 3.15031929984976 3.24631240870945
2  99 175 624 3.15031929984976 3.24631240870945
4 C0 175 622 176 622
4 C0 175 624 177 624
2  135 176 622 3.15031929984976 3.24631240870945
2  135 177 624 3.15031929984976 3.24631240870945
2  135 69 622 3.15031929984976 3.24631240870945
2  135 178 624 3.15031929984976 3.24631240870945
2  2 179 625 3.15031929984976 3.24631240870945
2  96 179 626 3.15031929984976 3.24631240870945
2  2 180 627 3.15031929984976 3.24631240870945
2  99 180 629 3.15031929984976 3.24631240870945
4 C0 180 627 181 627
4 C0 180 629 182 629
2  135 181 627 3.15031929984976 3.24631240870945
2  135 182 629 3.15031929984976 3.24631240870945
2  135 72 627 3.15031929984976 3.24631240870945
2  135 73 629 3.15031929984976 3.24631240870945
2  2 183 630 3.15031929984976 3.24631240870945
2  99 183 632 3.15031929984976 3.24631240870945
4 C0 183 630 184 630
4 C0 183 632 185 632
2  135 184 630 3.15031929984976 3.24631240870945
2  135 185 632 3.15031929984976 3.24631240870945
2  135 75 630 3.15031929984976 3.24631240870945
2  135 76 632 3.15031929984976 3.24631240870945
2  2 186 633 3.15031929984976 3.24631240870945
2  99 186 635 3.15031929984976 3.24631240870945
4 C0 186 633 187 633
4 C0 186 635 188 635
2  135 187 633 3.15031929984976 3.24631240870945
2  135 188 635 3.15031929984976 3.24631240870945
2  135 78 633 3.15031929984976 3.24631240870945
2  135 79 635 3.15031929984976 3.24631240870945
2  2 189 636 3.15031929984976 3.24631240870945
2  99 189 638 3.15031929984976 3.24631240870945
4 C0 189 636 190 636
4 C0 189 638 191 638
2  135 190 636 3.15031929984976 3.24631240870945
2  135 191 638 3.15031929984976 3.24631240870945
2  135 81 636 3.15031929984976 3.24631240870945
2  135 82 638 3.15031929984976 3.24631240870945
2  2 192 639 3.15031929984976 3.24631240870945
2  99 192 641 3.15031929984976 3.24631240870945
4 C0 192 639 193 639
4 C0 192 641 194 641
2  135 193 639 3.15031929984976 3.24631240870945
2  135 194 641 3.15031929984976 3.24631240870945
2  135 84 639 3.15031929984976 3.24631240870945
2  135 85 641 3.15031929984976 3.24631240870945
2  2 195 642 3.15031929984976 3.24631240870945
2  96 195 643 3.15031929984976 3.24631240870945
2  2 196 644 3.15031929984976 3.24631240870945
4 C0 196 644 197 644
2  135 197 644 3.15031929984976 3.24631240870945
2  135 88 644 3.15031929984976 3.24631240870945
2  2 198 645 3.15031929984976 3.24631240870945
2  96 198 646 3.15031929984976 3.24631240870945
2  2 199 647 3.15031929984976 3.24631240870945
2  99 199 649 3.15031929984976 3.24631240870945
4 C0 199 647 200 647
4 C0 199 649 201 649
2  135 200 647 3.15031929984976 3.24631240870945
2  135 201 649 3.15031929984976 3.24631240870945
2  135 92 647 3.15031929984976 3.24631240870945
2  135 93 649 3.15031929984976 3.24631240870945
2  2 202 650 3.15031929984976 3.24631240870945
2  96 202 651 3.15031929984976 3.24631240870945
2  2 203 652 3.15031929984976 3.24631240870945
2  99 203 654 3.15031929984976 3.24631240870945
4 C0 203 652 204 652
4 C0 203 654 205 654
2  135 204 652 3.15031929984976 3.24631240870945
2  135 205 654 3.15031929984976 3.24631240870945
2  135 96 652 3.15031929984976 3.24631240870945
2  135 97 654 3.15031929984976 3.24631240870945
2  2 206 655 3.15031929984976 3.24631240870945
2  99 206 657 3.15031929984976 3.24631240870945
4 C0 206 655 207 655
4 C0 206 657 208 657
2  135 207 655 3.15031929984976 3.24631240870945
2  135 208 657 3.15031929984976 3.24631240870945
2  135 99 655 3.15031929984976 3.24631240870945
2  135 100 657 3.15031929984976 3.24631240870945
2  2 209 658 3.15031929984976 3.24631240870945
2  99 209 660 3.15031929984976 3.24631240870945
4 C0 209 658 210 658
4 C0 209 660 211 660
2  135 210 658 3.15031929984976 3.24631240870945
2  135 211 660 3.15031929984976 3.24631240870945
2  135 102 658 3.15031929984976 3.24631240870945
2  135 103 660 3.15031929984976 3.24631240870945
2  2 212 661 3.15031929984976 3.24631240870945
2  99 212 663 3.15031929984976 3.24631240870945
4 C0 212 661 213 661
4 C0 212 663 214 663
2  135 213 661 3.15031929984976 3.24631240870945
2  135 214 663 3.15031929984976 3.24631240870945
2  135 105 661 3.15031929984976 3.24631240870945
2  135 106 663 3.15031929984976 3.24631240870945
2  2 215 664 3.15031929984976 3.24631240870945
2  99 215 666 3.15031929984976 3.24631240870945
4 C0 215 664 216 664
4 C0 215 666 217 666
2  135 216 664 3.15031929984976 3.24631240870945
2  135 217 666 3.15031929984976 3.24631240870945
2  135 108 664 3.15031929984976 3.24631240870945
2  135 109 666 3.15031929984976 3.24631240870945
2  2 218 667 3.15031929984976 3.24631240870945
2  99 218 669 3.15031929984976 3.24631240870945
4 C0 218 667 219 667
4 C0 218 669 220 669
2  135 219 667 3.15031929984976 3.24631240870945
2  135 220 669 3.15031929984976 3.24631240870945
2  135 111 667 3.15031929984976 3.24631240870945
2  135 112 669 3.15031929984976 3.24631240870945
2  2 221 670 3.15031929984976 3.24631240870945
2  99 221 672 3.15031929984976 3.24631240870945
4 C0 221 670 222 670
4 C0 221 672 223 672
2  135 222 670 3.15031929984976 3.24631240870945
2  135 223 672 3.15031929984976 3.24631240870945
2  135 114 670 3.15031929984976 3.24631240870945
2  135 115 672 3.15031929984976 3.24631240870945
2  2 224 673 3.15031929984976 3.24631240870945
2  99 224 675 3.15031929984976 3.24631240870945
4 C0 224 673 225 673
4 C0 224 675 226 675
2  135 225 673 3.15031929984976 3.24631240870945
2  135 226 675 3.15031929984976 3.24631240870945
2  135 117 673 3.15031929984976 3.24631240870945
2  135 118 675 3.15031929984976 3.24631240870945
2  2 227 676 3.15031929984976 3.24631240870945
2  99 227 678 3.15031929984976 3.24631240870945
4 C0 227 676 228 676
4 C0 227 678 229 678
2  135 228 676 3.15031929984976 3.24631240870945
2  135 229 678 3.15031929984976 3.24631240870945
2  135 120 676 3.15031929984976 3.24631240870945
2  135 121 678 3.15031929984976 3.24631240870945
2  2 230 679 3.15031929984976 3.24631240870945
2  96 230 680 3.15031929984976 3.24631240870945
2  2 231 681 3.15031929984976 3.24631240870945
2  99 231 683 3.15031929984976 3.24631240870945
4 C0 231 681 232 681
4 C0 231 683 233 683
2  135 232 681 3.15031929984976 3.24631240870945
2  135 233 683 3.15031929984976 3.24631240870945
2  135 124 681 3.15031929984976 3.24631240870945
2  135 234 683 3.15031929984976 3.24631240870945
2  2 235 684 3.15031929984976 3.24631240870945
2  96 235 685 3.15031929984976 3.24631240870945
2  2 236 686 3.15031929984976 3.24631240870945
2  99 236 688 3.15031929984976 3.24631240870945
4 C0 236 686 237 686
4 C0 236 688 238 688
2  135 237 686 3.15031929984976 3.24631240870945
2  135 238 688 3.15031929984976 3.24631240870945
2  135 127 686 3.15031929984976 3.24631240870945
2  135 239 688 3.15031929984976 3.24631240870945
2  2 240 689 3.15031929984976 3.24631240870945
2  99 240 691 3.15031929984976 3.24631240870945
4 C0 240 689 241 689
4 C0 240 691 242 691
2  135 241 689 3.15031929984976 3.24631240870945
2  135 242 691 3.15031929984976 3.24631240870945
2  135 129 689 3.15031929984976 3.24631240870945
2  135 243 691 3.15031929984976 3.24631240870945
2  2 244 692 3.15031929984976 3.24631240870945
2  96 244 693 3.15031929984976 3.24631240870945
2  2 245 694 3.15031929984976 3.24631240870945
2  99 245 696 3.15031929984976 3.24631240870945
4 C0 245 694 246 694
4 C0 245 696 247 696
2  135 246 694 3.15031929984976 3.24631240870945
2  135 247 696 3.15031929984976 3.24631240870945
2  135 132 694 3.15031929984976 3.24631240870945
2  135 133 696 3.15031929984976 3.24631240870945
2  2 248 697 3.15031929984976 3.24631240870945
2  99 248 699 3.15031929984976 3.24631240870945
4 C0 248 697 249 697
4 C0 248 699 250 699
2  135 249 697 3.15031929984976 3.24631240870945
2  135 250 699 3.15031929984976 3.24631240870945
2  135 135 697 3.15031929984976 3.24631240870945
2  135 136 699 3.15031929984976 3.24631240870945
2  2 251 700 3.15031929984976 3.24631240870945
2  99 251 702 3.15031929984976 3.24631240870945
4 C0 251 700 252 700
4 C0 251 702 253 702
2  135 252 700 3.15031929984976 3.24631240870945
2  135 253 702 3.15031929984976 3.24631240870945
2  135 138 700 3.15031929984976 3.24631240870945
2  135 139 702 3.15031929984976 3.24631240870945
2  2 254 703 3.15031929984976 3.24631240870945
2  99 254 705 3.15031929984976 3.24631240870945
4 C0 254 703 255 703
4 C0 254 705 256 705
2  135 255 703 3.15031929984976 3.24631240870945
2  135 256 705 3.15031929984976 3.24631240870945
2  135 141 703 3.15031929984976 3.24631240870945
2  135 142 705 3.15031929984976 3.24631240870945
2  2 257 706 3.15031929984976 3.24631240870945
2  96 257 707 3.15031929984976 3.24631240870945
2  2 258 708 3.15031929984976 3.24631240870945
2  99 258 710 3.15031929984976 3.24631240870945
4 C0 258 708 259 708
4 C0 258 710 260 710
2  135 259 708 3.15031929984976 3.24631240870945
2  135 260 710 3.15031929984976 3.24631240870945
2  135 145 708 3.15031929984976 3.24631240870945
2  135 261 710 3.15031929984976 3.24631240870945
2  2 262 711 3.15031929984976 3.24631240870945
2  99 262 713 3.15031929984976 3.24631240870945
4 C0 262 711 263 711
4 C0 262 713 264 713
2  135 263 711 3.15031929984976 3.24631240870945
2  135 264 713 3.15031929984976 3.24631240870945
2  135 147 711 3.15031929984976 3.24631240870945
2  135 265 713 3.15031929984976 3.24631240870945
2  2 266 714 3.15031929984976 3.24631240870945
2  99 266 716 3.15031929984976 3.24631240870945
4 C0 266 714 267 714
4 C0 266 716 268 716
2  135 267 714 3.15031929984976 3.24631240870945
2  135 268 716 3.15031929984976 3.24631240870945
2  135 149 714 3.15031929984976 3.24631240870945
2  135 269 716 3.15031929984976 3.24631240870945
2  2 270 717 3.15031929984976 3.24631240870945
2  99 270 718 3.15031929984976 3.24631240870945
4 C0 270 717 271 717
4 C0 270 718 272 718
2  135 271 717 3.15031929984976 3.24631240870945
2  135 272 718 3.15031929984976 3.24631240870945
2  135 151 717 3.15031929984976 3.24631240870945
2  135 156 718 3.15031929984976 3.24631240870945
2  136 273 724 3.15031929984976 3.24631240870945
2  137 274 747 3.15031929984976 3.24631240870945
2  137 274 750 3.15031929984976 3.24631240870945
2  2 275 751 3.15031929984976 3.24631240870945
2  137 274 766 3.15031929984976 3.24631240870945
2  137 274 769 3.15031929984976 3.24631240870945
2  2 276 770 3.15031929984976 3.24631240870945
2  99 277 771 3.15031929984976 3.24631240870945
2  99 278 772 3.15031929984976 3.24631240870945
2  99 279 773 3.15031929984976 3.24631240870945
2  99 280 774 3.15031929984976 3.24631240870945
2  99 281 775 3.15031929984976 3.24631240870945
2  99 282 776 3.15031929984976 3.24631240870945
2  99 283 778 3.15031929984976 3.24631240870945
2  99 284 783 3.15031929984976 3.24631240870945
2  99 285 788 3.15031929984976 3.24631240870945
2  99 286 796 3.15031929984976 3.24631240870945
2  99 287 800 3.15031929984976 3.24631240870945
2  99 288 809 3.15031929984976 3.24631240870945
2  99 289 810 3.15031929984976 3.24631240870945
2  99 290 811 3.15031929984976 3.24631240870945
2  99 291 812 3.15031929984976 3.24631240870945
0

0101000
+82 908 -81 910 *
Ed
 1.0000001e-07 1 1 0
1  60 0 3.35975881008908 3.45575191894877
2  2 157 598 3.35975881008908 3.45575191894877
2  96 157 599 3.35975881008908 3.45575191894877
2  133 59 600 3.35975881008908 3.45575191894877
2  134 158 607 3.35975881008908 3.45575191894877
2  134 158 609 3.35975881008908 3.45575191894877
2  2 159 610 3.35975881008908 3.45575191894877
2  99 159 612 3.35975881008908 3.45575191894877
4 C0 159 610 160 610
4 C0 159 612 161 612
2  135 160 610 3.35975881008908 3.45575191894877
2  135 161 612 3.35975881008908 3.45575191894877
2  135 61 610 3.35975881008908 3.45575191894877
2  135 162 612 3.35975881008908 3.45575191894877
2  2 163 613 3.35975881008908 3.45575191894877
2  99 163 615 3.35975881008908 3.45575191894877
4 C0 163 613 164 613
4 C0 163 615 165 615
2  135 164 613 3.35975881008908 3.45575191894877
2  135 165 615 3.35975881008908 3.45575191894877
2  135 63 613 3.35975881008908 3.45575191894877
2  135 166 615 3.35975881008908 3.45575191894877
2  2 167 616 3.35975881008908 3.45575191894877
2  99 167 618 3.35975881008908 3.45575191894877
4 C0 167 616 168 616
4 C0 167 618 169 618
2  135 168 616 3.35975881008908 3.45575191894877
2  135 169 618 3.35975881008908 3.45575191894877
2  135 65 616 3.35975881008908 3.45575191894877
2  135 170 618 3.35975881008908 3.45575191894877
2  2 171 619 3.35975881008908 3.45575191894877
2  99 171 621 3.35975881008908 3.45575191894877
4 C0 171 619 172 619
4 C0 171 621 173 621
2  135 172 619 3.35975881008908 3.45575191894877
2  135 173 621 3.35975881008908 3.45575191894877
2  135 67 619 3.35975881008908 3.45575191894877
2  135 174 621 3.35975881008908 3.45575191894877
2  2 175 622 3.35975881008908 3.45575191894877
2  99 175 624 3.35975881008908 3.45575191894877
4 C0 175 622 176 622
4 C0 175 624 177 624
2  135 176 622 3.35975881008908 3.45575191894877
2  135 177 624 3.35975881008908 3.45575191894877
2  135 69 622 3.35975881008908 3.45575191894877
2  135 178 624 3.35975881008908 3.45575191894877
2  2 179 625 3.35975881008908 3.45575191894877
2  96 179 626 3.35975881008908 3.45575191894877
2  2 180 627 3.35975881008908 3.45575191894877
2  99 180 629 3.35975881008908 3.45575191894877
4 C0 180 627 181 627
4 C0 180 629 182 629
2  135 181 627 3.35975881008908 3.45575191894877
2  135 182 629 3.35975881008908 3.45575191894877
2  135 72 627 3.35975881008908 3.45575191894877
2  135 73 629 3.35975881008908 3.45575191894877
2  2 183 630 3.35975881008908 3.45575191894877
2  99 183 632 3.35975881008908 3.45575191894877
4 C0 183 630 184 630
4 C0 183 632 185 632
2  135 184 630 3.35975881008908 3.45575191894877
2  135 185 632 3.35975881008908 3.45575191894877
2  135 75 630 3.35975881008908 3.45575191894877
2  135 76 632 3.35975881008908 3.45575191894877
2  2 186 633 3.35975881008908 3.45575191894877
2  99 186 635 3.35975881008908 3.45575191894877
4 C0 186 633 187 633
4 C0 186 635 188 635
2  135 187 633 3.35975881008908 3.45575191894877
2  135 188 635 3.35975881008908 3.45575191894877
2  135 78 633 3.35975881008908 3.45575191894877
2  135 79 635 3.35975881008908 3.45575191894877
2  2 189 636 3.35975881008908 3.45575191894877
2  99 189 638 3.35975881008908 3.45575191894877
4 C0 189 636 190 636
4 C0 189 638 191 638
2  135 190 636 3.35975881008908 3.45575191894877
2  135 191 638 3.35975881008908 3.45575191894877
2  135 81 636 3.35975881008908 3.45575191894877
2  135 82 638 3.35975881008908 3.45575191894877
2  2 192 639 3.35975881008908 3.45575191894877
2  99 192 641 3.35975881008908 3.45575191894877
4 C0 192 639 193 639
4 C0 192 641 194 641
2  135 193 639 3.35975881008908 3.45575191894877
2  135 194 641 3.35975881008908 3.45575191894877
2  135 84 639 3.35975881008908 3.45575191894877
2  135 85 641 3.35975881008908 3.45575191894877
2  2 195 642 3.35975881008908 3.45575191894877
2  96 195 643 3.35975881008908 3.45575191894877
2  2 196 644 3.35975881008908 3.45575191894877
4 C0 196 644 197 644
2  135 197 644 3.35975881008908 3.45575191894877
2  135 88 644 3.35975881008908 3.45575191894877
2  2 198 645 3.35975881008908 3.45575191894877
2  96 198 646 3.35975881008908 3.45575191894877
2  2 199 647 3.35975881008908 3.45575191894877
2  99 199 649 3.35975881008908 3.45575191894877
4 C0 199 647 200 647
4 C0 199 649 201 649
2  135 200 647 3.35975881008908 3.45575191894877
2  135 201 649 3.35975881008908 3.45575191894877
2  135 92 647 3.35975881008908 3.45575191894877
2  135 93 649 3.35975881008908 3.45575191894877
2  2 202 650 3.35975881008908 3.45575191894877
2  96 202 651 3.35975881008908 3.45575191894877
2  2 203 652 3.35975881008908 3.45575191894877
2  99 203 654 3.35975881008908 3.45575191894877
4 C0 203 652 204 652
4 C0 203 654 205 654
2  135 204 652 3.35975881008908 3.45575191894877
2  135 205 654 3.35975881008908 3.45575191894877
2  135 96 652 3.35975881008908 3.45575191894877
2  135 97 654 3.35975881008908 3.45575191894877
2  2 206 655 3.35975881008908 3.45575191894877
2  99 206 657 3.35975881008908 3.45575191894877
4 C0 206 655 207 655
4 C0 206 657 208 657
2  135 207 655 3.35975881008908 3.45575191894877
2  135 208 657 3.35975881008908 3.45575191894877
2  135 99 655 3.35975881008908 3.45575191894877
2  135 100 657 3.35975881008908 3.45575191894877
2  2 209 658 3.35975881008908 3.45575191894877
2  99 209 660 3.35975881008908 3.45575191894877
4 C0 209 658 210 658
4 C0 209 660 211 660
2  135 210 658 3.35975881008908 3.45575191894877
2  135 211 660 3.35975881008908 3.45575191894877
2  135 102 658 3.35975881008908 3.45575191894877
2  135 103 660 3.35975881008908 3.45575191894877
2  2 212 661 3.35975881008908 3.45575191894877
2  99 212 663 3.35975881008908 3.45575191894877
4 C0 212 661 213 661
4 C0 212 663 214 663
2  135 213 661 3.35975881008908 3.45575191894877
2  135 214 663 3.35975881008908 3.45575191894877
2  135 105 661 3.35975881008908 3.45575191894877
2  135 106 663 3.35975881008908 3.45575191894877
2  2 215 664 3.35975881008908 3.45575191894877
2  99 215 666 3.35975881008908 3.45575191894877
4 C0 215 664 216 664
4 C0 215 666 217 666
2  135 216 664 3.35975881008908 3.45575191894877
2  135 217 666 3.35975881008908 3.45575191894877
2  135 108 664 3.35975881008908 3.45575191894877
2  135 109 666 3.35975881008908 3.45575191894877
2  2 218 667 3.35975881008908 3.45575191894877
2  99 218 669 3.35975881008908 3.45575191894877
4 C0 218 667 219 667
4 C0 218 669 220 669
2  135 219 667 3.35975881008908 3.45575191894877
2  135 220 669 3.35975881008908 3.45575191894877
2  135 111 667 3.35975881008908 3.45575191894877
2  135 112 669 3.35975881008908 3.45575191894877
2  2 221 670 3.35975881008908 3.45575191894877
2  99 221 672 3.35975881008908 3.45575191894877
4 C0 221 670 222 670
4 C0 221 672 223 672
2  135 222 670 3.35975881008908 3.45575191894877
2  135 223 672 3.35975881008908 3.45575191894877
2  135 114 670 3.35975881008908 3.45575191894877
2  135 115 672 3.35975881008908 3.45575191894877
2  2 224 673 3.35975881008908 3.45575191894877
2  99 224 675 3.35975881008908 3.45575191894877
4 C0 224 673 225 673
4 C0 224 675 226 675
2  135 225 673 3.35975881008908 3.45575191894877
2  135 226 675 3.35975881008908 3.45575191894877
2  135 117 673 3.35975881008908 3.45575191894877
2  135 118 675 3.35975881008908 3.45575191894877
2  2 227 676 3.35975881008908 3.45575191894877
2  99 227 678 3.35975881008908 3.45575191894877
4 C0 227 676 228 676
4 C0 227 678 229 678
2  135 228 676 3.35975881008908 3.45575191894877
2  135 229 678 3.35975881008908 3.45575191894877
2  135 120 676 3.35975881008908 3.45575191894877
2  135 121 678 3.35975881008908 3.45575191894877
2  2 230 679 3.35975881008908 3.45575191894877
2  96 230 680 3.35975881008908 3.45575191894877
2  2 231 681 3.35975881008908 3.45575191894877
2  99 231 683 3.35975881008908 3.45575191894877
4 C0 231 681 232 681
4 C0 231 683 233 683
2  135 232 681 3.35975881008908 3.45575191894877
2  135 233 683 3.35975881008908 3.45575191894877
2  135 124 681 3.35975881008908 3.45575191894877
2  135 234 683 3.35975881008908 3.45575191894877
2  2 235 684 3.35975881008908 3.45575191894877
2  96 235 685 3.35975881008908 3.45575191894877
2  2 236 686 3.35975881008908 3.45575191894877
2  99 236 688 3.35975881008908 3.45575191894877
4 C0 236 686 237 686
4 C0 236 688 238 688
2  135 237 686 3.35975881008908 3.45575191894877
2  135 238 688 3.35975881008908 3.45575191894877
2  135 127 686 3.35975881008908 3.45575191894877
2  135 239 688 3.35975881008908 3.45575191894877
2  2 240 689 3.35975881008908 3.45575191894877
2  99 240 691 3.35975881008908 3.45575191894877
4 C0 240 689 241 689
4 C0 240 691 242 691
2  135 241 689 3.35975881008908 3.45575191894877
2  135 242 691 3.35975881008908 3.45575191894877
2  135 129 689 3.35975881008908 3.45575191894877
2  135 243 691 3.35975881008908 3.45575191894877
2  2 244 692 3.35975881008908 3.45575191894877
2  96 244 693 3.35975881008908 3.45575191894877
2  2 245 694 3.35975881008908 3.45575191894877
2  99 245 696 3.35975881008908 3.45575191894877
4 C0 245 694 246 694
4 C0 245 696 247 696
2  135 246 694 3.35975881008908 3.45575191894877
2  135 247 696 3.35975881008908 3.45575191894877
2  135 132 694 3.35975881008908 3.45575191894877
2  135 133 696 3.35975881008908 3.45575191894877
2  2 248 697 3.35975881008908 3.45575191894877
2  99 248 699 3.35975881008908 3.45575191894877
4 C0 248 697 249 697
4 C0 248 699 250 699
2  135 249 697 3.35975881008908 3.45575191894877
2  135 250 699 3.35975881008908 3.45575191894877
2  135 135 697 3.35975881008908 3.45575191894877
2  135 136 699 3.35975881008908 3.45575191894877
2  2 251 700 3.35975881008908 3.45575191894877
2  99 251 702 3.35975881008908 3.45575191894877
4 C0 251 700 252 700
4 C0 251 702 253 702
2  135 252 700 3.35975881008908 3.45575191894877
2  135 253 702 3.35975881008908 3.45575191894877
2  135 138 700 3.35975881008908 3.45575191894877
2  135 139 702 3.35975881008908 3.45575191894877
2  2 254 703 3.35975881008908 3.45575191894877
2  99 254 705 3.35975881008908 3.45575191894877
4 C0 254 703 255 703
4 C0 254 705 256 705
2  135 255 703 3.35975881008908 3.45575191894877
2  135 256 705 3.35975881008908 3.45575191894877
2  135 141 703 3.35975881008908 3.45575191894877
2  135 142 705 3.35975881008908 3.45575191894877
2  2 257 706 3.35975881008908 3.45575191894877
2  96 257 707 3.35975881008908 3.45575191894877
2  2 258 708 3.35975881008908 3.45575191894877
2  99 258 710 3.35975881008908 3.45575191894877
4 C0 258 708 259 708
4 C0 258 710 260 710
2  135 259 708 3.35975881008908 3.45575191894877
2  135 260 710 3.35975881008908 3.45575191894877
2  135 145 708 3.35975881008908 3.45575191894877
2  135 261 710 3.35975881008908 3.45575191894877
2  2 262 711 3.35975881008908 3.45575191894877
2  99 262 713 3.35975881008908 3.45575191894877
4 C0 262 711 263 711
4 C0 262 713 264 713
2  135 263 711 3.35975881008908 3.45575191894877
2  135 264 713 3.35975881008908 3.45575191894877
2  135 147 711 3.35975881008908 3.45575191894877
2  135 265 713 3.35975881008908 3.45575191894877
2  2 266 714 3.35975881008908 3.45575191894877
2  99 266 716 3.35975881008908 3.45575191894877
4 C0 266 714 267 714
4 C0 266 716 268 716
2  135 267 714 3.35975881008908 3.45575191894877
2  135 268 716 3.35975881008908 3.45575191894877
2  135 149 714 3.35975881008908 3.45575191894877
2  135 269 716 3.35975881008908 3.45575191894877
2  2 270 717 3.35975881008908 3.45575191894877
2  99 270 718 3.35975881008908 3.45575191894877
4 C0 270 717 271 717
4 C0 270 718 272 718
2  135 271 717 3.35975881008908 3.45575191894877
2  135 272 718 3.35975881008908 3.45575191894877
2  135 151 717 3.35975881008908 3.45575191894877
2  135 156 718 3.35975881008908 3.45575191894877
2  136 273 724 3.35975881008908 3.45575191894877
2  137 274 747 3.35975881008908 3.45575191894877
2  137 274 750 3.35975881008908 3.45575191894877
2  2 275 751 3.35975881008908 3.45575191894877
2  137 274 766 3.35975881008908 3.45575191894877
2  137 274 769 3.35975881008908 3.45575191894877
2  2 276 770 3.35975881008908 3.45575191894877
2  99 277 771 3.35975881008908 3.45575191894877
2  99 278 772 3.35975881008908 3.45575191894877
2  99 279 773 3.35975881008908 3.45575191894877
2  99 280 774 3.35975881008908 3.45575191894877
2  99 281 775 3.35975881008908 3.45575191894877
2  99 282 776 3.35975881008908 3.45575191894877
2  99 283 778 3.35975881008908 3.45575191894877
2  99 284 783 3.35975881008908 3.45575191894877
2  99 285 788 3.35975881008908 3.45575191894877
2  99 286 796 3.35975881008908 3.45575191894877
2  99 287 800 3.35975881008908 3.45575191894877
2  99 288 809 3.35975881008908 3.45575191894877
2  99 289 810 3.35975881008908 3.45575191894877
2  99 290 811 3.35975881008908 3.45575191894877
2  99 291 812 3.35975881008908 3.45575191894877
0

0101000
+82 910 -81 912 *
Ed
 1.0000001e-07 1 1 0
1  60 0 3.5691983203284 3.66519142918809
2  2 157 598 3.5691983203284 3.66519142918809
2  96 157 599 3.5691983203284 3.66519142918809
2  133 59 600 3.5691983203284 3.66519142918809
2  134 158 607 3.5691983203284 3.66519142918809
2  134 158 609 3.5691983203284 3.66519142918809
2  2 159 610 3.5691983203284 3.66519142918809
2  99 159 612 3.5691983203284 3.66519142918809
4 C0 159 610 160 610
4 C0 159 612 161 612
2  135 160 610 3.5691983203284 3.66519142918809
2  135 161 612 3.5691983203284 3.66519142918809
2  135 61 610 3.5691983203284 3.66519142918809
2  135 162 612 3.5691983203284 3.66519142918809
2  2 163 613 3.5691983203284 3.66519142918809
2  99 163 615 3.5691983203284 3.66519142918809
4 C0 163 613 164 613
4 C0 163 615 165 615
2  135 164 613 3.5691983203284 3.66519142918809
2  135 165 615 3.5691983203284 3.66519142918809
2  135 63 613 3.5691983203284 3.66519142918809
2  135 166 615 3.5691983203284 3.66519142918809
2  2 167 616 3.5691983203284 3.66519142918809
2  99 167 618 3.5691983203284 3.66519142918809
4 C0 167 616 168 616
4 C0 167 618 169 618
2  135 168 616 3.5691983203284 3.66519142918809
2  135 169 618 3.5691983203284 3.66519142918809
2  135 65 616 3.5691983203284 3.66519142918809
2  135 170 618 3.5691983203284 3.66519142918809
2  2 171 619 3.5691983203284 3.66519142918809
2  99 171 621 3.5691983203284 3.66519142918809
4 C0 171 619 172 619
4 C0 171 621 173 621
2  135 172 619 3.5691983203284 3.66519142918809
2  135 173 621 3.5691983203284 3.66519142918809
2  135 67 619 3.5691983203284 3.66519142918809
2  135 174 621 3.5691983203284 3.66519142918809
2  2 175 622 3.5691983203284 3.66519142918809
2  99 175 624 3.5691983203284 3.66519142918809
4 C0 175 622 176 622
4 C0 175 624 177 624
2  135 176 622 3.5691983203284 3.66519142918809
2  135 177 624 3.5691983203284 3.66519142918809
2  135 69 622 3.5691983203284 3.66519142918809
2  135 178 624 3.5691983203284 3.66519142918809
2  2 179 625 3.5691983203284 3.66519142918809
2  96 179 626 3.5691983203284 3.66519142918809
2  2 180 627 3.5691983203284 3.66519142918809
2  99 180 629 3.5691983203284 3.66519142918809
4 C0 180 627 181 627
4 C0 180 629 182 629
2  135 181 627 3.5691983203284 3.66519142918809
2  135 182 629 3.5691983203284 3.66519142918809
2  135 72 627 3.5691983203284 3.66519142918809
2  135 73 629 3.5691983203284 3.66519142918809
2  2 183 630 3.5691983203284 3.66519142918809
2  99 183 632 3.5691983203284 3.66519142918809
4 C0 183 630 184 630
4 C0 183 632 185 632
2  135 184 630 3.5691983203284 3.66519142918809
2  135 185 632 3.5691983203284 3.66519142918809
2  135 75 630 3.5691983203284 3.66519142918809
2  135 76 632 3.5691983203284 3.66519142918809
2  2 186 633 3.5691983203284 3.66519142918809
2  99 186 635 3.5691983203284 3.66519142918809
4 C0 186 633 187 633
4 C0 186 635 188 635
2  135 187 633 3.5691983203284 3.66519142918809
2  135 188 635 3.5691983203284 3.66519142918809
2  135 78 633 3.5691983203284 3.66519142918809
2  135 79 635 3.5691983203284 3.66519142918809
2  2 189 636 3.5691983203284 3.66519142918809
2  99 189 638 3.5691983203284 3.66519142918809
4 C0 189 636 190 636
4 C0 189 638 191 638
2  135 190 636 3.5691983203284 3.66519142918809
2  135 191 638 3.5691983203284 3.66519142918809
2  135 81 636 3.5691983203284 3.66519142918809
2  135 82 638 3.5691983203284 3.66519142918809
2  2 192 639 3.5691983203284 3.66519142918809
2  99 192 641 3.5691983203284 3.66519142918809
4 C0 192 639 193 639
4 C0 192 641 194 641
2  135 193 639 3.5691983203284 3.66519142918809
2  135 194 641 3.5691983203284 3.66519142918809
2  135 84 639 3.5691983203284 3.66519142918809
2  135 85 641 3.5691983203284 3.66519142918809
2  2 195 642 3.5691983203284 3.66519142918809
2  96 195 643 3.5691983203284 3.66519142918809
2  2 196 644 3.5691983203284 3.66519142918809
4 C0 196 644 197 644
2  135 197 644 3.5691983203284 3.66519142918809
2  135 88 644 3.5691983203284 3.66519142918809
2  2 198 645 3.5691983203284 3.66519142918809
2  96 198 646 3.5691983203284 3.66519142918809
2  2 199 647 3.5691983203284 3.66519142918809
2  99 199 649 3.5691983203284 3.66519142918809
4 C0 199 647 200 647
4 C0 199 649 201 649
2  135 200 647 3.5691983203284 3.66519142918809
2  135 201 649 3.5691983203284 3.66519142918809
2  135 92 647 3.5691983203284 3.66519142918809
2  135 93 649 3.5691983203284 3.66519142918809
2  2 202 650 3.5691983203284 3.66519142918809
2  96 202 651 3.5691983203284 3.66519142918809
2  2 203 652 3.5691983203284 3.66519142918809
2  99 203 654 3.5691983203284 3.66519142918809
4 C0 203 652 204 652
4 C0 203 654 205 654
2  135 204 652 3.5691983203284 3.66519142918809
2  135 205 654 3.5691983203284 3.66519142918809
2  135 96 652 3.5691983203284 3.66519142918809
2  135 97 654 3.5691983203284 3.66519142918809
2  2 206 655 3.5691983203284 3.66519142918809
2  99 206 657 3.5691983203284 3.66519142918809
4 C0 206 655 207 655
4 C0 206 657 208 657
2  135 207 655 3.5691983203284 3.66519142918809
2  135 208 657 3.5691983203284 3.66519142918809
2  135 99 655 3.5691983203284 3.66519142918809
2  135 100 657 3.5691983203284 3.66519142918809
2  2 209 658 3.5691983203284 3.66519142918809
2  99 209 660 3.5691983203284 3.66519142918809
4 C0 209 658 210 658
4 C0 209 660 211 660
2  135 210 658 3.5691983203284 3.66519142918809
2  135 211 660 3.5691983203284 3.66519142918809
2  135 102 658 3.5691983203284 3.66519142918809
2  135 103 660 3.5691983203284 3.66519142918809
2  2 212 661 3.5691983203284 3.66519142918809
2  99 212 663 3.5691983203284 3.66519142918809
4 C0 212 661 213 661
4 C0 212 663 214 663
2  135 213 661 3.5691983203284 3.66519142918809
2  135 214 663 3.5691983203284 3.66519142918809
2  135 105 661 3.5691983203284 3.66519142918809
2  135 106 663 3.5691983203284 3.66519142918809
2  2 215 664 3.5691983203284 3.66519142918809
2  99 215 666 3.5691983203284 3.66519142918809
4 C0 215 664 216 664
4 C0 215 666 217 666
2  135 216 664 3.5691983203284 3.66519142918809
2  135 217 666 3.5691983203284 3.66519142918809
2  135 108 664 3.5691983203284 3.66519142918809
2  135 109 666 3.5691983203284 3.66519142918809
2  2 218 667 3.5691983203284 3.66519142918809
2  99 218 669 3.5691983203284 3.66519142918809
4 C0 218 667 219 667
4 C0 218 669 220 669
2  135 219 667 3.5691983203284 3.66519142918809
2  135 220 669 3.5691983203284 3.66519142918809
2  135 111 667 3.5691983203284 3.66519142918809
2  135 112 669 3.5691983203284 3.66519142918809
2  2 221 670 3.5691983203284 3.66519142918809
2  99 221 672 3.5691983203284 3.66519142918809
4 C0 221 670 222 670
4 C0 221 672 223 672
2  135 222 670 3.5691983203284 3.66519142918809
2  135 223 672 3.5691983203284 3.66519142918809
2  135 114 670 3.5691983203284 3.66519142918809
2  135 115 672 3.5691983203284 3.66519142918809
2  2 224 673 3.5691983203284 3.66519142918809
2  99 224 675 3.5691983203284 3.66519142918809
4 C0 224 673 225 673
4 C0 224 675 226 675
2  135 225 673 3.5691983203284 3.66519142918809
2  135 226 675 3.5691983203284 3.66519142918809
2  135 117 673 3.5691983203284 3.66519142918809
2  135 118 675 3.5691983203284 3.66519142918809
2  2 227 676 3.5691983203284 3.66519142918809
2  99 227 678 3.5691983203284 3.66519142918809
4 C0 227 676 228 676
4 C0 227 678 229 678
2  135 228 676 3.5691983203284 3.66519142918809
2  135 229 678 3.5691983203284 3.66519142918809
2  135 120 676 3.5691983203284 3.66519142918809
2  135 121 678 3.5691983203284 3.66519142918809
2  2 230 679 3.5691983203284 3.66519142918809
2  96 230 680 3.5691983203284 3.66519142918809
2  2 231 681 3.5691983203284 3.66519142918809
2  99 231 683 3.5691983203284 3.66519142918809
4 C0 231 681 232 681
4 C0 231 683 233 683
2  135 232 681 3.5691983203284 3.66519142918809
2  135 233 683 3.5691983203284 3.66519142918809
2  135 124 681 3.5691983203284 3.66519142918809
2  135 234 683 3.5691983203284 3.66519142918809
2  2 235 684 3.5691983203284 3.66519142918809
2  96 235 685 3.5691983203284 3.66519142918809
2  2 236 686 3.5691983203284 3.66519142918809
2  99 236 688 3.5691983203284 3.66519142918809
4 C0 236 686 237 686
4 C0 236 688 238 688
2  135 237 686 3.5691983203284 3.66519142918809
2  135 238 688 3.5691983203284 3.66519142918809
2  135 127 686 3.5691983203284 3.66519142918809
2  135 239 688 3.5691983203284 3.66519142918809
2  2 240 689 3.5691983203284 3.66519142918809
2  99 240 691 3.5691983203284 3.66519142918809
4 C0 240 689 241 689
4 C0 240 691 242 691
2  135 241 689 3.5691983203284 3.66519142918809
2  135 242 691 3.5691983203284 3.66519142918809
2  135 129 689 3.5691983203284 3.66519142918809
2  135 243 691 3.5691983203284 3.66519142918809
2  2 244 692 3.5691983203284 3.66519142918809
2  96 244 693 3.5691983203284 3.66519142918809
2  2 245 694 3.5691983203284 3.66519142918809
2  99 245 696 3.5691983203284 3.66519142918809
4 C0 245 694 246 694
4 C0 245 696 247 696
2  135 246 694 3.5691983203284 3.66519142918809
2  135 247 696 3.5691983203284 3.66519142918809
2  135 132 694 3.5691983203284 3.66519142918809
2  135 133 696 3.5691983203284 3.66519142918809
2  2 248 697 3.5691983203284 3.66519142918809
2  99 248 699 3.5691983203284 3.66519142918809
4 C0 248 697 249 697
4 C0 248 699 250 699
2  135 249 697 3.5691983203284 3.66519142918809
2  135 250 699 3.5691983203284 3.66519142918809
2  135 135 697 3.5691983203284 3.66519142918809
2  135 136 699 3.5691983203284 3.66519142918809
2  2 251 700 3.5691983203284 3.66519142918809
2  99 251 702 3.5691983203284 3.66519142918809
4 C0 251 700 252 700
4 C0 251 702 253 702
2  135 252 700 3.5691983203284 3.66519142918809
2  135 253 702 3.5691983203284 3.66519142918809
2  135 138 700 3.5691983203284 3.66519142918809
2  135 139 702 3.5691983203284 3.66519142918809
2  2 254 703 3.5691983203284 3.66519142918809
2  99 254 705 3.5691983203284 3.66519142918809
4 C0 254 703 255 703
4 C0 254 705 256 705
2  135 255 703 3.5691983203284 3.66519142918809
2  135 256 705 3.5691983203284 3.66519142918809
2  135 141 703 3.5691983203284 3.66519142918809
2  135 142 705 3.5691983203284 3.66519142918809
2  2 257 706 3.5691983203284 3.66519142918809
2  96 257 707 3.5691983203284 3.66519142918809
2  2 258 708 3.5691983203284 3.66519142918809
2  99 258 710 3.5691983203284 3.66519142918809
4 C0 258 708 259 708
4 C0 258 710 260 710
2  135 259 708 3.5691983203284 3.66519142918809
2  135 260 710 3.5691983203284 3.66519142918809
2  135 145 708 3.5691983203284 3.66519142918809
2  135 261 710 3.5691983203284 3.66519142918809
2  2 262 711 3.5691983203284 3.66519142918809
2  99 262 713 3.5691983203284 3.66519142918809
4 C0 262 711 263 711
4 C0 262 713 264 713
2  135 263 711 3.5691983203284 3.66519142918809
2  135 264 713 3.5691983203284 3.66519142918809
2  135 147 711 3.5691983203284 3.66519142918809
2  135 265 713 3.5691983203284 3.66519142918809
2  2 266 714 3.5691983203284 3.66519142918809
2  99 266 716 3.5691983203284 3.66519142918809
4 C0 266 714 267 714
4 C0 266 716 268 716
2  135 267 714 3.5691983203284 3.66519142918809
2  135 268 716 3.5691983203284 3.66519142918809
2  135 149 714 3.5691983203284 3.66519142918809
2  135 269 716 3.5691983203284 3.66519142918809
2  2 270 717 3.5691983203284 3.66519142918809
2  99 270 718 3.5691983203284 3.66519142918809
4 C0 270 717 271 717
4 C0 270 718 272 718
2  135 271 717 3.5691983203284 3.66519142918809
2  135 272 718 3.5691983203284 3.66519142918809
2  135 151 717 3.5691983203284 3.66519142918809
2  135 156 718 3.5691983203284 3.66519142918809
2  136 273 724 3.5691983203284 3.66519142918809
2  137 274 747 3.5691983203284 3.66519142918809
2  137 274 750 3.5691983203284 3.66519142918809
2  2 275 751 3.5691983203284 3.66519142918809
2  137 274 766 3.5691983203284 3.66519142918809
2  137 274 769 3.5691983203284 3.66519142918809
2  2 276 770 3.5691983203284 3.66519142918809
2  99 277 771 3.5691983203284 3.66519142918809
2  99 278 772 3.5691983203284 3.66519142918809
2  99 279 773 3.5691983203284 3.66519142918809
2  99 280 774 3.5691983203284 3.66519142918809
2  99 281 775 3.5691983203284 3.66519142918809
2  99 282 776 3.5691983203284 3.66519142918809
2  99 283 778 3.5691983203284 3.66519142918809
2  99 284 783 3.5691983203284 3.66519142918809
2  99 285 788 3.5691983203284 3.66519142918809
2  99 286 796 3.5691983203284 3.66519142918809
2  99 287 800 3.5691983203284 3.66519142918809
2  99 288 809 3.5691983203284 3.66519142918809
2  99 289 810 3.5691983203284 3.66519142918809
2  99 290 811 3.5691983203284 3.66519142918809
2  99 291 812 3.5691983203284 3.66519142918809
0

0101000
+82 912 -81 914 *
Ed
 1.0000001e-07 1 1 0
1  60 0 3.77863783056772 3.87463093942741
2  2 157 598 3.77863783056772 3.87463093942741
2  96 157 599 3.77863783056772 3.87463093942741
2  133 59 600 3.77863783056772 3.87463093942741
2  134 158 607 3.77863783056772 3.87463093942741
2  134 158 609 3.77863783056772 3.87463093942741
2  2 159 610 3.77863783056772 3.87463093942741
2  99 159 612 3.77863783056772 3.87463093942741
4 C0 159 610 160 610
4 C0 159 612 161 612
2  135 160 610 3.77863783056772 3.87463093942741
2  135 161 612 3.77863783056772 3.87463093942741
2  135 61 610 3.77863783056772 3.87463093942741
2  135 162 612 3.77863783056772 3.87463093942741
2  2 163 613 3.77863783056772 3.87463093942741
2  99 163 615 3.77863783056772 3.87463093942741
4 C0 163 613 164 613
4 C0 163 615 165 615
2  135 164 613 3.77863783056772 3.87463093942741
2  135 165 615 3.77863783056772 3.87463093942741
2  135 63 613 3.77863783056772 3.87463093942741
2  135 166 615 3.77863783056772 3.87463093942741
2  2 167 616 3.77863783056772 3.87463093942741
2  99 167 618 3.77863783056772 3.87463093942741
4 C0 167 616 168 616
4 C0 167 618 169 618
2  135 168 616 3.77863783056772 3.87463093942741
2  135 169 618 3.77863783056772 3.87463093942741
2  135 65 616 3.77863783056772 3.87463093942741
2  135 170 618 3.77863783056772 3.87463093942741
2  2 171 619 3.77863783056772 3.87463093942741
2  99 171 621 3.77863783056772 3.87463093942741
4 C0 171 619 172 619
4 C0 171 621 173 621
2  135 172 619 3.77863783056772 3.87463093942741
2  135 173 621 3.77863783056772 3.87463093942741
2  135 67 619 3.77863783056772 3.87463093942741
2  135 174 621 3.77863783056772 3.87463093942741
2  2 175 622 3.77863783056772 3.87463093942741
2  99 175 624 3.77863783056772 3.87463093942741
4 C0 175 622 176 622
4 C0 175 624 177 624
2  135 176 622 3.77863783056772 3.87463093942741
2  135 177 624 3.77863783056772 3.87463093942741
2  135 69 622 3.77863783056772 3.87463093942741
2  135 178 624 3.77863783056772 3.87463093942741
2  2 179 625 3.77863783056772 3.87463093942741
2  96 179 626 3.77863783056772 3.87463093942741
2  2 180 627 3.77863783056772 3.87463093942741
2  99 180 629 3.77863783056772 3.87463093942741
4 C0 180 627 181 627
4 C0 180 629 182 629
2  135 181 627 3.77863783056772 3.87463093942741
2  135 182 629 3.77863783056772 3.87463093942741
2  135 72 627 3.77863783056772 3.87463093942741
2  135 73 629 3.77863783056772 3.87463093942741
2  2 183 630 3.77863783056772 3.87463093942741
2  99 183 632 3.77863783056772 3.87463093942741
4 C0 183 630 184 630
4 C0 183 632 185 632
2  135 184 630 3.77863783056772 3.87463093942741
2  135 185 632 3.77863783056772 3.87463093942741
2  135 75 630 3.77863783056772 3.87463093942741
2  135 76 632 3.77863783056772 3.87463093942741
2  2 186 633 3.77863783056772 3.87463093942741
2  99 186 635 3.77863783056772 3.87463093942741
4 C0 186 633 187 633
4 C0 186 635 188 635
2  135 187 633 3.77863783056772 3.87463093942741
2  135 188 635 3.77863783056772 3.87463093942741
2  135 78 633 3.77863783056772 3.87463093942741
2  135 79 635 3.77863783056772 3.87463093942741
2  2 189 636 3.77863783056772 3.87463093942741
2  99 189 638 3.77863783056772 3.87463093942741
4 C0 189 636 190 636
4 C0 189 638 191 638
2  135 190 636 3.77863783056772 3.87463093942741
2  135 191 638 3.77863783056772 3.87463093942741
2  135 81 636 3.77863783056772 3.87463093942741
2  135 82 638 3.77863783056772 3.87463093942741
2  2 192 639 3.77863783056772 3.87463093942741
2  99 192 641 3.77863783056772 3.87463093942741
4 C0 192 639 193 639
4 C0 192 641 194 641
2  135 193 639 3.77863783056772 3.87463093942741
2  135 194 641 3.77863783056772 3.87463093942741
2  135 84 639 3.77863783056772 3.87463093942741
2  135 85 641 3.77863783056772 3.87463093942741
2  2 195 642 3.77863783056772 3.87463093942741
2  96 195 643 3.77863783056772 3.87463093942741
2  2 196 644 3.77863783056772 3.87463093942741
4 C0 196 644 197 644
2  135 197 644 3.77863783056772 3.87463093942741
2  135 88 644 3.77863783056772 3.87463093942741
2  2 198 645 3.77863783056772 3.87463093942741
2  96 198 646 3.77863783056772 3.87463093942741
2  2 199 647 3.77863783056772 3.87463093942741
2  99 199 649 3.77863783056772 3.87463093942741
4 C0 199 647 200 647
4 C0 199 649 201 649
2  135 200 647 3.77863783056772 3.87463093942741
2  135 201 649 3.77863783056772 3.87463093942741
2  135 92 647 3.77863783056772 3.87463093942741
2  135 93 649 3.77863783056772 3.87463093942741
2  2 202 650 3.77863783056772 3.87463093942741
2  96 202 651 3.77863783056772 3.87463093942741
2  2 203 652 3.77863783056772 3.87463093942741
2  99 203 654 3.77863783056772 3.87463093942741
4 C0 203 652 204 652
4 C0 203 654 205 654
2  135 204 652 3.77863783056772 3.87463093942741
2  135 205 654 3.77863783056772 3.87463093942741
2  135 96 652 3.77863783056772 3.87463093942741
2  135 97 654 3.77863783056772 3.87463093942741
2  2 206 655 3.77863783056772 3.87463093942741
2  99 206 657 3.77863783056772 3.87463093942741
4 C0 206 655 207 655
4 C0 206 657 208 657
2  135 207 655 3.77863783056772 3.87463093942741
2  135 208 657 3.77863783056772 3.87463093942741
2  135 99 655 3.77863783056772 3.87463093942741
2  135 100 657 3.77863783056772 3.87463093942741
2  2 209 658 3.77863783056772 3.87463093942741
2  99 209 660 3.77863783056772 3.87463093942741
4 C0 209 658 210 658
4 C0 209 660 211 660
2  135 210 658 3.77863783056772 3.87463093942741
2  135 211 660 3.77863783056772 3.87463093942741
2  135 102 658 3.77863783056772 3.87463093942741
2  135 103 660 3.77863783056772 3.87463093942741
2  2 212 661 3.77863783056772 3.87463093942741
2  99 212 663 3.77863783056772 3.87463093942741
4 C0 212 661 213 661
4 C0 212 663 214 663
2  135 213 661 3.77863783056772 3.87463093942741
2  135 214 663 3.77863783056772 3.87463093942741
2  135 105 661 3.77863783056772 3.87463093942741
2  135 106 663 3.77863783056772 3.87463093942741
2  2 215 664 3.77863783056772 3.87463093942741
2  99 215 666 3.77863783056772 3.87463093942741
4 C0 215 664 216 664
4 C0 215 666 217 666
2  135 216 664 3.77863783056772 3.87463093942741
2  135 217 666 3.77863783056772 3.87463093942741
2  135 108 664 3.77863783056772 3.87463093942741
2  135 109 666 3.77863783056772 3.87463093942741
2  2 218 667 3.77863783056772 3.87463093942741
2  99 218 669 3.77863783056772 3.87463093942741
4 C0 218 667 219 667
4 C0 218 669 220 669
2  135 219 667 3.77863783056772 3.87463093942741
2  135 220 669 3.77863783056772 3.87463093942741
2  135 111 667 3.77863783056772 3.87463093942741
2  135 112 669 3.77863783056772 3.87463093942741
2  2 221 670 3.77863783056772 3.87463093942741
2  99 221 672 3.77863783056772 3.87463093942741
4 C0 221 670 222 670
4 C0 221 672 223 672
2  135 222 670 3.77863783056772 3.87463093942741
2  135 223 672 3.77863783056772 3.87463093942741
2  135 114 670 3.77863783056772 3.87463093942741
2  135 115 672 3.77863783056772 3.87463093942741
2  2 224 673 3.77863783056772 3.87463093942741
2  99 224 675 3.77863783056772 3.87463093942741
4 C0 224 673 225 673
4 C0 224 675 226 675
2  135 225 673 3.77863783056772 3.87463093942741
2  135 226 675 3.77863783056772 3.87463093942741
2  135 117 673 3.77863783056772 3.87463093942741
2  135 118 675 3.77863783056772 3.87463093942741
2  2 227 676 3.77863783056772 3.87463093942741
2  99 227 678 3.77863783056772 3.87463093942741
4 C0 227 676 228 676
4 C0 227 678 229 678
2  135 228 676 3.77863783056772 3.87463093942741
2  135 229 678 3.77863783056772 3.87463093942741
2  135 120 676 3.77863783056772 3.87463093942741
2  135 121 678 3.77863783056772 3.87463093942741
2  2 230 679 3.77863783056772 3.87463093942741
2  96 230 680 3.77863783056772 3.87463093942741
2  2 231 681 3.77863783056772 3.87463093942741
2  99 231 683 3.77863783056772 3.87463093942741
4 C0 231 681 232 681
4 C0 231 683 233 683
2  135 232 681 3.77863783056772 3.87463093942741
2  135 233 683 3.77863783056772 3.87463093942741
2  135 124 681 3.77863783056772 3.87463093942741
2  135 234 683 3.77863783056772 3.87463093942741
2  2 235 684 3.77863783056772 3.87463093942741
2  96 235 685 3.77863783056772 3.87463093942741
2  2 236 686 3.77863783056772 3.87463093942741
2  99 236 688 3.77863783056772 3.87463093942741
4 C0 236 686 237 686
4 C0 236 688 238 688
2  135 237 686 3.77863783056772 3.87463093942741
2  135 238 688 3.77863783056772 3.87463093942741
2  135 127 686 3.77863783056772 3.87463093942741
2  135 239 688 3.77863783056772 3.87463093942741
2  2 240 689 3.77863783056772 3.87463093942741
2  99 240 691 3.77863783056772 3.87463093942741
4 C0 240 689 241 689
4 C0 240 691 242 691
2  135 241 689 3.77863783056772 3.87463093942741
2  135 242 691 3.77863783056772 3.87463093942741
2  135 129 689 3.77863783056772 3.87463093942741
2  135 243 691 3.77863783056772 3.87463093942741
2  2 244 692 3.77863783056772 3.87463093942741
2  96 244 693 3.77863783056772 3.87463093942741
2  2 245 694 3.77863783056772 3.87463093942741
2  99 245 696 3.77863783056772 3.87463093942741
4 C0 245 694 246 694
4 C0 245 696 247 696
2  135 246 694 3.77863783056772 3.87463093942741
2  135 247 696 3.77863783056772 3.87463093942741
2  135 132 694 3.77863783056772 3.87463093942741
2  135 133 696 3.77863783056772 3.87463093942741
2  2 248 697 3.77863783056772 3.87463093942741
2  99 248 699 3.77863783056772 3.87463093942741
4 C0 248 697 249 697
4 C0 248 699 250 699
2  135 249 697 3.77863783056772 3.87463093942741
2  135 250 699 3.77863783056772 3.87463093942741
2  135 135 697 3.77863783056772 3.87463093942741
2  135 136 699 3.77863783056772 3.87463093942741
2  2 251 700 3.77863783056772 3.87463093942741
2  99 251 702 3.77863783056772 3.87463093942741
4 C0 251 700 252 700
4 C0 251 702 253 702
2  135 252 700 3.77863783056772 3.87463093942741
2  135 253 702 3.77863783056772 3.87463093942741
2  135 138 700 3.77863783056772 3.87463093942741
2  135 139 702 3.77863783056772 3.87463093942741
2  2 254 703 3.77863783056772 3.87463093942741
2  99 254 705 3.77863783056772 3.87463093942741
4 C0 254 703 255 703
4 C0 254 705 256 705
2  135 255 703 3.77863783056772 3.87463093942741
2  135 256 705 3.77863783056772 3.87463093942741
2  135 141 703 3.77863783056772 3.87463093942741
2  135 142 705 3.77863783056772 3.87463093942741
2  2 257 706 3.77863783056772 3.87463093942741
2  96 257 707 3.77863783056772 3.87463093942741
2  2 258 708 3.77863783056772 3.87463093942741
2  99 258 710 3.77863783056772 3.87463093942741
4 C0 258 708 259 708
4 C0 258 710 260 710
2  135 259 708 3.77863783056772 3.87463093942741
2  135 260 710 3.77863783056772 3.87463093942741
2  135 145 708 3.77863783056772 3.87463093942741
2  135 261 710 3.77863783056772 3.87463093942741
2  2 262 711 3.77863783056772 3.87463093942741
2  99 262 713 3.77863783056772 3.87463093942741
4 C0 262 711 263 711
4 C0 262 713 264 713
2  135 263 711 3.77863783056772 3.87463093942741
2  135 264 713 3.77863783056772 3.87463093942741
2  135 147 711 3.77863783056772 3.87463093942741
2  135 265 713 3.77863783056772 3.87463093942741
2  2 266 714 3.77863783056772 3.87463093942741
2  99 266 716 3.77863783056772 3.87463093942741
4 C0 266 714 267 714
4 C0 266 716 268 716
2  135 267 714 3.77863783056772 3.87463093942741
2  135 268 716 3.77863783056772 3.87463093942741
2  135 149 714 3.77863783056772 3.87463093942741
2  135 269 716 3.77863783056772 3.87463093942741
2  2 270 717 3.77863783056772 3.87463093942741
2  99 270 718 3.77863783056772 3.87463093942741
4 C0 270 717 271 717
4 C0 270 718 272 718
2  135 271 717 3.77863783056772 3.87463093942741
2  135 272 718 3.77863783056772 3.87463093942741
2  135 151 717 3.77863783056772 3.87463093942741
2  135 156 718 3.77863783056772 3.87463093942741
2  136 273 724 3.77863783056772 3.87463093942741
2  137 274 747 3.77863783056772 3.87463093942741
2  137 274 750 3.77863783056772 3.87463093942741
2  2 275 751 3.77863783056772 3.87463093942741
2  137 274 766 3.77863783056772 3.87463093942741
2  137 274 769 3.77863783056772 3.87463093942741
2  2 276 770 3.77863783056772 3.87463093942741
2  99 277 771 3.77863783056772 3.87463093942741
2  99 278 772 3.77863783056772 3.87463093942741
2  99 279 773 3.77863783056772 3.87463093942741
2  99 280 774 3.77863783056772 3.87463093942741
2  99 281 775 3.77863783056772 3.87463093942741
2  99 282 776 3.77863783056772 3.87463093942741
2  99 283 778 3.77863783056772 3.87463093942741
2  99 284 783 3.77863783056772 3.87463093942741
2  99 285 788 3.77863783056772 3.87463093942741
2  99 286 796 3.77863783056772 3.87463093942741
2  99 287 800 3.77863783056772 3.87463093942741
2  99 288 809 3.77863783056772 3.87463093942741
2  99 289 810 3.77863783056772 3.87463093942741
2  99 290 811 3.77863783056772 3.87463093942741
2  99 291 812 3.77863783056772 3.87463093942741
0

0101000
+82 914 -81 916 *
Ed
 1.0000001e-07 1 1 0
1  60 0 3.98807734080704 4.08407044966673
2  2 157 598 3.98807734080704 4.08407044966673
2  96 157 599 3.98807734080704 4.08407044966673
2  133 59 600 3.98807734080704 4.08407044966673
2  134 158 607 3.98807734080704 4.08407044966673
2  134 158 609 3.98807734080704 4.08407044966673
2  2 159 610 3.98807734080704 4.08407044966673
2  99 159 612 3.98807734080704 4.08407044966673
4 C0 159 610 160 610
4 C0 159 612 161 612
2  135 160 610 3.98807734080704 4.08407044966673
2  135 161 612 3.98807734080704 4.08407044966673
2  135 61 610 3.98807734080704 4.08407044966673
2  135 162 612 3.98807734080704 4.08407044966673
2  2 163 613 3.98807734080704 4.08407044966673
2  99 163 615 3.98807734080704 4.08407044966673
4 C0 163 613 164 613
4 C0 163 615 165 615
2  135 164 613 3.98807734080704 4.08407044966673
2  135 165 615 3.98807734080704 4.08407044966673
2  135 63 613 3.98807734080704 4.08407044966673
2  135 166 615 3.98807734080704 4.08407044966673
2  2 167 616 3.98807734080704 4.08407044966673
2  99 167 618 3.98807734080704 4.08407044966673
4 C0 167 616 168 616
4 C0 167 618 169 618
2  135 168 616 3.98807734080704 4.08407044966673
2  135 169 618 3.98807734080704 4.08407044966673
2  135 65 616 3.98807734080704 4.08407044966673
2  135 170 618 3.98807734080704 4.08407044966673
2  2 171 619 3.98807734080704 4.08407044966673
2  99 171 621 3.98807734080704 4.08407044966673
4 C0 171 619 172 619
4 C0 171 621 173 621
2  135 172 619 3.98807734080704 4.08407044966673
2  135 173 621 3.98807734080704 4.08407044966673
2  135 67 619 3.98807734080704 4.08407044966673
2  135 174 621 3.98807734080704 4.08407044966673
2  2 175 622 3.98807734080704 4.08407044966673
2  99 175 624 3.98807734080704 4.08407044966673
4 C0 175 622 176 622
4 C0 175 624 177 624
2  135 176 622 3.98807734080704 4.08407044966673
2  135 177 624 3.98807734080704 4.08407044966673
2  135 69 622 3.98807734080704 4.08407044966673
2  135 178 624 3.98807734080704 4.08407044966673
2  2 179 625 3.98807734080704 4.08407044966673
2  96 179 626 3.98807734080704 4.08407044966673
2  2 180 627 3.98807734080704 4.08407044966673
2  99 180 629 3.98807734080704 4.08407044966673
4 C0 180 627 181 627
4 C0 180 629 182 629
2  135 181 627 3.98807734080704 4.08407044966673
2  135 182 629 3.98807734080704 4.08407044966673
2  135 72 627 3.98807734080704 4.08407044966673
2  135 73 629 3.98807734080704 4.08407044966673
2  2 183 630 3.98807734080704 4.08407044966673
2  99 183 632 3.98807734080704 4.08407044966673
4 C0 183 630 184 630
4 C0 183 632 185 632
2  135 184 630 3.98807734080704 4.08407044966673
2  135 185 632 3.98807734080704 4.08407044966673
2  135 75 630 3.98807734080704 4.08407044966673
2  135 76 632 3.98807734080704 4.08407044966673
2  2 186 633 3.98807734080704 4.08407044966673
2  99 186 635 3.98807734080704 4.08407044966673
4 C0 186 633 187 633
4 C0 186 635 188 635
2  135 187 633 3.98807734080704 4.08407044966673
2  135 188 635 3.98807734080704 4.08407044966673
2  135 78 633 3.98807734080704 4.08407044966673
2  135 79 635 3.98807734080704 4.08407044966673
2  2 189 636 3.98807734080704 4.08407044966673
2  99 189 638 3.98807734080704 4.08407044966673
4 C0 189 636 190 636
4 C0 189 638 191 638
2  135 190 636 3.98807734080704 4.08407044966673
2  135 191 638 3.98807734080704 4.08407044966673
2  135 81 636 3.98807734080704 4.08407044966673
2  135 82 638 3.98807734080704 4.08407044966673
2  2 192 639 3.98807734080704 4.08407044966673
2  99 192 641 3.98807734080704 4.08407044966673
4 C0 192 639 193 639
4 C0 192 641 194 641
2  135 193 639 3.98807734080704 4.08407044966673
2  135 194 641 3.98807734080704 4.08407044966673
2  135 84 639 3.98807734080704 4.08407044966673
2  135 85 641 3.98807734080704 4.08407044966673
2  2 195 642 3.98807734080704 4.08407044966673
2  96 195 643 3.98807734080704 4.08407044966673
2  2 196 644 3.98807734080704 4.08407044966673
4 C0 196 644 197 644
2  135 197 644 3.98807734080704 4.08407044966673
2  135 88 644 3.98807734080704 4.08407044966673
2  2 198 645 3.98807734080704 4.08407044966673
2  96 198 646 3.98807734080704 4.08407044966673
2  2 199 647 3.98807734080704 4.08407044966673
2  99 199 649 3.98807734080704 4.08407044966673
4 C0 199 647 200 647
4 C0 199 649 201 649
2  135 200 647 3.98807734080704 4.08407044966673
2  135 201 649 3.98807734080704 4.08407044966673
2  135 92 647 3.98807734080704 4.08407044966673
2  135 93 649 3.98807734080704 4.08407044966673
2  2 202 650 3.98807734080704 4.08407044966673
2  96 202 651 3.98807734080704 4.08407044966673
2  2 203 652 3.98807734080704 4.08407044966673
2  99 203 654 3.98807734080704 4.08407044966673
4 C0 203 652 204 652
4 C0 203 654 205 654
2  135 204 652 3.98807734080704 4.08407044966673
2  135 205 654 3.98807734080704 4.08407044966673
2  135 96 652 3.98807734080704 4.08407044966673
2  135 97 654 3.98807734080704 4.08407044966673
2  2 206 655 3.98807734080704 4.08407044966673
2  99 206 657 3.98807734080704 4.08407044966673
4 C0 206 655 207 655
4 C0 206 657 208 657
2  135 207 655 3.98807734080704 4.08407044966673
2  135 208 657 3.98807734080704 4.08407044966673
2  135 99 655 3.98807734080704 4.08407044966673
2  135 100 657 3.98807734080704 4.08407044966673
2  2 209 658 3.98807734080704 4.08407044966673
2  99 209 660 3.98807734080704 4.08407044966673
4 C0 209 658 210 658
4 C0 209 660 211 660
2  135 210 658 3.98807734080704 4.08407044966673
2  135 211 660 3.98807734080704 4.08407044966673
2  135 102 658 3.98807734080704 4.08407044966673
2  135 103 660 3.98807734080704 4.08407044966673
2  2 212 661 3.98807734080704 4.08407044966673
2  99 212 663 3.98807734080704 4.08407044966673
4 C0 212 661 213 661
4 C0 212 663 214 663
2  135 213 661 3.98807734080704 4.08407044966673
2  135 214 663 3.98807734080704 4.08407044966673
2  135 105 661 3.98807734080704 4.08407044966673
2  135 106 663 3.98807734080704 4.08407044966673
2  2 215 664 3.98807734080704 4.08407044966673
2  99 215 666 3.98807734080704 4.08407044966673
4 C0 215 664 216 664
4 C0 215 666 217 666
2  135 216 664 3.98807734080704 4.08407044966673
2  135 217 666 3.98807734080704 4.08407044966673
2  135 108 664 3.98807734080704 4.08407044966673
2  135 109 666 3.98807734080704 4.08407044966673
2  2 218 667 3.98807734080704 4.08407044966673
2  99 218 669 3.98807734080704 4.08407044966673
4 C0 218 667 219 667
4 C0 218 669 220 669
2  135 219 667 3.98807734080704 4.08407044966673
2  135 220 669 3.98807734080704 4.08407044966673
2  135 111 667 3.98807734080704 4.08407044966673
2  135 112 669 3.98807734080704 4.08407044966673
2  2 221 670 3.98807734080704 4.08407044966673
2  99 221 672 3.98807734080704 4.08407044966673
4 C0 221 670 222 670
4 C0 221 672 223 672
2  135 222 670 3.98807734080704 4.08407044966673
2  135 223 672 3.98807734080704 4.08407044966673
2  135 114 670 3.98807734080704 4.08407044966673
2  135 115 672 3.98807734080704 4.08407044966673
2  2 224 673 3.98807734080704 4.08407044966673
2  99 224 675 3.98807734080704 4.08407044966673
4 C0 224 673 225 673
4 C0 224 675 226 675
2  135 225 673 3.98807734080704 4.08407044966673
2  135 226 675 3.98807734080704 4.08407044966673
2  135 117 673 3.98807734080704 4.08407044966673
2  135 118 675 3.98807734080704 4.08407044966673
2  2 227 676 3.98807734080704 4.08407044966673
2  99 227 678 3.98807734080704 4.08407044966673
4 C0 227 676 228 676
4 C0 227 678 229 678
2  135 228 676 3.98807734080704 4.08407044966673
2  135 229 678 3.98807734080704 4.08407044966673
2  135 120 676 3.98807734080704 4.08407044966673
2  135 121 678 3.98807734080704 4.08407044966673
2  2 230 679 3.98807734080704 4.08407044966673
2  96 230 680 3.98807734080704 4.08407044966673
2  2 231 681 3.98807734080704 4.08407044966673
2  99 231 683 3.98807734080704 4.08407044966673
4 C0 231 681 232 681
4 C0 231 683 233 683
2  135 232 681 3.98807734080704 4.08407044966673
2  135 233 683 3.98807734080704 4.08407044966673
2  135 124 681 3.98807734080704 4.08407044966673
2  135 234 683 3.98807734080704 4.08407044966673
2  2 235 684 3.98807734080704 4.08407044966673
2  96 235 685 3.98807734080704 4.08407044966673
2  2 236 686 3.98807734080704 4.08407044966673
2  99 236 688 3.98807734080704 4.08407044966673
4 C0 236 686 237 686
4 C0 236 688 238 688
2  135 237 686 3.98807734080704 4.08407044966673
2  135 238 688 3.98807734080704 4.08407044966673
2  135 127 686 3.98807734080704 4.08407044966673
2  135 239 688 3.98807734080704 4.08407044966673
2  2 240 689 3.98807734080704 4.08407044966673
2  99 240 691 3.98807734080704 4.08407044966673
4 C0 240 689 241 689
4 C0 240 691 242 691
2  135 241 689 3.98807734080704 4.08407044966673
2  135 242 691 3.98807734080704 4.08407044966673
2  135 129 689 3.98807734080704 4.08407044966673
2  135 243 691 3.98807734080704 4.08407044966673
2  2 244 692 3.98807734080704 4.08407044966673
2  96 244 693 3.98807734080704 4.08407044966673
2  2 245 694 3.98807734080704 4.08407044966673
2  99 245 696 3.98807734080704 4.08407044966673
4 C0 245 694 246 694
4 C0 245 696 247 696
2  135 246 694 3.98807734080704 4.08407044966673
2  135 247 696 3.98807734080704 4.08407044966673
2  135 132 694 3.98807734080704 4.08407044966673
2  135 133 696 3.98807734080704 4.08407044966673
2  2 248 697 3.98807734080704 4.08407044966673
2  99 248 699 3.98807734080704 4.08407044966673
4 C0 248 697 249 697
4 C0 248 699 250 699
2  135 249 697 3.98807734080704 4.08407044966673
2  135 250 699 3.98807734080704 4.08407044966673
2  135 135 697 3.98807734080704 4.08407044966673
2  135 136 699 3.98807734080704 4.08407044966673
2  2 251 700 3.98807734080704 4.08407044966673
2  99 251 702 3.98807734080704 4.08407044966673
4 C0 251 700 252 700
4 C0 251 702 253 702
2  135 252 700 3.98807734080704 4.08407044966673
2  135 253 702 3.98807734080704 4.08407044966673
2  135 138 700 3.98807734080704 4.08407044966673
2  135 139 702 3.98807734080704 4.08407044966673
2  2 254 703 3.98807734080704 4.08407044966673
2  99 254 705 3.98807734080704 4.08407044966673
4 C0 254 703 255 703
4 C0 254 705 256 705
2  135 255 703 3.98807734080704 4.08407044966673
2  135 256 705 3.98807734080704 4.08407044966673
2  135 141 703 3.98807734080704 4.08407044966673
2  135 142 705 3.98807734080704 4.08407044966673
2  2 257 706 3.98807734080704 4.08407044966673
2  96 257 707 3.98807734080704 4.08407044966673
2  2 258 708 3.98807734080704 4.08407044966673
2  99 258 710 3.98807734080704 4.08407044966673
4 C0 258 708 259 708
4 C0 258 710 260 710
2  135 259 708 3.98807734080704 4.08407044966673
2  135 260 710 3.98807734080704 4.08407044966673
2  135 145 708 3.98807734080704 4.08407044966673
2  135 261 710 3.98807734080704 4.08407044966673
2  2 262 711 3.98807734080704 4.08407044966673
2  99 262 713 3.98807734080704 4.08407044966673
4 C0 262 711 263 711
4 C0 262 713 264 713
2  135 263 711 3.98807734080704 4.08407044966673
2  135 264 713 3.98807734080704 4.08407044966673
2  135 147 711 3.98807734080704 4.08407044966673
2  135 265 713 3.98807734080704 4.08407044966673
2  2 266 714 3.98807734080704 4.08407044966673
2  99 266 716 3.98807734080704 4.08407044966673
4 C0 266 714 267 714
4 C0 266 716 268 716
2  135 267 714 3.98807734080704 4.08407044966673
2  135 268 716 3.98807734080704 4.08407044966673
2  135 149 714 3.98807734080704 4.08407044966673
2  135 269 716 3.98807734080704 4.08407044966673
2  2 270 717 3.98807734080704 4.08407044966673
2  99 270 718 3.98807734080704 4.08407044966673
4 C0 270 717 271 717
4 C0 270 718 272 718
2  135 271 717 3.98807734080704 4.08407044966673
2  135 272 718 3.98807734080704 4.08407044966673
2  135 151 717 3.98807734080704 4.08407044966673
2  135 156 718 3.98807734080704 4.08407044966673
2  136 273 724 3.98807734080704 4.08407044966673
2  137 274 747 3.98807734080704 4.08407044966673
2  137 274 750 3.98807734080704 4.08407044966673
2  2 275 751 3.98807734080704 4.08407044966673
2  137 274 766 3.98807734080704 4.08407044966673
2  137 274 769 3.98807734080704 4.08407044966673
2  2 276 770 3.98807734080704 4.08407044966673
2  99 277 771 3.98807734080704 4.08407044966673
2  99 278 772 3.98807734080704 4.08407044966673
2  99 279 773 3.98807734080704 4.08407044966673
2  99 280 774 3.98807734080704 4.08407044966673
2  99 281 775 3.98807734080704 4.08407044966673
2  99 282 776 3.98807734080704 4.08407044966673
2  99 283 778 3.98807734080704 4.08407044966673
2  99 284 783 3.98807734080704 4.08407044966673
2  99 285 788 3.98807734080704 4.08407044966673
2  99 286 796 3.98807734080704 4.08407044966673
2  99 287 800 3.98807734080704 4.08407044966673
2  99 288 809 3.98807734080704 4.08407044966673
2  99 289 810 3.98807734080704 4.08407044966673
2  99 290 811 3.98807734080704 4.08407044966673
2  99 291 812 3.98807734080704 4.08407044966673
0

0101000
+82 916 -81 918 *
Ed
 1.0000001e-07 1 1 0
1  60 0 4.19751685104636 4.29350995990605
2  2 157 598 4.19751685104636 4.29350995990605
2  96 157 599 4.19751685104636 4.29350995990605
2  133 59 600 4.19751685104636 4.29350995990605
2  134 158 607 4.19751685104636 4.29350995990605
2  134 158 609 4.19751685104636 4.29350995990605
2  2 159 610 4.19751685104636 4.29350995990605
2  99 159 612 4.19751685104636 4.29350995990605
4 C0 159 610 160 610
4 C0 159 612 161 612
2  135 160 610 4.19751685104636 4.29350995990605
2  135 161 612 4.19751685104636 4.29350995990605
2  135 61 610 4.19751685104636 4.29350995990605
2  135 162 612 4.19751685104636 4.29350995990605
2  2 163 613 4.19751685104636 4.29350995990605
2  99 163 615 4.19751685104636 4.29350995990605
4 C0 163 613 164 613
4 C0 163 615 165 615
2  135 164 613 4.19751685104636 4.29350995990605
2  135 165 615 4.19751685104636 4.29350995990605
2  135 63 613 4.19751685104636 4.29350995990605
2  135 166 615 4.19751685104636 4.29350995990605
2  2 167 616 4.19751685104636 4.29350995990605
2  99 167 618 4.19751685104636 4.29350995990605
4 C0 167 616 168 616
4 C0 167 618 169 618
2  135 168 616 4.19751685104636 4.29350995990605
2  135 169 618 4.19751685104636 4.29350995990605
2  135 65 616 4.19751685104636 4.29350995990605
2  135 170 618 4.19751685104636 4.29350995990605
2  2 171 619 4.19751685104636 4.29350995990605
2  99 171 621 4.19751685104636 4.29350995990605
4 C0 171 619 172 619
4 C0 171 621 173 621
2  135 172 619 4.19751685104636 4.29350995990605
2  135 173 621 4.19751685104636 4.29350995990605
2  135 67 619 4.19751685104636 4.29350995990605
2  135 174 621 4.19751685104636 4.29350995990605
2  2 175 622 4.19751685104636 4.29350995990605
2  99 175 624 4.19751685104636 4.29350995990605
4 C0 175 622 176 622
4 C0 175 624 177 624
2  135 176 622 4.19751685104636 4.29350995990605
2  135 177 624 4.19751685104636 4.29350995990605
2  135 69 622 4.19751685104636 4.29350995990605
2  135 178 624 4.19751685104636 4.29350995990605
2  2 179 625 4.19751685104636 4.29350995990605
2  96 179 626 4.19751685104636 4.29350995990605
2  2 180 627 4.19751685104636 4.29350995990605
2  99 180 629 4.19751685104636 4.29350995990605
4 C0 180 627 181 627
4 C0 180 629 182 629
2  135 181 627 4.19751685104636 4.29350995990605
2  135 182 629 4.19751685104636 4.29350995990605
2  135 72 627 4.19751685104636 4.29350995990605
2  135 73 629 4.19751685104636 4.29350995990605
2  2 183 630 4.19751685104636 4.29350995990605
2  99 183 632 4.19751685104636 4.29350995990605
4 C0 183 630 184 630
4 C0 183 632 185 632
2  135 184 630 4.19751685104636 4.29350995990605
2  135 185 632 4.19751685104636 4.29350995990605
2  135 75 630 4.19751685104636 4.29350995990605
2  135 76 632 4.19751685104636 4.29350995990605
2  2 186 633 4.19751685104636 4.29350995990605
2  99 186 635 4.19751685104636 4.29350995990605
4 C0 186 633 187 633
4 C0 186 635 188 635
2  135 187 633 4.19751685104636 4.29350995990605
2  135 188 635 4.19751685104636 4.29350995990605
2  135 78 633 4.19751685104636 4.29350995990605
2  135 79 635 4.19751685104636 4.29350995990605
2  2 189 636 4.19751685104636 4.29350995990605
2  99 189 638 4.19751685104636 4.29350995990605
4 C0 189 636 190 636
4 C0 189 638 191 638
2  135 190 636 4.19751685104636 4.29350995990605
2  135 191 638 4.19751685104636 4.29350995990605
2  135 81 636 4.19751685104636 4.29350995990605
2  135 82 638 4.19751685104636 4.29350995990605
2  2 192 639 4.19751685104636 4.29350995990605
2  99 192 641 4.19751685104636 4.29350995990605
4 C0 192 639 193 639
4 C0 192 641 194 641
2  135 193 639 4.19751685104636 4.29350995990605
2  135 194 641 4.19751685104636 4.29350995990605
2  135 84 639 4.19751685104636 4.29350995990605
2  135 85 641 4.19751685104636 4.29350995990605
2  2 195 642 4.19751685104636 4.29350995990605
2  96 195 643 4.19751685104636 4.29350995990605
2  2 196 644 4.19751685104636 4.29350995990605
4 C0 196 644 197 644
2  135 197 644 4.19751685104636 4.29350995990605
2  135 88 644 4.19751685104636 4.29350995990605
2  2 198 645 4.19751685104636 4.29350995990605
2  96 198 646 4.19751685104636 4.29350995990605
2  2 199 647 4.19751685104636 4.29350995990605
2  99 199 649 4.19751685104636 4.29350995990605
4 C0 199 647 200 647
4 C0 199 649 201 649
2  135 200 647 4.19751685104636 4.29350995990605
2  135 201 649 4.19751685104636 4.29350995990605
2  135 92 647 4.19751685104636 4.29350995990605
2  135 93 649 4.19751685104636 4.29350995990605
2  2 202 650 4.19751685104636 4.29350995990605
2  96 202 651 4.19751685104636 4.29350995990605
2  2 203 652 4.19751685104636 4.29350995990605
2  99 203 654 4.19751685104636 4.29350995990605
4 C0 203 652 204 652
4 C0 203 654 205 654
2  135 204 652 4.19751685104636 4.29350995990605
2  135 205 654 4.19751685104636 4.29350995990605
2  135 96 652 4.19751685104636 4.29350995990605
2  135 97 654 4.19751685104636 4.29350995990605
2  2 206 655 4.19751685104636 4.29350995990605
2  99 206 657 4.19751685104636 4.29350995990605
4 C0 206 655 207 655
4 C0 206 657 208 657
2  135 207 655 4.19751685104636 4.29350995990605
2  135 208 657 4.19751685104636 4.29350995990605
2  135 99 655 4.19751685104636 4.29350995990605
2  135 100 657 4.19751685104636 4.29350995990605
2  2 209 658 4.19751685104636 4.29350995990605
2  99 209 660 4.19751685104636 4.29350995990605
4 C0 209 658 210 658
4 C0 209 660 211 660
2  135 210 658 4.19751685104636 4.29350995990605
2  135 211 660 4.19751685104636 4.29350995990605
2  135 102 658 4.19751685104636 4.29350995990605
2  135 103 660 4.19751685104636 4.29350995990605
2  2 212 661 4.19751685104636 4.29350995990605
2  99 212 663 4.19751685104636 4.29350995990605
4 C0 212 661 213 661
4 C0 212 663 214 663
2  135 213 661 4.19751685104636 4.29350995990605
2  135 214 663 4.19751685104636 4.29350995990605
2  135 105 661 4.19751685104636 4.29350995990605
2  135 106 663 4.19751685104636 4.29350995990605
2  2 215 664 4.19751685104636 4.29350995990605
2  99 215 666 4.19751685104636 4.29350995990605
4 C0 215 664 216 664
4 C0 215 666 217 666
2  135 216 664 4.19751685104636 4.29350995990605
2  135 217 666 4.19751685104636 4.29350995990605
2  135 108 664 4.19751685104636 4.29350995990605
2  135 109 666 4.19751685104636 4.29350995990605
2  2 218 667 4.19751685104636 4.29350995990605
2  99 218 669 4.19751685104636 4.29350995990605
4 C0 218 667 219 667
4 C0 218 669 220 669
2  135 219 667 4.19751685104636 4.29350995990605
2  135 220 669 4.19751685104636 4.29350995990605
2  135 111 667 4.19751685104636 4.29350995990605
2  135 112 669 4.19751685104636 4.29350995990605
2  2 221 670 4.19751685104636 4.29350995990605
2  99 221 672 4.19751685104636 4.29350995990605
4 C0 221 670 222 670
4 C0 221 672 223 672
2  135 222 670 4.19751685104636 4.29350995990605
2  135 223 672 4.19751685104636 4.29350995990605
2  135 114 670 4.19751685104636 4.29350995990605
2  135 115 672 4.19751685104636 4.29350995990605
2  2 224 673 4.19751685104636 4.29350995990605
2  99 224 675 4.19751685104636 4.29350995990605
4 C0 224 673 225 673
4 C0 224 675 226 675
2  135 225 673 4.19751685104636 4.29350995990605
2  135 226 675 4.19751685104636 4.29350995990605
2  135 117 673 4.19751685104636 4.29350995990605
2  135 118 675 4.19751685104636 4.29350995990605
2  2 227 676 4.19751685104636 4.29350995990605
2  99 227 678 4.19751685104636 4.29350995990605
4 C0 227 676 228 676
4 C0 227 678 229 678
2  135 228 676 4.19751685104636 4.29350995990605
2  135 229 678 4.19751685104636 4.29350995990605
2  135 120 676 4.19751685104636 4.29350995990605
2  135 121 678 4.19751685104636 4.29350995990605
2  2 230 679 4.19751685104636 4.29350995990605
2  96 230 680 4.19751685104636 4.29350995990605
2  2 231 681 4.19751685104636 4.29350995990605
2  99 231 683 4.19751685104636 4.29350995990605
4 C0 231 681 232 681
4 C0 231 683 233 683
2  135 232 681 4.19751685104636 4.29350995990605
2  135 233 683 4.19751685104636 4.29350995990605
2  135 124 681 4.19751685104636 4.29350995990605
2  135 234 683 4.19751685104636 4.29350995990605
2  2 235 684 4.19751685104636 4.29350995990605
2  96 235 685 4.19751685104636 4.29350995990605
2  2 236 686 4.19751685104636 4.29350995990605
2  99 236 688 4.19751685104636 4.29350995990605
4 C0 236 686 237 686
4 C0 236 688 238 688
2  135 237 686 4.19751685104636 4.29350995990605
2  135 238 688 4.19751685104636 4.29350995990605
2  135 127 686 4.19751685104636 4.29350995990605
2  135 239 688 4.19751685104636 4.29350995990605
2  2 240 689 4.19751685104636 4.29350995990605
2  99 240 691 4.19751685104636 4.29350995990605
4 C0 240 689 241 689
4 C0 240 691 242 691
2  135 241 689 4.19751685104636 4.29350995990605
2  135 242 691 4.19751685104636 4.29350995990605
2  135 129 689 4.19751685104636 4.29350995990605
2  135 243 691 4.19751685104636 4.29350995990605
2  2 244 692 4.19751685104636 4.29350995990605
2  96 244 693 4.19751685104636 4.29350995990605
2  2 245 694 4.19751685104636 4.29350995990605
2  99 245 696 4.19751685104636 4.29350995990605
4 C0 245 694 246 694
4 C0 245 696 247 696
2  135 246 694 4.19751685104636 4.29350995990605
2  135 247 696 4.19751685104636 4.29350995990605
2  135 132 694 4.19751685104636 4.29350995990605
2  135 133 696 4.19751685104636 4.29350995990605
2  2 248 697 4.19751685104636 4.29350995990605
2  99 248 699 4.19751685104636 4.29350995990605
4 C0 248 697 249 697
4 C0 248 699 250 699
2  135 249 697 4.19751685104636 4.29350995990605
2  135 250 699 4.19751685104636 4.29350995990605
2  135 135 697 4.19751685104636 4.29350995990605
2  135 136 699 4.19751685104636 4.29350995990605
2  2 251 700 4.19751685104636 4.29350995990605
2  99 251 702 4.19751685104636 4.29350995990605
4 C0 251 700 252 700
4 C0 251 702 253 702
2  135 252 700 4.19751685104636 4.29350995990605
2  135 253 702 4.19751685104636 4.29350995990605
2  135 138 700 4.19751685104636 4.29350995990605
2  135 139 702 4.19751685104636 4.29350995990605
2  2 254 703 4.19751685104636 4.29350995990605
2  99 254 705 4.19751685104636 4.29350995990605
4 C0 254 703 255 703
4 C0 254 705 256 705
2  135 255 703 4.19751685104636 4.29350995990605
2  135 256 705 4.19751685104636 4.29350995990605
2  135 141 703 4.19751685104636 4.29350995990605
2  135 142 705 4.19751685104636 4.29350995990605
2  2 257 706 4.19751685104636 4.29350995990605
2  96 257 707 4.19751685104636 4.29350995990605
2  2 258 708 4.19751685104636 4.29350995990605
2  99 258 710 4.19751685104636 4.29350995990605
4 C0 258 708 259 708
4 C0 258 710 260 710
2  135 259 708 4.19751685104636 4.29350995990605
2  135 260 710 4.19751685104636 4.29350995990605
2  135 145 708 4.19751685104636 4.29350995990605
2  135 261 710 4.19751685104636 4.29350995990605
2  2 262 711 4.19751685104636 4.29350995990605
2  99 262 713 4.19751685104636 4.29350995990605
4 C0 262 711 263 711
4 C0 262 713 264 713
2  135 263 711 4.19751685104636 4.29350995990605
2  135 264 713 4.19751685104636 4.29350995990605
2  135 147 711 4.19751685104636 4.29350995990605
2  135 265 713 4.19751685104636 4.29350995990605
2  2 266 714 4.19751685104636 4.29350995990605
2  99 266 716 4.19751685104636 4.29350995990605
4 C0 266 714 267 714
4 C0 266 716 268 716
2  135 267 714 4.19751685104636 4.29350995990605
2  135 268 716 4.19751685104636 4.29350995990605
2  135 149 714 4.19751685104636 4.29350995990605
2  135 269 716 4.19751685104636 4.29350995990605
2  2 270 717 4.19751685104636 4.29350995990605
2  99 270 718 4.19751685104636 4.29350995990605
4 C0 270 717 271 717
4 C0 270 718 272 718
2  135 271 717 4.19751685104636 4.29350995990605
2  135 272 718 4.19751685104636 4.29350995990605
2  135 151 717 4.19751685104636 4.29350995990605
2  135 156 718 4.19751685104636 4.29350995990605
2  136 273 724 4.19751685104636 4.29350995990605
2  137 274 747 4.19751685104636 4.29350995990605
2  137 274 750 4.19751685104636 4.29350995990605
2  2 275 751 4.19751685104636 4.29350995990605
2  137 274 766 4.19751685104636 4.29350995990605
2  137 274 769 4.19751685104636 4.29350995990605
2  2 276 770 4.19751685104636 4.29350995990605
2  99 277 771 4.19751685104636 4.29350995990605
2  99 278 772 4.19751685104636 4.29350995990605
2  99 279 773 4.19751685104636 4.29350995990605
2  99 280 774 4.19751685104636 4.29350995990605
2  99 281 775 4.19751685104636 4.29350995990605
2  99 282 776 4.19751685104636 4.29350995990605
2  99 283 778 4.19751685104636 4.29350995990605
2  99 284 783 4.19751685104636 4.29350995990605
2  99 285 788 4.19751685104636 4.29350995990605
2  99 286 796 4.19751685104636 4.29350995990605
2  99 287 800 4.19751685104636 4.29350995990605
2  99 288 809 4.19751685104636 4.29350995990605
2  99 289 810 4.19751685104636 4.29350995990605
2  99 290 811 4.19751685104636 4.29350995990605
2  99 291 812 4.19751685104636 4.29350995990605
0

0101000
+82 918 -81 920 *
Ed
 1.0000001e-07 1 1 0
1  60 0 4.40695636128568 4.50294947014537
2  2 157 598 4.40695636128568 4.50294947014537
2  96 157 599 4.40695636128568 4.50294947014537
2  133 59 600 4.40695636128568 4.50294947014537
2  134 158 607 4.40695636128568 4.50294947014537
2  134 158 609 4.40695636128568 4.50294947014537
2  2 159 610 4.40695636128568 4.50294947014537
2  99 159 612 4.40695636128568 4.50294947014537
4 C0 159 610 160 610
4 C0 159 612 161 612
2  135 160 610 4.40695636128568 4.50294947014537
2  135 161 612 4.40695636128568 4.50294947014537
2  135 61 610 4.40695636128568 4.50294947014537
2  135 162 612 4.40695636128568 4.50294947014537
2  2 163 613 4.40695636128568 4.50294947014537
2  99 163 615 4.40695636128568 4.50294947014537
4 C0 163 613 164 613
4 C0 163 615 165 615
2  135 164 613 4.40695636128568 4.50294947014537
2  135 165 615 4.40695636128568 4.50294947014537
2  135 63 613 4.40695636128568 4.50294947014537
2  135 166 615 4.40695636128568 4.50294947014537
2  2 167 616 4.40695636128568 4.50294947014537
2  99 167 618 4.40695636128568 4.50294947014537
4 C0 167 616 168 616
4 C0 167 618 169 618
2  135 168 616 4.40695636128568 4.50294947014537
2  135 169 618 4.40695636128568 4.50294947014537
2  135 65 616 4.40695636128568 4.50294947014537
2  135 170 618 4.40695636128568 4.50294947014537
2  2 171 619 4.40695636128568 4.50294947014537
2  99 171 621 4.40695636128568 4.50294947014537
4 C0 171 619 172 619
4 C0 171 621 173 621
2  135 172 619 4.40695636128568 4.50294947014537
2  135 173 621 4.40695636128568 4.50294947014537
2  135 67 619 4.40695636128568 4.50294947014537
2  135 174 621 4.40695636128568 4.50294947014537
2  2 175 622 4.40695636128568 4.50294947014537
2  99 175 624 4.40695636128568 4.50294947014537
4 C0 175 622 176 622
4 C0 175 624 177 624
2  135 176 622 4.40695636128568 4.50294947014537
2  135 177 624 4.40695636128568 4.50294947014537
2  135 69 622 4.40695636128568 4.50294947014537
2  135 178 624 4.40695636128568 4.50294947014537
2  2 179 625 4.40695636128568 4.50294947014537
2  96 179 626 4.40695636128568 4.50294947014537
2  2 180 627 4.40695636128568 4.50294947014537
2  99 180 629 4.40695636128568 4.50294947014537
4 C0 180 627 181 627
4 C0 180 629 182 629
2  135 181 627 4.40695636128568 4.50294947014537
2  135 182 629 4.40695636128568 4.50294947014537
2  135 72 627 4.40695636128568 4.50294947014537
2  135 73 629 4.40695636128568 4.50294947014537
2  2 183 630 4.40695636128568 4.50294947014537
2  99 183 632 4.40695636128568 4.50294947014537
4 C0 183 630 184 630
4 C0 183 632 185 632
2  135 184 630 4.40695636128568 4.50294947014537
2  135 185 632 4.40695636128568 4.50294947014537
2  135 75 630 4.40695636128568 4.50294947014537
2  135 76 632 4.40695636128568 4.50294947014537
2  2 186 633 4.40695636128568 4.50294947014537
2  99 186 635 4.40695636128568 4.50294947014537
4 C0 186 633 187 633
4 C0 186 635 188 635
2  135 187 633 4.40695636128568 4.50294947014537
2  135 188 635 4.40695636128568 4.50294947014537
2  135 78 633 4.40695636128568 4.50294947014537
2  135 79 635 4.40695636128568 4.50294947014537
2  2 189 636 4.40695636128568 4.50294947014537
2  99 189 638 4.40695636128568 4.50294947014537
4 C0 189 636 190 636
4 C0 189 638 191 638
2  135 190 636 4.40695636128568 4.50294947014537
2  135 191 638 4.40695636128568 4.50294947014537
2  135 81 636 4.40695636128568 4.50294947014537
2  135 82 638 4.40695636128568 4.50294947014537
2  2 192 639 4.40695636128568 4.50294947014537
2  99 192 641 4.40695636128568 4.50294947014537
4 C0 192 639 193 639
4 C0 192 641 194 641
2  135 193 639 4.40695636128568 4.50294947014537
2  135 194 641 4.40695636128568 4.50294947014537
2  135 84 639 4.40695636128568 4.50294947014537
2  135 85 641 4.40695636128568 4.50294947014537
2  2 195 642 4.40695636128568 4.50294947014537
2  96 195 643 4.40695636128568 4.50294947014537
2  2 196 644 4.40695636128568 4.50294947014537
4 C0 196 644 197 644
2  135 197 644 4.40695636128568 4.50294947014537
2  135 88 644 4.40695636128568 4.50294947014537
2  2 198 645 4.40695636128568 4.50294947014537
2  96 198 646 4.40695636128568 4.50294947014537
2  2 199 647 4.40695636128568 4.50294947014537
2  99 199 649 4.40695636128568 4.50294947014537
4 C0 199 647 200 647
4 C0 199 649 201 649
2  135 200 647 4.40695636128568 4.50294947014537
2  135 201 649 4.40695636128568 4.50294947014537
2  135 92 647 4.40695636128568 4.50294947014537
2  135 93 649 4.40695636128568 4.50294947014537
2  2 202 650 4.40695636128568 4.50294947014537
2  96 202 651 4.40695636128568 4.50294947014537
2  2 203 652 4.40695636128568 4.50294947014537
2  99 203 654 4.40695636128568 4.50294947014537
4 C0 203 652 204 652
4 C0 203 654 205 654
2  135 204 652 4.40695636128568 4.50294947014537
2  135 205 654 4.40695636128568 4.50294947014537
2  135 96 652 4.40695636128568 4.50294947014537
2  135 97 654 4.40695636128568 4.50294947014537
2  2 206 655 4.40695636128568 4.50294947014537
2  99 206 657 4.40695636128568 4.50294947014537
4 C0 206 655 207 655
4 C0 206 657 208 657
2  135 207 655 4.40695636128568 4.50294947014537
2  135 208 657 4.40695636128568 4.50294947014537
2  135 99 655 4.40695636128568 4.50294947014537
2  135 100 657 4.40695636128568 4.50294947014537
2  2 209 658 4.40695636128568 4.50294947014537
2  99 209 660 4.40695636128568 4.50294947014537
4 C0 209 658 210 658
4 C0 209 660 211 660
2  135 210 658 4.40695636128568 4.50294947014537
2  135 211 660 4.40695636128568 4.50294947014537
2  135 102 658 4.40695636128568 4.50294947014537
2  135 103 660 4.40695636128568 4.50294947014537
2  2 212 661 4.40695636128568 4.50294947014537
2  99 212 663 4.40695636128568 4.50294947014537
4 C0 212 661 213 661
4 C0 212 663 214 663
2  135 213 661 4.40695636128568 4.50294947014537
2  135 214 663 4.40695636128568 4.50294947014537
2  135 105 661 4.40695636128568 4.50294947014537
2  135 106 663 4.40695636128568 4.50294947014537
2  2 215 664 4.40695636128568 4.50294947014537
2  99 215 666 4.40695636128568 4.50294947014537
4 C0 215 664 216 664
4 C0 215 666 217 666
2  135 216 664 4.40695636128568 4.50294947014537
2  135 217 666 4.40695636128568 4.50294947014537
2  135 108 664 4.40695636128568 4.50294947014537
2  135 109 666 4.40695636128568 4.50294947014537
2  2 218 667 4.40695636128568 4.50294947014537
2  99 218 669 4.40695636128568 4.50294947014537
4 C0 218 667 219 667
4 C0 218 669 220 669
2  135 219 667 4.40695636128568 4.50294947014537
2  135 220 669 4.40695636128568 4.50294947014537
2  135 111 667 4.40695636128568 4.50294947014537
2  135 112 669 4.40695636128568 4.50294947014537
2  2 221 670 4.40695636128568 4.50294947014537
2  99 221 672 4.40695636128568 4.50294947014537
4 C0 221 670 222 670
4 C0 221 672 223 672
2  135 222 670 4.40695636128568 4.50294947014537
2  135 223 672 4.40695636128568 4.50294947014537
2  135 114 670 4.40695636128568 4.50294947014537
2  135 115 672 4.40695636128568 4.50294947014537
2  2 224 673 4.40695636128568 4.50294947014537
2  99 224 675 4.40695636128568 4.50294947014537
4 C0 224 673 225 673
4 C0 224 675 226 675
2  135 225 673 4.40695636128568 4.50294947014537
2  135 226 675 4.40695636128568 4.50294947014537
2  135 117 673 4.40695636128568 4.50294947014537
2  135 118 675 4.40695636128568 4.50294947014537
2  2 227 676 4.40695636128568 4.50294947014537
2  99 227 678 4.40695636128568 4.50294947014537
4 C0 227 676 228 676
4 C0 227 678 229 678
2  135 228 676 4.40695636128568 4.50294947014537
2  135 229 678 4.40695636128568 4.50294947014537
2  135 120 676 4.40695636128568 4.50294947014537
2  135 121 678 4.40695636128568 4.50294947014537
2  2 230 679 4.40695636128568 4.50294947014537
2  96 230 680 4.40695636128568 4.50294947014537
2  2 231 681 4.40695636128568 4.50294947014537
2  99 231 683 4.40695636128568 4.50294947014537
4 C0 231 681 232 681
4 C0 231 683 233 683
2  135 232 681 4.40695636128568 4.50294947014537
2  135 233 683 4.40695636128568 4.50294947014537
2  135 124 681 4.40695636128568 4.50294947014537
2  135 234 683 4.40695636128568 4.50294947014537
2  2 235 684 4.40695636128568 4.50294947014537
2  96 235 685 4.40695636128568 4.50294947014537
2  2 236 686 4.40695636128568 4.50294947014537
2  99 236 688 4.40695636128568 4.50294947014537
4 C0 236 686 237 686
4 C0 236 688 238 688
2  135 237 686 4.40695636128568 4.50294947014537
2  135 238 688 4.40695636128568 4.50294947014537
2  135 127 686 4.40695636128568 4.50294947014537
2  135 239 688 4.40695636128568 4.50294947014537
2  2 240 689 4.40695636128568 4.50294947014537
2  99 240 691 4.40695636128568 4.50294947014537
4 C0 240 689 241 689
4 C0 240 691 242 691
2  135 241 689 4.40695636128568 4.50294947014537
2  135 242 691 4.40695636128568 4.50294947014537
2  135 129 689 4.40695636128568 4.50294947014537
2  135 243 691 4.40695636128568 4.50294947014537
2  2 244 692 4.40695636128568 4.50294947014537
2  96 244 693 4.40695636128568 4.50294947014537
2  2 245 694 4.40695636128568 4.50294947014537
2  99 245 696 4.40695636128568 4.50294947014537
4 C0 245 694 246 694
4 C0 245 696 247 696
2  135 246 694 4.40695636128568 4.50294947014537
2  135 247 696 4.40695636128568 4.50294947014537
2  135 132 694 4.40695636128568 4.50294947014537
2  135 133 696 4.40695636128568 4.50294947014537
2  2 248 697 4.40695636128568 4.50294947014537
2  99 248 699 4.40695636128568 4.50294947014537
4 C0 248 697 249 697
4 C0 248 699 250 699
2  135 249 697 4.40695636128568 4.50294947014537
2  135 250 699 4.40695636128568 4.50294947014537
2  135 135 697 4.40695636128568 4.50294947014537
2  135 136 699 4.40695636128568 4.50294947014537
2  2 251 700 4.40695636128568 4.50294947014537
2  99 251 702 4.40695636128568 4.50294947014537
4 C0 251 700 252 700
4 C0 251 702 253 702
2  135 252 700 4.40695636128568 4.50294947014537
2  135 253 702 4.40695636128568 4.50294947014537
2  135 138 700 4.40695636128568 4.50294947014537
2  135 139 702 4.40695636128568 4.50294947014537
2  2 254 703 4.40695636128568 4.50294947014537
2  99 254 705 4.40695636128568 4.50294947014537
4 C0 254 703 255 703
4 C0 254 705 256 705
2  135 255 703 4.40695636128568 4.50294947014537
2  135 256 705 4.40695636128568 4.50294947014537
2  135 141 703 4.40695636128568 4.50294947014537
2  135 142 705 4.40695636128568 4.50294947014537
2  2 257 706 4.40695636128568 4.50294947014537
2  96 257 707 4.40695636128568 4.50294947014537
2  2 258 708 4.40695636128568 4.50294947014537
2  99 258 710 4.40695636128568 4.50294947014537
4 C0 258 708 259 708
4 C0 258 710 260 710
2  135 259 708 4.40695636128568 4.50294947014537
2  135 260 710 4.40695636128568 4.50294947014537
2  135 145 708 4.40695636128568 4.50294947014537
2  135 261 710 4.40695636128568 4.50294947014537
2  2 262 711 4.40695636128568 4.50294947014537
2  99 262 713 4.40695636128568 4.50294947014537
4 C0 262 711 263 711
4 C0 262 713 264 713
2  135 263 711 4.40695636128568 4.50294947014537
2  135 264 713 4.40695636128568 4.50294947014537
2  135 147 711 4.40695636128568 4.50294947014537
2  135 265 713 4.40695636128568 4.50294947014537
2  2 266 714 4.40695636128568 4.50294947014537
2  99 266 716 4.40695636128568 4.50294947014537
4 C0 266 714 267 714
4 C0 266 716 268 716
2  135 267 714 4.40695636128568 4.50294947014537
2  135 268 716 4.40695636128568 4.50294947014537
2  135 149 714 4.40695636128568 4.50294947014537
2  135 269 716 4.40695636128568 4.50294947014537
2  2 270 717 4.40695636128568 4.50294947014537
2  99 270 718 4.40695636128568 4.50294947014537
4 C0 270 717 271 717
4 C0 270 718 272 718
2  135 271 717 4.40695636128568 4.50294947014537
2  135 272 718 4.40695636128568 4.50294947014537
2  135 151 717 4.40695636128568 4.50294947014537
2  135 156 718 4.40695636128568 4.50294947014537
2  136 273 724 4.40695636128568 4.50294947014537
2  137 274 747 4.40695636128568 4.50294947014537
2  137 274 750 4.40695636128568 4.50294947014537
2  2 275 751 4.40695636128568 4.50294947014537
2  137 274 766 4.40695636128568 4.50294947014537
2  137 274 769 4.40695636128568 4.50294947014537
2  2 276 770 4.40695636128568 4.50294947014537
2  99 277 771 4.40695636128568 4.50294947014537
2  99 278 772 4.40695636128568 4.50294947014537
2  99 279 773 4.40695636128568 4.50294947014537
2  99 280 774 4.40695636128568 4.50294947014537
2  99 281 775 4.40695636128568 4.50294947014537
2  99 282 776 4.40695636128568 4.50294947014537
2  99 283 778 4.40695636128568 4.50294947014537
2  99 284 783 4.40695636128568 4.50294947014537
2  99 285 788 4.40695636128568 4.50294947014537
2  99 286 796 4.40695636128568 4.50294947014537
2  99 287 800 4.40695636128568 4.50294947014537
2  99 288 809 4.40695636128568 4.50294947014537
2  99 289 810 4.40695636128568 4.50294947014537
2  99 290 811 4.40695636128568 4.50294947014537
2  99 291 812 4.40695636128568 4.50294947014537
0

0101000
+82 920 -81 922 *
Ed
 1.0000001e-07 1 1 0
1  60 0 4.616395871525 4.71238898038469
2  2 157 598 4.616395871525 4.71238898038469
2  96 157 599 4.616395871525 4.71238898038469
2  133 59 600 4.616395871525 4.71238898038469
2  134 158 607 4.616395871525 4.71238898038469
2  134 158 609 4.616395871525 4.71238898038469
2  2 159 610 4.616395871525 4.71238898038469
2  99 159 612 4.616395871525 4.71238898038469
4 C0 159 610 160 610
4 C0 159 612 161 612
2  135 160 610 4.616395871525 4.71238898038469
2  135 161 612 4.616395871525 4.71238898038469
2  135 61 610 4.616395871525 4.71238898038469
2  135 162 612 4.616395871525 4.71238898038469
2  2 163 613 4.616395871525 4.71238898038469
2  99 163 615 4.616395871525 4.71238898038469
4 C0 163 613 164 613
4 C0 163 615 165 615
2  135 164 613 4.616395871525 4.71238898038469
2  135 165 615 4.616395871525 4.71238898038469
2  135 63 613 4.616395871525 4.71238898038469
2  135 166 615 4.616395871525 4.71238898038469
2  2 167 616 4.616395871525 4.71238898038469
2  99 167 618 4.616395871525 4.71238898038469
4 C0 167 616 168 616
4 C0 167 618 169 618
2  135 168 616 4.616395871525 4.71238898038469
2  135 169 618 4.616395871525 4.71238898038469
2  135 65 616 4.616395871525 4.71238898038469
2  135 170 618 4.616395871525 4.71238898038469
2  2 171 619 4.616395871525 4.71238898038469
2  99 171 621 4.616395871525 4.71238898038469
4 C0 171 619 172 619
4 C0 171 621 173 621
2  135 172 619 4.616395871525 4.71238898038469
2  135 173 621 4.616395871525 4.71238898038469
2  135 67 619 4.616395871525 4.71238898038469
2  135 174 621 4.616395871525 4.71238898038469
2  2 175 622 4.616395871525 4.71238898038469
2  99 175 624 4.616395871525 4.71238898038469
4 C0 175 622 176 622
4 C0 175 624 177 624
2  135 176 622 4.616395871525 4.71238898038469
2  135 177 624 4.616395871525 4.71238898038469
2  135 69 622 4.616395871525 4.71238898038469
2  135 178 624 4.616395871525 4.71238898038469
2  2 179 625 4.616395871525 4.71238898038469
2  96 179 626 4.616395871525 4.71238898038469
2  2 180 627 4.616395871525 4.71238898038469
2  99 180 629 4.616395871525 4.71238898038469
4 C0 180 627 181 627
4 C0 180 629 182 629
2  135 181 627 4.616395871525 4.71238898038469
2  135 182 629 4.616395871525 4.71238898038469
2  135 72 627 4.616395871525 4.71238898038469
2  135 73 629 4.616395871525 4.71238898038469
2  2 183 630 4.616395871525 4.71238898038469
2  99 183 632 4.616395871525 4.71238898038469
4 C0 183 630 184 630
4 C0 183 632 185 632
2  135 184 630 4.616395871525 4.71238898038469
2  135 185 632 4.616395871525 4.71238898038469
2  135 75 630 4.616395871525 4.71238898038469
2  135 76 632 4.616395871525 4.71238898038469
2  2 186 633 4.616395871525 4.71238898038469
2  99 186 635 4.616395871525 4.71238898038469
4 C0 186 633 187 633
4 C0 186 635 188 635
2  135 187 633 4.616395871525 4.71238898038469
2  135 188 635 4.616395871525 4.71238898038469
2  135 78 633 4.616395871525 4.71238898038469
2  135 79 635 4.616395871525 4.71238898038469
2  2 189 636 4.616395871525 4.71238898038469
2  99 189 638 4.616395871525 4.71238898038469
4 C0 189 636 190 636
4 C0 189 638 191 638
2  135 190 636 4.616395871525 4.71238898038469
2  135 191 638 4.616395871525 4.71238898038469
2  135 81 636 4.616395871525 4.71238898038469
2  135 82 638 4.616395871525 4.71238898038469
2  2 192 639 4.616395871525 4.71238898038469
2  99 192 641 4.616395871525 4.71238898038469
4 C0 192 639 193 639
4 C0 192 641 194 641
2  135 193 639 4.616395871525 4.71238898038469
2  135 194 641 4.616395871525 4.71238898038469
2  135 84 639 4.616395871525 4.71238898038469
2  135 85 641 4.616395871525 4.71238898038469
2  2 195 642 4.616395871525 4.71238898038469
2  96 195 643 4.616395871525 4.71238898038469
2  2 196 644 4.616395871525 4.71238898038469
4 C0 196 644 197 644
2  135 197 644 4.616395871525 4.71238898038469
2  135 88 644 4.616395871525 4.71238898038469
2  2 198 645 4.616395871525 4.71238898038469
2  96 198 646 4.616395871525 4.71238898038469
2  2 199 647 4.616395871525 4.71238898038469
2  99 199 649 4.616395871525 4.71238898038469
4 C0 199 647 200 647
4 C0 199 649 201 649
2  135 200 647 4.616395871525 4.71238898038469
2  135 201 649 4.616395871525 4.71238898038469
2  135 92 647 4.616395871525 4.71238898038469
2  135 93 649 4.616395871525 4.71238898038469
2  2 202 650 4.616395871525 4.71238898038469
2  96 202 651 4.616395871525 4.71238898038469
2  2 203 652 4.616395871525 4.71238898038469
2  99 203 654 4.616395871525 4.71238898038469
4 C0 203 652 204 652
4 C0 203 654 205 654
2  135 204 652 4.616395871525 4.71238898038469
2  135 205 654 4.616395871525 4.71238898038469
2  135 96 652 4.616395871525 4.71238898038469
2  135 97 654 4.616395871525 4.71238898038469
2  2 206 655 4.616395871525 4.71238898038469
2  99 206 657 4.616395871525 4.71238898038469
4 C0 206 655 207 655
4 C0 206 657 208 657
2  135 207 655 4.616395871525 4.71238898038469
2  135 208 657 4.616395871525 4.71238898038469
2  135 99 655 4.616395871525 4.71238898038469
2  135 100 657 4.616395871525 4.71238898038469
2  2 209 658 4.616395871525 4.71238898038469
2  99 209 660 4.616395871525 4.71238898038469
4 C0 209 658 210 658
4 C0 209 660 211 660
2  135 210 658 4.616395871525 4.71238898038469
2  135 211 660 4.616395871525 4.71238898038469
2  135 102 658 4.616395871525 4.71238898038469
2  135 103 660 4.616395871525 4.71238898038469
2  2 212 661 4.616395871525 4.71238898038469
2  99 212 663 4.616395871525 4.71238898038469
4 C0 212 661 213 661
4 C0 212 663 214 663
2  135 213 661 4.616395871525 4.71238898038469
2  135 214 663 4.616395871525 4.71238898038469
2  135 105 661 4.616395871525 4.71238898038469
2  135 106 663 4.616395871525 4.71238898038469
2  2 215 664 4.616395871525 4.71238898038469
2  99 215 666 4.616395871525 4.71238898038469
4 C0 215 664 216 664
4 C0 215 666 217 666
2  135 216 664 4.616395871525 4.71238898038469
2  135 217 666 4.616395871525 4.71238898038469
2  135 108 664 4.616395871525 4.71238898038469
2  135 109 666 4.616395871525 4.71238898038469
2  2 218 667 4.616395871525 4.71238898038469
2  99 218 669 4.616395871525 4.71238898038469
4 C0 218 667 219 667
4 C0 218 669 220 669
2  135 219 667 4.616395871525 4.71238898038469
2  135 220 669 4.616395871525 4.71238898038469
2  135 111 667 4.616395871525 4.71238898038469
2  135 112 669 4.616395871525 4.71238898038469
2  2 221 670 4.616395871525 4.71238898038469
2  99 221 672 4.616395871525 4.71238898038469
4 C0 221 670 222 670
4 C0 221 672 223 672
2  135 222 670 4.616395871525 4.71238898038469
2  135 223 672 4.616395871525 4.71238898038469
2  135 114 670 4.616395871525 4.71238898038469
2  135 115 672 4.616395871525 4.71238898038469
2  2 224 673 4.616395871525 4.71238898038469
2  99 224 675 4.616395871525 4.71238898038469
4 C0 224 673 225 673
4 C0 224 675 226 675
2  135 225 673 4.616395871525 4.71238898038469
2  135 226 675 4.616395871525 4.71238898038469
2  135 117 673 4.616395871525 4.71238898038469
2  135 118 675 4.616395871525 4.71238898038469
2  2 227 676 4.616395871525 4.71238898038469
2  99 227 678 4.616395871525 4.71238898038469
4 C0 227 676 228 676
4 C0 227 678 229 678
2  135 228 676 4.616395871525 4.71238898038469
2  135 229 678 4.616395871525 4.71238898038469
2  135 120 676 4.616395871525 4.71238898038469
2  135 121 678 4.616395871525 4.71238898038469
2  2 230 679 4.616395871525 4.71238898038469
2  96 230 680 4.616395871525 4.71238898038469
2  2 231 681 4.616395871525 4.71238898038469
2  99 231 683 4.616395871525 4.71238898038469
4 C0 231 681 232 681
4 C0 231 683 233 683
2  135 232 681 4.616395871525 4.71238898038469
2  135 233 683 4.616395871525 4.71238898038469
2  135 124 681 4.616395871525 4.71238898038469
2  135 234 683 4.616395871525 4.71238898038469
2  2 235 684 4.616395871525 4.71238898038469
2  96 235 685 4.616395871525 4.71238898038469
2  2 236 686 4.616395871525 4.71238898038469
2  99 236 688 4.616395871525 4.71238898038469
4 C0 236 686 237 686
4 C0 236 688 238 688
2  135 237 686 4.616395871525 4.71238898038469
2  135 238 688 4.616395871525 4.71238898038469
2  135 127 686 4.616395871525 4.71238898038469
2  135 239 688 4.616395871525 4.71238898038469
2  2 240 689 4.616395871525 4.71238898038469
2  99 240 691 4.616395871525 4.71238898038469
4 C0 240 689 241 689
4 C0 240 691 242 691
2  135 241 689 4.616395871525 4.71238898038469
2  135 242 691 4.616395871525 4.71238898038469
2  135 129 689 4.616395871525 4.71238898038469
2  135 243 691 4.616395871525 4.71238898038469
2  2 244 692 4.616395871525 4.71238898038469
2  96 244 693 4.616395871525 4.71238898038469
2  2 245 694 4.616395871525 4.71238898038469
2  99 245 696 4.616395871525 4.71238898038469
4 C0 245 694 246 694
4 C0 245 696 247 696
2  135 246 694 4.616395871525 4.71238898038469
2  135 247 696 4.616395871525 4.71238898038469
2  135 132 694 4.616395871525 4.71238898038469
2  135 133 696 4.616395871525 4.71238898038469
2  2 248 697 4.616395871525 4.71238898038469
2  99 248 699 4.616395871525 4.71238898038469
4 C0 248 697 249 697
4 C0 248 699 250 699
2  135 249 697 4.616395871525 4.71238898038469
2  135 250 699 4.616395871525 4.71238898038469
2  135 135 697 4.616395871525 4.71238898038469
2  135 136 699 4.616395871525 4.71238898038469
2  2 251 700 4.616395871525 4.71238898038469
2  99 251 702 4.616395871525 4.71238898038469
4 C0 251 700 252 700
4 C0 251 702 253 702
2  135 252 700 4.616395871525 4.71238898038469
2  135 253 702 4.616395871525 4.71238898038469
2  135 138 700 4.616395871525 4.71238898038469
2  135 139 702 4.616395871525 4.71238898038469
2  2 254 703 4.616395871525 4.71238898038469
2  99 254 705 4.616395871525 4.71238898038469
4 C0 254 703 255 703
4 C0 254 705 256 705
2  135 255 703 4.616395871525 4.71238898038469
2  135 256 705 4.616395871525 4.71238898038469
2  135 141 703 4.616395871525 4.71238898038469
2  135 142 705 4.616395871525 4.71238898038469
2  2 257 706 4.616395871525 4.71238898038469
2  96 257 707 4.616395871525 4.71238898038469
2  2 258 708 4.616395871525 4.71238898038469
2  99 258 710 4.616395871525 4.71238898038469
4 C0 258 708 259 708
4 C0 258 710 260 710
2  135 259 708 4.616395871525 4.71238898038469
2  135 260 710 4.616395871525 4.71238898038469
2  135 145 708 4.616395871525 4.71238898038469
2  135 261 710 4.616395871525 4.71238898038469
2  2 262 711 4.616395871525 4.71238898038469
2  99 262 713 4.616395871525 4.71238898038469
4 C0 262 711 263 711
4 C0 262 713 264 713
2  135 263 711 4.616395871525 4.71238898038469
2  135 264 713 4.616395871525 4.71238898038469
2  135 147 711 4.616395871525 4.71238898038469
2  135 265 713 4.616395871525 4.71238898038469
2  2 266 714 4.616395871525 4.71238898038469
2  99 266 716 4.616395871525 4.71238898038469
4 C0 266 714 267 714
4 C0 266 716 268 716
2  135 267 714 4.616395871525 4.71238898038469
2  135 268 716 4.616395871525 4.71238898038469
2  135 149 714 4.616395871525 4.71238898038469
2  135 269 716 4.616395871525 4.71238898038469
2  2 270 717 4.616395871525 4.71238898038469
2  99 270 718 4.616395871525 4.71238898038469
4 C0 270 717 271 717
4 C0 270 718 272 718
2  135 271 717 4.616395871525 4.71238898038469
2  135 272 718 4.616395871525 4.71238898038469
2  135 151 717 4.616395871525 4.71238898038469
2  135 156 718 4.616395871525 4.71238898038469
2  136 273 724 4.616395871525 4.71238898038469
2  137 274 747 4.616395871525 4.71238898038469
2  137 274 750 4.616395871525 4.71238898038469
2  2 275 751 4.616395871525 4.71238898038469
2  137 274 766 4.616395871525 4.71238898038469
2  137 274 769 4.616395871525 4.71238898038469
2  2 276 770 4.616395871525 4.71238898038469
2  99 277 771 4.616395871525 4.71238898038469
2  99 278 772 4.616395871525 4.71238898038469
2  99 279 773 4.616395871525 4.71238898038469
2  99 280 774 4.616395871525 4.71238898038469
2  99 281 775 4.616395871525 4.71238898038469
2  99 282 776 4.616395871525 4.71238898038469
2  99 283 778 4.616395871525 4.71238898038469
2  99 284 783 4.616395871525 4.71238898038469
2  99 285 788 4.616395871525 4.71238898038469
2  99 286 796 4.616395871525 4.71238898038469
2  99 287 800 4.616395871525 4.71238898038469
2  99 288 809 4.616395871525 4.71238898038469
2  99 289 810 4.616395871525 4.71238898038469
2  99 290 811 4.616395871525 4.71238898038469
2  99 291 812 4.616395871525 4.71238898038469
0

0101000
+82 922 -81 924 *
Ed
 1.0000001e-07 1 1 0
1  60 0 4.82583538176432 4.92182849062401
2  2 157 598 4.82583538176432 4.92182849062401
2  96 157 599 4.82583538176432 4.92182849062401
2  133 59 600 4.82583538176432 4.92182849062401
2  134 158 607 4.82583538176432 4.92182849062401
2  134 158 609 4.82583538176432 4.92182849062401
2  2 159 610 4.82583538176432 4.92182849062401
2  99 159 612 4.82583538176432 4.92182849062401
4 C0 159 610 160 610
4 C0 159 612 161 612
2  135 160 610 4.82583538176432 4.92182849062401
2  135 161 612 4.82583538176432 4.92182849062401
2  135 61 610 4.82583538176432 4.92182849062401
2  135 162 612 4.82583538176432 4.92182849062401
2  2 163 613 4.82583538176432 4.92182849062401
2  99 163 615 4.82583538176432 4.92182849062401
4 C0 163 613 164 613
4 C0 163 615 165 615
2  135 164 613 4.82583538176432 4.92182849062401
2  135 165 615 4.82583538176432 4.92182849062401
2  135 63 613 4.82583538176432 4.92182849062401
2  135 166 615 4.82583538176432 4.92182849062401
2  2 167 616 4.82583538176432 4.92182849062401
2  99 167 618 4.82583538176432 4.92182849062401
4 C0 167 616 168 616
4 C0 167 618 169 618
2  135 168 616 4.82583538176432 4.92182849062401
2  135 169 618 4.82583538176432 4.92182849062401
2  135 65 616 4.82583538176432 4.92182849062401
2  135 170 618 4.82583538176432 4.92182849062401
2  2 171 619 4.82583538176432 4.92182849062401
2  99 171 621 4.82583538176432 4.92182849062401
4 C0 171 619 172 619
4 C0 171 621 173 621
2  135 172 619 4.82583538176432 4.92182849062401
2  135 173 621 4.82583538176432 4.92182849062401
2  135 67 619 4.82583538176432 4.92182849062401
2  135 174 621 4.82583538176432 4.92182849062401
2  2 175 622 4.82583538176432 4.92182849062401
2  99 175 624 4.82583538176432 4.92182849062401
4 C0 175 622 176 622
4 C0 175 624 177 624
2  135 176 622 4.82583538176432 4.92182849062401
2  135 177 624 4.82583538176432 4.92182849062401
2  135 69 622 4.82583538176432 4.92182849062401
2  135 178 624 4.82583538176432 4.92182849062401
2  2 179 625 4.82583538176432 4.92182849062401
2  96 179 626 4.82583538176432 4.92182849062401
2  2 180 627 4.82583538176432 4.92182849062401
2  99 180 629 4.82583538176432 4.92182849062401
4 C0 180 627 181 627
4 C0 180 629 182 629
2  135 181 627 4.82583538176432 4.92182849062401
2  135 182 629 4.82583538176432 4.92182849062401
2  135 72 627 4.82583538176432 4.92182849062401
2  135 73 629 4.82583538176432 4.92182849062401
2  2 183 630 4.82583538176432 4.92182849062401
2  99 183 632 4.82583538176432 4.92182849062401
4 C0 183 630 184 630
4 C0 183 632 185 632
2  135 184 630 4.82583538176432 4.92182849062401
2  135 185 632 4.82583538176432 4.92182849062401
2  135 75 630 4.82583538176432 4.92182849062401
2  135 76 632 4.82583538176432 4.92182849062401
2  2 186 633 4.82583538176432 4.92182849062401
2  99 186 635 4.82583538176432 4.92182849062401
4 C0 186 633 187 633
4 C0 186 635 188 635
2  135 187 633 4.82583538176432 4.92182849062401
2  135 188 635 4.82583538176432 4.92182849062401
2  135 78 633 4.82583538176432 4.92182849062401
2  135 79 635 4.82583538176432 4.92182849062401
2  2 189 636 4.82583538176432 4.92182849062401
2  99 189 638 4.82583538176432 4.92182849062401
4 C0 189 636 190 636
4 C0 189 638 191 638
2  135 190 636 4.82583538176432 4.92182849062401
2  135 191 638 4.82583538176432 4.92182849062401
2  135 81 636 4.82583538176432 4.92182849062401
2  135 82 638 4.82583538176432 4.92182849062401
2  2 192 639 4.82583538176432 4.92182849062401
2  99 192 641 4.82583538176432 4.92182849062401
4 C0 192 639 193 639
4 C0 192 641 194 641
2  135 193 639 4.82583538176432 4.92182849062401
2  135 194 641 4.82583538176432 4.92182849062401
2  135 84 639 4.82583538176432 4.92182849062401
2  135 85 641 4.82583538176432 4.92182849062401
2  2 195 642 4.82583538176432 4.92182849062401
2  96 195 643 4.82583538176432 4.92182849062401
2  2 196 644 4.82583538176432 4.92182849062401
4 C0 196 644 197 644
2  135 197 644 4.82583538176432 4.92182849062401
2  135 88 644 4.82583538176432 4.92182849062401
2  2 198 645 4.82583538176432 4.92182849062401
2  96 198 646 4.82583538176432 4.92182849062401
2  2 199 647 4.82583538176432 4.92182849062401
2  99 199 649 4.82583538176432 4.92182849062401
4 C0 199 647 200 647
4 C0 199 649 201 649
2  135 200 647 4.82583538176432 4.92182849062401
2  135 201 649 4.82583538176432 4.92182849062401
2  135 92 647 4.82583538176432 4.92182849062401
2  135 93 649 4.82583538176432 4.92182849062401
2  2 202 650 4.82583538176432 4.92182849062401
2  96 202 651 4.82583538176432 4.92182849062401
2  2 203 652 4.82583538176432 4.92182849062401
2  99 203 654 4.82583538176432 4.92182849062401
4 C0 203 652 204 652
4 C0 203 654 205 654
2  135 204 652 4.82583538176432 4.92182849062401
2  135 205 654 4.82583538176432 4.92182849062401
2  135 96 652 4.82583538176432 4.92182849062401
2  135 97 654 4.82583538176432 4.92182849062401
2  2 206 655 4.82583538176432 4.92182849062401
2  99 206 657 4.82583538176432 4.92182849062401
4 C0 206 655 207 655
4 C0 206 657 208 657
2  135 207 655 4.82583538176432 4.92182849062401
2  135 208 657 4.82583538176432 4.92182849062401
2  135 99 655 4.82583538176432 4.92182849062401
2  135 100 657 4.82583538176432 4.92182849062401
2  2 209 658 4.82583538176432 4.92182849062401
2  99 209 660 4.82583538176432 4.92182849062401
4 C0 209 658 210 658
4 C0 209 660 211 660
2  135 210 658 4.82583538176432 4.92182849062401
2  135 211 660 4.82583538176432 4.92182849062401
2  135 102 658 4.82583538176432 4.92182849062401
2  135 103 660 4.82583538176432 4.92182849062401
2  2 212 661 4.82583538176432 4.92182849062401
2  99 212 663 4.82583538176432 4.92182849062401
4 C0 212 661 213 661
4 C0 212 663 214 663
2  135 213 661 4.82583538176432 4.92182849062401
2  135 214 663 4.82583538176432 4.92182849062401
2  135 105 661 4.82583538176432 4.92182849062401
2  135 106 663 4.82583538176432 4.92182849062401
2  2 215 664 4.82583538176432 4.92182849062401
2  99 215 666 4.82583538176432 4.92182849062401
4 C0 215 664 216 664
4 C0 215 666 217 666
2  135 216 664 4.82583538176432 4.92182849062401
2  135 217 666 4.82583538176432 4.92182849062401
2  135 108 664 4.82583538176432 4.92182849062401
2  135 109 666 4.82583538176432 4.92182849062401
2  2 218 667 4.82583538176432 4.92182849062401
2  99 218 669 4.82583538176432 4.92182849062401
4 C0 218 667 219 667
4 C0 218 669 220 669
2  135 219 667 4.82583538176432 4.92182849062401
2  135 220 669 4.82583538176432 4.92182849062401
2  135 111 667 4.82583538176432 4.92182849062401
2  135 112 669 4.82583538176432 4.92182849062401
2  2 221 670 4.82583538176432 4.92182849062401
2  99 221 672 4.82583538176432 4.92182849062401
4 C0 221 670 222 670
4 C0 221 672 223 672
2  135 222 670 4.82583538176432 4.92182849062401
2  135 223 672 4.82583538176432 4.92182849062401
2  135 114 670 4.82583538176432 4.92182849062401
2  135 115 672 4.82583538176432 4.92182849062401
2  2 224 673 4.82583538176432 4.92182849062401
2  99 224 675 4.82583538176432 4.92182849062401
4 C0 224 673 225 673
4 C0 224 675 226 675
2  135 225 673 4.82583538176432 4.92182849062401
2  135 226 675 4.82583538176432 4.92182849062401
2  135 117 673 4.82583538176432 4.92182849062401
2  135 118 675 4.82583538176432 4.92182849062401
2  2 227 676 4.82583538176432 4.92182849062401
2  99 227 678 4.82583538176432 4.92182849062401
4 C0 227 676 228 676
4 C0 227 678 229 678
2  135 228 676 4.82583538176432 4.92182849062401
2  135 229 678 4.82583538176432 4.92182849062401
2  135 120 676 4.82583538176432 4.92182849062401
2  135 121 678 4.82583538176432 4.92182849062401
2  2 230 679 4.82583538176432 4.92182849062401
2  96 230 680 4.82583538176432 4.92182849062401
2  2 231 681 4.82583538176432 4.92182849062401
2  99 231 683 4.82583538176432 4.92182849062401
4 C0 231 681 232 681
4 C0 231 683 233 683
2  135 232 681 4.82583538176432 4.92182849062401
2  135 233 683 4.82583538176432 4.92182849062401
2  135 124 681 4.82583538176432 4.92182849062401
2  135 234 683 4.82583538176432 4.92182849062401
2  2 235 684 4.82583538176432 4.92182849062401
2  96 235 685 4.82583538176432 4.92182849062401
2  2 236 686 4.82583538176432 4.92182849062401
2  99 236 688 4.82583538176432 4.92182849062401
4 C0 236 686 237 686
4 C0 236 688 238 688
2  135 237 686 4.82583538176432 4.92182849062401
2  135 238 688 4.82583538176432 4.92182849062401
2  135 127 686 4.82583538176432 4.92182849062401
2  135 239 688 4.82583538176432 4.92182849062401
2  2 240 689 4.82583538176432 4.92182849062401
2  99 240 691 4.82583538176432 4.92182849062401
4 C0 240 689 241 689
4 C0 240 691 242 691
2  135 241 689 4.82583538176432 4.92182849062401
2  135 242 691 4.82583538176432 4.92182849062401
2  135 129 689 4.82583538176432 4.92182849062401
2  135 243 691 4.82583538176432 4.92182849062401
2  2 244 692 4.82583538176432 4.92182849062401
2  96 244 693 4.82583538176432 4.92182849062401
2  2 245 694 4.82583538176432 4.92182849062401
2  99 245 696 4.82583538176432 4.92182849062401
4 C0 245 694 246 694
4 C0 245 696 247 696
2  135 246 694 4.82583538176432 4.92182849062401
2  135 247 696 4.82583538176432 4.92182849062401
2  135 132 694 4.82583538176432 4.92182849062401
2  135 133 696 4.82583538176432 4.92182849062401
2  2 248 697 4.82583538176432 4.92182849062401
2  99 248 699 4.82583538176432 4.92182849062401
4 C0 248 697 249 697
4 C0 248 699 250 699
2  135 249 697 4.82583538176432 4.92182849062401
2  135 250 699 4.82583538176432 4.92182849062401
2  135 135 697 4.82583538176432 4.92182849062401
2  135 136 699 4.82583538176432 4.92182849062401
2  2 251 700 4.82583538176432 4.92182849062401
2  99 251 702 4.82583538176432 4.92182849062401
4 C0 251 700 252 700
4 C0 251 702 253 702
2  135 252 700 4.82583538176432 4.92182849062401
2  135 253 702 4.82583538176432 4.92182849062401
2  135 138 700 4.82583538176432 4.92182849062401
2  135 139 702 4.82583538176432 4.92182849062401
2  2 254 703 4.82583538176432 4.92182849062401
2  99 254 705 4.82583538176432 4.92182849062401
4 C0 254 703 255 703
4 C0 254 705 256 705
2  135 255 703 4.82583538176432 4.92182849062401
2  135 256 705 4.82583538176432 4.92182849062401
2  135 141 703 4.82583538176432 4.92182849062401
2  135 142 705 4.82583538176432 4.92182849062401
2  2 257 706 4.82583538176432 4.92182849062401
2  96 257 707 4.82583538176432 4.92182849062401
2  2 258 708 4.82583538176432 4.92182849062401
2  99 258 710 4.82583538176432 4.92182849062401
4 C0 258 708 259 708
4 C0 258 710 260 710
2  135 259 708 4.82583538176432 4.92182849062401
2  135 260 710 4.82583538176432 4.92182849062401
2  135 145 708 4.82583538176432 4.92182849062401
2  135 261 710 4.82583538176432 4.92182849062401
2  2 262 711 4.82583538176432 4.92182849062401
2  99 262 713 4.82583538176432 4.92182849062401
4 C0 262 711 263 711
4 C0 262 713 264 713
2  135 263 711 4.82583538176432 4.92182849062401
2  135 264 713 4.82583538176432 4.92182849062401
2  135 147 711 4.82583538176432 4.92182849062401
2  135 265 713 4.82583538176432 4.92182849062401
2  2 266 714 4.82583538176432 4.92182849062401
2  99 266 716 4.82583538176432 4.92182849062401
4 C0 266 714 267 714
4 C0 266 716 268 716
2  135 267 714 4.82583538176432 4.92182849062401
2  135 268 716 4.82583538176432 4.92182849062401
2  135 149 714 4.82583538176432 4.92182849062401
2  135 269 716 4.82583538176432 4.92182849062401
2  2 270 717 4.82583538176432 4.92182849062401
2  99 270 718 4.82583538176432 4.92182849062401
4 C0 270 717 271 717
4 C0 270 718 272 718
2  135 271 717 4.82583538176432 4.92182849062401
2  135 272 718 4.82583538176432 4.92182849062401
2  135 151 717 4.82583538176432 4.92182849062401
2  135 156 718 4.82583538176432 4.92182849062401
2  136 273 724 4.82583538176432 4.92182849062401
2  137 274 747 4.82583538176432 4.92182849062401
2  137 274 750 4.82583538176432 4.92182849062401
2  2 275 751 4.82583538176432 4.92182849062401
2  137 274 766 4.82583538176432 4.92182849062401
2  137 274 769 4.82583538176432 4.92182849062401
2  2 276 770 4.82583538176432 4.92182849062401
2  99 277 771 4.82583538176432 4.92182849062401
2  99 278 772 4.82583538176432 4.92182849062401
2  99 279 773 4.82583538176432 4.92182849062401
2  99 280 774 4.82583538176432 4.92182849062401
2  99 281 775 4.82583538176432 4.92182849062401
2  99 282 776 4.82583538176432 4.92182849062401
2  99 283 778 4.82583538176432 4.92182849062401
2  99 284 783 4.82583538176432 4.92182849062401
2  99 285 788 4.82583538176432 4.92182849062401
2  99 286 796 4.82583538176432 4.92182849062401
2  99 287 800 4.82583538176432 4.92182849062401
2  99 288 809 4.82583538176432 4.92182849062401
2  99 289 810 4.82583538176432 4.92182849062401
2  99 290 811 4.82583538176432 4.92182849062401
2  99 291 812 4.82583538176432 4.92182849062401
0

0101000
+82 924 -81 926 *
Ed
 1.0000001e-07 1 1 0
1  60 0 5.03527489200364 5.13126800086333
2  2 157 598 5.03527489200364 5.13126800086333
2  96 157 599 5.03527489200364 5.13126800086333
2  133 59 600 5.03527489200364 5.13126800086333
2  134 158 607 5.03527489200364 5.13126800086333
2  134 158 609 5.03527489200364 5.13126800086333
2  2 159 610 5.03527489200364 5.13126800086333
2  99 159 612 5.03527489200364 5.13126800086333
4 C0 159 610 160 610
4 C0 159 612 161 612
2  135 160 610 5.03527489200364 5.13126800086333
2  135 161 612 5.03527489200364 5.13126800086333
2  135 61 610 5.03527489200364 5.13126800086333
2  135 162 612 5.03527489200364 5.13126800086333
2  2 163 613 5.03527489200364 5.13126800086333
2  99 163 615 5.03527489200364 5.13126800086333
4 C0 163 613 164 613
4 C0 163 615 165 615
2  135 164 613 5.03527489200364 5.13126800086333
2  135 165 615 5.03527489200364 5.13126800086333
2  135 63 613 5.03527489200364 5.13126800086333
2  135 166 615 5.03527489200364 5.13126800086333
2  2 167 616 5.03527489200364 5.13126800086333
2  99 167 618 5.03527489200364 5.13126800086333
4 C0 167 616 168 616
4 C0 167 618 169 618
2  135 168 616 5.03527489200364 5.13126800086333
2  135 169 618 5.03527489200364 5.13126800086333
2  135 65 616 5.03527489200364 5.13126800086333
2  135 170 618 5.03527489200364 5.13126800086333
2  2 171 619 5.03527489200364 5.13126800086333
2  99 171 621 5.03527489200364 5.13126800086333
4 C0 171 619 172 619
4 C0 171 621 173 621
2  135 172 619 5.03527489200364 5.13126800086333
2  135 173 621 5.03527489200364 5.13126800086333
2  135 67 619 5.03527489200364 5.13126800086333
2  135 174 621 5.03527489200364 5.13126800086333
2  2 175 622 5.03527489200364 5.13126800086333
2  99 175 624 5.03527489200364 5.13126800086333
4 C0 175 622 176 622
4 C0 175 624 177 624
2  135 176 622 5.03527489200364 5.13126800086333
2  135 177 624 5.03527489200364 5.13126800086333
2  135 69 622 5.03527489200364 5.13126800086333
2  135 178 624 5.03527489200364 5.13126800086333
2  2 179 625 5.03527489200364 5.13126800086333
2  96 179 626 5.03527489200364 5.13126800086333
2  2 180 627 5.03527489200364 5.13126800086333
2  99 180 629 5.03527489200364 5.13126800086333
4 C0 180 627 181 627
4 C0 180 629 182 629
2  135 181 627 5.03527489200364 5.13126800086333
2  135 182 629 5.03527489200364 5.13126800086333
2  135 72 627 5.03527489200364 5.13126800086333
2  135 73 629 5.03527489200364 5.13126800086333
2  2 183 630 5.03527489200364 5.13126800086333
2  99 183 632 5.03527489200364 5.13126800086333
4 C0 183 630 184 630
4 C0 183 632 185 632
2  135 184 630 5.03527489200364 5.13126800086333
2  135 185 632 5.03527489200364 5.13126800086333
2  135 75 630 5.03527489200364 5.13126800086333
2  135 76 632 5.03527489200364 5.13126800086333
2  2 186 633 5.03527489200364 5.13126800086333
2  99 186 635 5.03527489200364 5.13126800086333
4 C0 186 633 187 633
4 C0 186 635 188 635
2  135 187 633 5.03527489200364 5.13126800086333
2  135 188 635 5.03527489200364 5.13126800086333
2  135 78 633 5.03527489200364 5.13126800086333
2  135 79 635 5.03527489200364 5.13126800086333
2  2 189 636 5.03527489200364 5.13126800086333
2  99 189 638 5.03527489200364 5.13126800086333
4 C0 189 636 190 636
4 C0 189 638 191 638
2  135 190 636 5.03527489200364 5.13126800086333
2  135 191 638 5.03527489200364 5.13126800086333
2  135 81 636 5.03527489200364 5.13126800086333
2  135 82 638 5.03527489200364 5.13126800086333
2  2 192 639 5.03527489200364 5.13126800086333
2  99 192 641 5.03527489200364 5.13126800086333
4 C0 192 639 193 639
4 C0 192 641 194 641
2  135 193 639 5.03527489200364 5.13126800086333
2  135 194 641 5.03527489200364 5.13126800086333
2  135 84 639 5.03527489200364 5.13126800086333
2  135 85 641 5.03527489200364 5.13126800086333
2  2 195 642 5.03527489200364 5.13126800086333
2  96 195 643 5.03527489200364 5.13126800086333
2  2 196 644 5.03527489200364 5.13126800086333
4 C0 196 644 197 644
2  135 197 644 5.03527489200364 5.13126800086333
2  135 88 644 5.03527489200364 5.13126800086333
2  2 198 645 5.03527489200364 5.13126800086333
2  96 198 646 5.03527489200364 5.13126800086333
2  2 199 647 5.03527489200364 5.13126800086333
2  99 199 649 5.03527489200364 5.13126800086333
4 C0 199 647 200 647
4 C0 199 649 201 649
2  135 200 647 5.03527489200364 5.13126800086333
2  135 201 649 5.03527489200364 5.13126800086333
2  135 92 647 5.03527489200364 5.13126800086333
2  135 93 649 5.03527489200364 5.13126800086333
2  2 202 650 5.03527489200364 5.13126800086333
2  96 202 651 5.03527489200364 5.13126800086333
2  2 203 652 5.03527489200364 5.13126800086333
2  99 203 654 5.03527489200364 5.13126800086333
4 C0 203 652 204 652
4 C0 203 654 205 654
2  135 204 652 5.03527489200364 5.13126800086333
2  135 205 654 5.03527489200364 5.13126800086333
2  135 96 652 5.03527489200364 5.13126800086333
2  135 97 654 5.03527489200364 5.13126800086333
2  2 206 655 5.03527489200364 5.13126800086333
2  99 206 657 5.03527489200364 5.13126800086333
4 C0 206 655 207 655
4 C0 206 657 208 657
2  135 207 655 5.03527489200364 5.13126800086333
2  135 208 657 5.03527489200364 5.13126800086333
2  135 99 655 5.03527489200364 5.13126800086333
2  135 100 657 5.03527489200364 5.13126800086333
2  2 209 658 5.03527489200364 5.13126800086333
2  99 209 660 5.03527489200364 5.13126800086333
4 C0 209 658 210 658
4 C0 209 660 211 660
2  135 210 658 5.03527489200364 5.13126800086333
2  135 211 660 5.03527489200364 5.13126800086333
2  135 102 658 5.03527489200364 5.13126800086333
2  135 103 660 5.03527489200364 5.13126800086333
2  2 212 661 5.03527489200364 5.13126800086333
2  99 212 663 5.03527489200364 5.13126800086333
4 C0 212 661 213 661
4 C0 212 663 214 663
2  135 213 661 5.03527489200364 5.13126800086333
2  135 214 663 5.03527489200364 5.13126800086333
2  135 105 661 5.03527489200364 5.13126800086333
2  135 106 663 5.03527489200364 5.13126800086333
2  2 215 664 5.03527489200364 5.13126800086333
2  99 215 666 5.03527489200364 5.13126800086333
4 C0 215 664 216 664
4 C0 215 666 217 666
2  135 216 664 5.03527489200364 5.13126800086333
2  135 217 666 5.03527489200364 5.13126800086333
2  135 108 664 5.03527489200364 5.13126800086333
2  135 109 666 5.03527489200364 5.13126800086333
2  2 218 667 5.03527489200364 5.13126800086333
2  99 218 669 5.03527489200364 5.13126800086333
4 C0 218 667 219 667
4 C0 218 669 220 669
2  135 219 667 5.03527489200364 5.13126800086333
2  135 220 669 5.03527489200364 5.13126800086333
2  135 111 667 5.03527489200364 5.13126800086333
2  135 112 669 5.03527489200364 5.13126800086333
2  2 221 670 5.03527489200364 5.13126800086333
2  99 221 672 5.03527489200364 5.13126800086333
4 C0 221 670 222 670
4 C0 221 672 223 672
2  135 222 670 5.03527489200364 5.13126800086333
2  135 223 672 5.03527489200364 5.13126800086333
2  135 114 670 5.03527489200364 5.13126800086333
2  135 115 672 5.03527489200364 5.13126800086333
2  2 224 673 5.03527489200364 5.13126800086333
2  99 224 675 5.03527489200364 5.13126800086333
4 C0 224 673 225 673
4 C0 224 675 226 675
2  135 225 673 5.03527489200364 5.13126800086333
2  135 226 675 5.03527489200364 5.13126800086333
2  135 117 673 5.03527489200364 5.13126800086333
2  135 118 675 5.03527489200364 5.13126800086333
2  2 227 676 5.03527489200364 5.13126800086333
2  99 227 678 5.03527489200364 5.13126800086333
4 C0 227 676 228 676
4 C0 227 678 229 678
2  135 228 676 5.03527489200364 5.13126800086333
2  135 229 678 5.03527489200364 5.13126800086333
2  135 120 676 5.03527489200364 5.13126800086333
2  135 121 678 5.03527489200364 5.13126800086333
2  2 230 679 5.03527489200364 5.13126800086333
2  96 230 680 5.03527489200364 5.13126800086333
2  2 231 681 5.03527489200364 5.13126800086333
2  99 231 683 5.03527489200364 5.13126800086333
4 C0 231 681 232 681
4 C0 231 683 233 683
2  135 232 681 5.03527489200364 5.13126800086333
2  135 233 683 5.03527489200364 5.13126800086333
2  135 124 681 5.03527489200364 5.13126800086333
2  135 234 683 5.03527489200364 5.13126800086333
2  2 235 684 5.03527489200364 5.13126800086333
2  96 235 685 5.03527489200364 5.13126800086333
2  2 236 686 5.03527489200364 5.13126800086333
2  99 236 688 5.03527489200364 5.13126800086333
4 C0 236 686 237 686
4 C0 236 688 238 688
2  135 237 686 5.03527489200364 5.13126800086333
2  135 238 688 5.03527489200364 5.13126800086333
2  135 127 686 5.03527489200364 5.13126800086333
2  135 239 688 5.03527489200364 5.13126800086333
2  2 240 689 5.03527489200364 5.13126800086333
2  99 240 691 5.03527489200364 5.13126800086333
4 C0 240 689 241 689
4 C0 240 691 242 691
2  135 241 689 5.03527489200364 5.13126800086333
2  135 242 691 5.03527489200364 5.13126800086333
2  135 129 689 5.03527489200364 5.13126800086333
2  135 243 691 5.03527489200364 5.13126800086333
2  2 244 692 5.03527489200364 5.13126800086333
2  96 244 693 5.03527489200364 5.13126800086333
2  2 245 694 5.03527489200364 5.13126800086333
2  99 245 696 5.03527489200364 5.13126800086333
4 C0 245 694 246 694
4 C0 245 696 247 696
2  135 246 694 5.03527489200364 5.13126800086333
2  135 247 696 5.03527489200364 5.13126800086333
2  135 132 694 5.03527489200364 5.13126800086333
2  135 133 696 5.03527489200364 5.13126800086333
2  2 248 697 5.03527489200364 5.13126800086333
2  99 248 699 5.03527489200364 5.13126800086333
4 C0 248 697 249 697
4 C0 248 699 250 699
2  135 249 697 5.03527489200364 5.13126800086333
2  135 250 699 5.03527489200364 5.13126800086333
2  135 135 697 5.03527489200364 5.13126800086333
2  135 136 699 5.03527489200364 5.13126800086333
2  2 251 700 5.03527489200364 5.13126800086333
2  99 251 702 5.03527489200364 5.13126800086333
4 C0 251 700 252 700
4 C0 251 702 253 702
2  135 252 700 5.03527489200364 5.13126800086333
2  135 253 702 5.03527489200364 5.13126800086333
2  135 138 700 5.03527489200364 5.13126800086333
2  135 139 702 5.03527489200364 5.13126800086333
2  2 254 703 5.03527489200364 5.13126800086333
2  99 254 705 5.03527489200364 5.13126800086333
4 C0 254 703 255 703
4 C0 254 705 256 705
2  135 255 703 5.03527489200364 5.13126800086333
2  135 256 705 5.03527489200364 5.13126800086333
2  135 141 703 5.03527489200364 5.13126800086333
2  135 142 705 5.03527489200364 5.13126800086333
2  2 257 706 5.03527489200364 5.13126800086333
2  96 257 707 5.03527489200364 5.13126800086333
2  2 258 708 5.03527489200364 5.13126800086333
2  99 258 710 5.03527489200364 5.13126800086333
4 C0 258 708 259 708
4 C0 258 710 260 710
2  135 259 708 5.03527489200364 5.13126800086333
2  135 260 710 5.03527489200364 5.13126800086333
2  135 145 708 5.03527489200364 5.13126800086333
2  135 261 710 5.03527489200364 5.13126800086333
2  2 262 711 5.03527489200364 5.13126800086333
2  99 262 713 5.03527489200364 5.13126800086333
4 C0 262 711 263 711
4 C0 262 713 264 713
2  135 263 711 5.03527489200364 5.13126800086333
2  135 264 713 5.03527489200364 5.13126800086333
2  135 147 711 5.03527489200364 5.13126800086333
2  135 265 713 5.03527489200364 5.13126800086333
2  2 266 714 5.03527489200364 5.13126800086333
2  99 266 716 5.03527489200364 5.13126800086333
4 C0 266 714 267 714
4 C0 266 716 268 716
2  135 267 714 5.03527489200364 5.13126800086333
2  135 268 716 5.03527489200364 5.13126800086333
2  135 149 714 5.03527489200364 5.13126800086333
2  135 269 716 5.03527489200364 5.13126800086333
2  2 270 717 5.03527489200364 5.13126800086333
2  99 270 718 5.03527489200364 5.13126800086333
4 C0 270 717 271 717
4 C0 270 718 272 718
2  135 271 717 5.03527489200364 5.13126800086333
2  135 272 718 5.03527489200364 5.13126800086333
2  135 151 717 5.03527489200364 5.13126800086333
2  135 156 718 5.03527489200364 5.13126800086333
2  136 273 724 5.03527489200364 5.13126800086333
2  137 274 747 5.03527489200364 5.13126800086333
2  137 274 750 5.03527489200364 5.13126800086333
2  2 275 751 5.03527489200364 5.13126800086333
2  137 274 766 5.03527489200364 5.13126800086333
2  137 274 769 5.03527489200364 5.13126800086333
2  2 276 770 5.03527489200364 5.13126800086333
2  99 277 771 5.03527489200364 5.13126800086333
2  99 278 772 5.03527489200364 5.13126800086333
2  99 279 773 5.03527489200364 5.13126800086333
2  99 280 774 5.03527489200364 5.13126800086333
2  99 281 775 5.03527489200364 5.13126800086333
2  99 282 776 5.03527489200364 5.13126800086333
2  99 283 778 5.03527489200364 5.13126800086333
2  99 284 783 5.03527489200364 5.13126800086333
2  99 285 788 5.03527489200364 5.13126800086333
2  99 286 796 5.03527489200364 5.13126800086333
2  99 287 800 5.03527489200364 5.13126800086333
2  99 288 809 5.03527489200364 5.13126800086333
2  99 289 810 5.03527489200364 5.13126800086333
2  99 290 811 5.03527489200364 5.13126800086333
2  99 291 812 5.03527489200364 5.13126800086333
0

0101000
+82 926 -81 928 *
Ed
 1.0000001e-07 1 1 0
1  60 0 5.24471440224296 5.34070751110265
2  2 157 598 5.24471440224296 5.34070751110265
2  96 157 599 5.24471440224296 5.34070751110265
2  133 59 600 5.24471440224296 5.34070751110265
2  134 158 607 5.24471440224296 5.34070751110265
2  134 158 609 5.24471440224296 5.34070751110265
2  2 159 610 5.24471440224296 5.34070751110265
2  99 159 612 5.24471440224296 5.34070751110265
4 C0 159 610 160 610
4 C0 159 612 161 612
2  135 160 610 5.24471440224296 5.34070751110265
2  135 161 612 5.24471440224296 5.34070751110265
2  135 61 610 5.24471440224296 5.34070751110265
2  135 162 612 5.24471440224296 5.34070751110265
2  2 163 613 5.24471440224296 5.34070751110265
2  99 163 615 5.24471440224296 5.34070751110265
4 C0 163 613 164 613
4 C0 163 615 165 615
2  135 164 613 5.24471440224296 5.34070751110265
2  135 165 615 5.24471440224296 5.34070751110265
2  135 63 613 5.24471440224296 5.34070751110265
2  135 166 615 5.24471440224296 5.34070751110265
2  2 167 616 5.24471440224296 5.34070751110265
2  99 167 618 5.24471440224296 5.34070751110265
4 C0 167 616 168 616
4 C0 167 618 169 618
2  135 168 616 5.24471440224296 5.34070751110265
2  135 169 618 5.24471440224296 5.34070751110265
2  135 65 616 5.24471440224296 5.34070751110265
2  135 170 618 5.24471440224296 5.34070751110265
2  2 171 619 5.24471440224296 5.34070751110265
2  99 171 621 5.24471440224296 5.34070751110265
4 C0 171 619 172 619
4 C0 171 621 173 621
2  135 172 619 5.24471440224296 5.34070751110265
2  135 173 621 5.24471440224296 5.34070751110265
2  135 67 619 5.24471440224296 5.34070751110265
2  135 174 621 5.24471440224296 5.34070751110265
2  2 175 622 5.24471440224296 5.34070751110265
2  99 175 624 5.24471440224296 5.34070751110265
4 C0 175 622 176 622
4 C0 175 624 177 624
2  135 176 622 5.24471440224296 5.34070751110265
2  135 177 624 5.24471440224296 5.34070751110265
2  135 69 622 5.24471440224296 5.34070751110265
2  135 178 624 5.24471440224296 5.34070751110265
2  2 179 625 5.24471440224296 5.34070751110265
2  96 179 626 5.24471440224296 5.34070751110265
2  2 180 627 5.24471440224296 5.34070751110265
2  99 180 629 5.24471440224296 5.34070751110265
4 C0 180 627 181 627
4 C0 180 629 182 629
2  135 181 627 5.24471440224296 5.34070751110265
2  135 182 629 5.24471440224296 5.34070751110265
2  135 72 627 5.24471440224296 5.34070751110265
2  135 73 629 5.24471440224296 5.34070751110265
2  2 183 630 5.24471440224296 5.34070751110265
2  99 183 632 5.24471440224296 5.34070751110265
4 C0 183 630 184 630
4 C0 183 632 185 632
2  135 184 630 5.24471440224296 5.34070751110265
2  135 185 632 5.24471440224296 5.34070751110265
2  135 75 630 5.24471440224296 5.34070751110265
2  135 76 632 5.24471440224296 5.34070751110265
2  2 186 633 5.24471440224296 5.34070751110265
2  99 186 635 5.24471440224296 5.34070751110265
4 C0 186 633 187 633
4 C0 186 635 188 635
2  135 187 633 5.24471440224296 5.34070751110265
2  135 188 635 5.24471440224296 5.34070751110265
2  135 78 633 5.24471440224296 5.34070751110265
2  135 79 635 5.24471440224296 5.34070751110265
2  2 189 636 5.24471440224296 5.34070751110265
2  99 189 638 5.24471440224296 5.34070751110265
4 C0 189 636 190 636
4 C0 189 638 191 638
2  135 190 636 5.24471440224296 5.34070751110265
2  135 191 638 5.24471440224296 5.34070751110265
2  135 81 636 5.24471440224296 5.34070751110265
2  135 82 638 5.24471440224296 5.34070751110265
2  2 192 639 5.24471440224296 5.34070751110265
2  99 192 641 5.24471440224296 5.34070751110265
4 C0 192 639 193 639
4 C0 192 641 194 641
2  135 193 639 5.24471440224296 5.34070751110265
2  135 194 641 5.24471440224296 5.34070751110265
2  135 84 639 5.24471440224296 5.34070751110265
2  135 85 641 5.24471440224296 5.34070751110265
2  2 195 642 5.24471440224296 5.34070751110265
2  96 195 643 5.24471440224296 5.34070751110265
2  2 196 644 5.24471440224296 5.34070751110265
4 C0 196 644 197 644
2  135 197 644 5.24471440224296 5.34070751110265
2  135 88 644 5.24471440224296 5.34070751110265
2  2 198 645 5.24471440224296 5.34070751110265
2  96 198 646 5.24471440224296 5.34070751110265
2  2 199 647 5.24471440224296 5.34070751110265
2  99 199 649 5.24471440224296 5.34070751110265
4 C0 199 647 200 647
4 C0 199 649 201 649
2  135 200 647 5.24471440224296 5.34070751110265
2  135 201 649 5.24471440224296 5.34070751110265
2  135 92 647 5.24471440224296 5.34070751110265
2  135 93 649 5.24471440224296 5.34070751110265
2  2 202 650 5.24471440224296 5.34070751110265
2  96 202 651 5.24471440224296 5.34070751110265
2  2 203 652 5.24471440224296 5.34070751110265
2  99 203 654 5.24471440224296 5.34070751110265
4 C0 203 652 204 652
4 C0 203 654 205 654
2  135 204 652 5.24471440224296 5.34070751110265
2  135 205 654 5.24471440224296 5.34070751110265
2  135 96 652 5.24471440224296 5.34070751110265
2  135 97 654 5.24471440224296 5.34070751110265
2  2 206 655 5.24471440224296 5.34070751110265
2  99 206 657 5.24471440224296 5.34070751110265
4 C0 206 655 207 655
4 C0 206 657 208 657
2  135 207 655 5.24471440224296 5.34070751110265
2  135 208 657 5.24471440224296 5.34070751110265
2  135 99 655 5.24471440224296 5.34070751110265
2  135 100 657 5.24471440224296 5.34070751110265
2  2 209 658 5.24471440224296 5.34070751110265
2  99 209 660 5.24471440224296 5.34070751110265
4 C0 209 658 210 658
4 C0 209 660 211 660
2  135 210 658 5.24471440224296 5.34070751110265
2  135 211 660 5.24471440224296 5.34070751110265
2  135 102 658 5.24471440224296 5.34070751110265
2  135 103 660 5.24471440224296 5.34070751110265
2  2 212 661 5.24471440224296 5.34070751110265
2  99 212 663 5.24471440224296 5.34070751110265
4 C0 212 661 213 661
4 C0 212 663 214 663
2  135 213 661 5.24471440224296 5.34070751110265
2  135 214 663 5.24471440224296 5.34070751110265
2  135 105 661 5.24471440224296 5.34070751110265
2  135 106 663 5.24471440224296 5.34070751110265
2  2 215 664 5.24471440224296 5.34070751110265
2  99 215 666 5.24471440224296 5.34070751110265
4 C0 215 664 216 664
4 C0 215 666 217 666
2  135 216 664 5.24471440224296 5.34070751110265
2  135 217 666 5.24471440224296 5.34070751110265
2  135 108 664 5.24471440224296 5.34070751110265
2  135 109 666 5.24471440224296 5.34070751110265
2  2 218 667 5.24471440224296 5.34070751110265
2  99 218 669 5.24471440224296 5.34070751110265
4 C0 218 667 219 667
4 C0 218 669 220 669
2  135 219 667 5.24471440224296 5.34070751110265
2  135 220 669 5.24471440224296 5.34070751110265
2  135 111 667 5.24471440224296 5.34070751110265
2  135 112 669 5.24471440224296 5.34070751110265
2  2 221 670 5.24471440224296 5.34070751110265
2  99 221 672 5.24471440224296 5.34070751110265
4 C0 221 670 222 670
4 C0 221 672 223 672
2  135 222 670 5.24471440224296 5.34070751110265
2  135 223 672 5.24471440224296 5.34070751110265
2  135 114 670 5.24471440224296 5.34070751110265
2  135 115 672 5.24471440224296 5.34070751110265
2  2 224 673 5.24471440224296 5.34070751110265
2  99 224 675 5.24471440224296 5.34070751110265
4 C0 224 673 225 673
4 C0 224 675 226 675
2  135 225 673 5.24471440224296 5.34070751110265
2  135 226 675 5.24471440224296 5.34070751110265
2  135 117 673 5.24471440224296 5.34070751110265
2  135 118 675 5.24471440224296 5.34070751110265
2  2 227 676 5.24471440224296 5.34070751110265
2  99 227 678 5.24471440224296 5.34070751110265
4 C0 227 676 228 676
4 C0 227 678 229 678
2  135 228 676 5.24471440224296 5.34070751110265
2  135 229 678 5.24471440224296 5.34070751110265
2  135 120 676 5.24471440224296 5.34070751110265
2  135 121 678 5.24471440224296 5.34070751110265
2  2 230 679 5.24471440224296 5.34070751110265
2  96 230 680 5.24471440224296 5.34070751110265
2  2 231 681 5.24471440224296 5.34070751110265
2  99 231 683 5.24471440224296 5.34070751110265
4 C0 231 681 232 681
4 C0 231 683 233 683
2  135 232 681 5.24471440224296 5.34070751110265
2  135 233 683 5.24471440224296 5.34070751110265
2  135 124 681 5.24471440224296 5.34070751110265
2  135 234 683 5.24471440224296 5.34070751110265
2  2 235 684 5.24471440224296 5.34070751110265
2  96 235 685 5.24471440224296 5.34070751110265
2  2 236 686 5.24471440224296 5.34070751110265
2  99 236 688 5.24471440224296 5.34070751110265
4 C0 236 686 237 686
4 C0 236 688 238 688
2  135 237 686 5.24471440224296 5.34070751110265
2  135 238 688 5.24471440224296 5.34070751110265
2  135 127 686 5.24471440224296 5.34070751110265
2  135 239 688 5.24471440224296 5.34070751110265
2  2 240 689 5.24471440224296 5.34070751110265
2  99 240 691 5.24471440224296 5.34070751110265
4 C0 240 689 241 689
4 C0 240 691 242 691
2  135 241 689 5.24471440224296 5.34070751110265
2  135 242 691 5.24471440224296 5.34070751110265
2  135 129 689 5.24471440224296 5.34070751110265
2  135 243 691 5.24471440224296 5.34070751110265
2  2 244 692 5.24471440224296 5.34070751110265
2  96 244 693 5.24471440224296 5.34070751110265
2  2 245 694 5.24471440224296 5.34070751110265
2  99 245 696 5.24471440224296 5.34070751110265
4 C0 245 694 246 694
4 C0 245 696 247 696
2  135 246 694 5.24471440224296 5.34070751110265
2  135 247 696 5.24471440224296 5.34070751110265
2  135 132 694 5.24471440224296 5.34070751110265
2  135 133 696 5.24471440224296 5.34070751110265
2  2 248 697 5.24471440224296 5.34070751110265
2  99 248 699 5.24471440224296 5.34070751110265
4 C0 248 697 249 697
4 C0 248 699 250 699
2  135 249 697 5.24471440224296 5.34070751110265
2  135 250 699 5.24471440224296 5.34070751110265
2  135 135 697 5.24471440224296 5.34070751110265
2  135 136 699 5.24471440224296 5.34070751110265
2  2 251 700 5.24471440224296 5.34070751110265
2  99 251 702 5.24471440224296 5.34070751110265
4 C0 251 700 252 700
4 C0 251 702 253 702
2  135 252 700 5.24471440224296 5.34070751110265
2  135 253 702 5.24471440224296 5.34070751110265
2  135 138 700 5.24471440224296 5.34070751110265
2  135 139 702 5.24471440224296 5.34070751110265
2  2 254 703 5.24471440224296 5.34070751110265
2  99 254 705 5.24471440224296 5.34070751110265
4 C0 254 703 255 703
4 C0 254 705 256 705
2  135 255 703 5.24471440224296 5.34070751110265
2  135 256 705 5.24471440224296 5.34070751110265
2  135 141 703 5.24471440224296 5.34070751110265
2  135 142 705 5.24471440224296 5.34070751110265
2  2 257 706 5.24471440224296 5.34070751110265
2  96 257 707 5.24471440224296 5.34070751110265
2  2 258 708 5.24471440224296 5.34070751110265
2  99 258 710 5.24471440224296 5.34070751110265
4 C0 258 708 259 708
4 C0 258 710 260 710
2  135 259 708 5.24471440224296 5.34070751110265
2  135 260 710 5.24471440224296 5.34070751110265
2  135 145 708 5.24471440224296 5.34070751110265
2  135 261 710 5.24471440224296 5.34070751110265
2  2 262 711 5.24471440224296 5.34070751110265
2  99 262 713 5.24471440224296 5.34070751110265
4 C0 262 711 263 711
4 C0 262 713 264 713
2  135 263 711 5.24471440224296 5.34070751110265
2  135 264 713 5.24471440224296 5.34070751110265
2  135 147 711 5.24471440224296 5.34070751110265
2  135 265 713 5.24471440224296 5.34070751110265
2  2 266 714 5.24471440224296 5.34070751110265
2  99 266 716 5.24471440224296 5.34070751110265
4 C0 266 714 267 714
4 C0 266 716 268 716
2  135 267 714 5.24471440224296 5.34070751110265
2  135 268 716 5.24471440224296 5.34070751110265
2  135 149 714 5.24471440224296 5.34070751110265
2  135 269 716 5.24471440224296 5.34070751110265
2  2 270 717 5.24471440224296 5.34070751110265
2  99 270 718 5.24471440224296 5.34070751110265
4 C0 270 717 271 717
4 C0 270 718 272 718
2  135 271 717 5.24471440224296 5.34070751110265
2  135 272 718 5.24471440224296 5.34070751110265
2  135 151 717 5.24471440224296 5.34070751110265
2  135 156 718 5.24471440224296 5.34070751110265
2  136 273 724 5.24471440224296 5.34070751110265
2  137 274 747 5.24471440224296 5.34070751110265
2  137 274 750 5.24471440224296 5.34070751110265
2  2 275 751 5.24471440224296 5.34070751110265
2  137 274 766 5.24471440224296 5.34070751110265
2  137 274 769 5.24471440224296 5.34070751110265
2  2 276 770 5.24471440224296 5.34070751110265
2  99 277 771 5.24471440224296 5.34070751110265
2  99 278 772 5.24471440224296 5.34070751110265
2  99 279 773 5.24471440224296 5.34070751110265
2  99 280 774 5.24471440224296 5.34070751110265
2  99 281 775 5.24471440224296 5.34070751110265
2  99 282 776 5.24471440224296 5.34070751110265
2  99 283 778 5.24471440224296 5.34070751110265
2  99 284 783 5.24471440224296 5.34070751110265
2  99 285 788 5.24471440224296 5.34070751110265
2  99 286 796 5.24471440224296 5.34070751110265
2  99 287 800 5.24471440224296 5.34070751110265
2  99 288 809 5.24471440224296 5.34070751110265
2  99 289 810 5.24471440224296 5.34070751110265
2  99 290 811 5.24471440224296 5.34070751110265
2  99 291 812 5.24471440224296 5.34070751110265
0

0101000
+82 928 -81 930 *
Ed
 1.0000001e-07 1 1 0
1  60 0 5.45415391248228 5.55014702134197
2  2 157 598 5.45415391248228 5.55014702134197
2  96 157 599 5.45415391248228 5.55014702134197
2  133 59 600 5.45415391248228 5.55014702134197
2  134 158 607 5.45415391248228 5.55014702134197
2  134 158 609 5.45415391248228 5.55014702134197
2  2 159 610 5.45415391248228 5.55014702134197
2  99 159 612 5.45415391248228 5.55014702134197
4 C0 159 610 160 610
4 C0 159 612 161 612
2  135 160 610 5.45415391248228 5.55014702134197
2  135 161 612 5.45415391248228 5.55014702134197
2  135 61 610 5.45415391248228 5.55014702134197
2  135 162 612 5.45415391248228 5.55014702134197
2  2 163 613 5.45415391248228 5.55014702134197
2  99 163 615 5.45415391248228 5.55014702134197
4 C0 163 613 164 613
4 C0 163 615 165 615
2  135 164 613 5.45415391248228 5.55014702134197
2  135 165 615 5.45415391248228 5.55014702134197
2  135 63 613 5.45415391248228 5.55014702134197
2  135 166 615 5.45415391248228 5.55014702134197
2  2 167 616 5.45415391248228 5.55014702134197
2  99 167 618 5.45415391248228 5.55014702134197
4 C0 167 616 168 616
4 C0 167 618 169 618
2  135 168 616 5.45415391248228 5.55014702134197
2  135 169 618 5.45415391248228 5.55014702134197
2  135 65 616 5.45415391248228 5.55014702134197
2  135 170 618 5.45415391248228 5.55014702134197
2  2 171 619 5.45415391248228 5.55014702134197
2  99 171 621 5.45415391248228 5.55014702134197
4 C0 171 619 172 619
4 C0 171 621 173 621
2  135 172 619 5.45415391248228 5.55014702134197
2  135 173 621 5.45415391248228 5.55014702134197
2  135 67 619 5.45415391248228 5.55014702134197
2  135 174 621 5.45415391248228 5.55014702134197
2  2 175 622 5.45415391248228 5.55014702134197
2  99 175 624 5.45415391248228 5.55014702134197
4 C0 175 622 176 622
4 C0 175 624 177 624
2  135 176 622 5.45415391248228 5.55014702134197
2  135 177 624 5.45415391248228 5.55014702134197
2  135 69 622 5.45415391248228 5.55014702134197
2  135 178 624 5.45415391248228 5.55014702134197
2  2 179 625 5.45415391248228 5.55014702134197
2  96 179 626 5.45415391248228 5.55014702134197
2  2 180 627 5.45415391248228 5.55014702134197
2  99 180 629 5.45415391248228 5.55014702134197
4 C0 180 627 181 627
4 C0 180 629 182 629
2  135 181 627 5.45415391248228 5.55014702134197
2  135 182 629 5.45415391248228 5.55014702134197
2  135 72 627 5.45415391248228 5.55014702134197
2  135 73 629 5.45415391248228 5.55014702134197
2  2 183 630 5.45415391248228 5.55014702134197
2  99 183 632 5.45415391248228 5.55014702134197
4 C0 183 630 184 630
4 C0 183 632 185 632
2  135 184 630 5.45415391248228 5.55014702134197
2  135 185 632 5.45415391248228 5.55014702134197
2  135 75 630 5.45415391248228 5.55014702134197
2  135 76 632 5.45415391248228 5.55014702134197
2  2 186 633 5.45415391248228 5.55014702134197
2  99 186 635 5.45415391248228 5.55014702134197
4 C0 186 633 187 633
4 C0 186 635 188 635
2  135 187 633 5.45415391248228 5.55014702134197
2  135 188 635 5.45415391248228 5.55014702134197
2  135 78 633 5.45415391248228 5.55014702134197
2  135 79 635 5.45415391248228 5.55014702134197
2  2 189 636 5.45415391248228 5.55014702134197
2  99 189 638 5.45415391248228 5.55014702134197
4 C0 189 636 190 636
4 C0 189 638 191 638
2  135 190 636 5.45415391248228 5.55014702134197
2  135 191 638 5.45415391248228 5.55014702134197
2  135 81 636 5.45415391248228 5.55014702134197
2  135 82 638 5.45415391248228 5.55014702134197
2  2 192 639 5.45415391248228 5.55014702134197
2  99 192 641 5.45415391248228 5.55014702134197
4 C0 192 639 193 639
4 C0 192 641 194 641
2  135 193 639 5.45415391248228 5.55014702134197
2  135 194 641 5.45415391248228 5.55014702134197
2  135 84 639 5.45415391248228 5.55014702134197
2  135 85 641 5.45415391248228 5.55014702134197
2  2 195 642 5.45415391248228 5.55014702134197
2  96 195 643 5.45415391248228 5.55014702134197
2  2 196 644 5.45415391248228 5.55014702134197
4 C0 196 644 197 644
2  135 197 644 5.45415391248228 5.55014702134197
2  135 88 644 5.45415391248228 5.55014702134197
2  2 198 645 5.45415391248228 5.55014702134197
2  96 198 646 5.45415391248228 5.55014702134197
2  2 199 647 5.45415391248228 5.55014702134197
2  99 199 649 5.45415391248228 5.55014702134197
4 C0 199 647 200 647
4 C0 199 649 201 649
2  135 200 647 5.45415391248228 5.55014702134197
2  135 201 649 5.45415391248228 5.55014702134197
2  135 92 647 5.45415391248228 5.55014702134197
2  135 93 649 5.45415391248228 5.55014702134197
2  2 202 650 5.45415391248228 5.55014702134197
2  96 202 651 5.45415391248228 5.55014702134197
2  2 203 652 5.45415391248228 5.55014702134197
2  99 203 654 5.45415391248228 5.55014702134197
4 C0 203 652 204 652
4 C0 203 654 205 654
2  135 204 652 5.45415391248228 5.55014702134197
2  135 205 654 5.45415391248228 5.55014702134197
2  135 96 652 5.45415391248228 5.55014702134197
2  135 97 654 5.45415391248228 5.55014702134197
2  2 206 655 5.45415391248228 5.55014702134197
2  99 206 657 5.45415391248228 5.55014702134197
4 C0 206 655 207 655
4 C0 206 657 208 657
2  135 207 655 5.45415391248228 5.55014702134197
2  135 208 657 5.45415391248228 5.55014702134197
2  135 99 655 5.45415391248228 5.55014702134197
2  135 100 657 5.45415391248228 5.55014702134197
2  2 209 658 5.45415391248228 5.55014702134197
2  99 209 660 5.45415391248228 5.55014702134197
4 C0 209 658 210 658
4 C0 209 660 211 660
2  135 210 658 5.45415391248228 5.55014702134197
2  135 211 660 5.45415391248228 5.55014702134197
2  135 102 658 5.45415391248228 5.55014702134197
2  135 103 660 5.45415391248228 5.55014702134197
2  2 212 661 5.45415391248228 5.55014702134197
2  99 212 663 5.45415391248228 5.55014702134197
4 C0 212 661 213 661
4 C0 212 663 214 663
2  135 213 661 5.45415391248228 5.55014702134197
2  135 214 663 5.45415391248228 5.55014702134197
2  135 105 661 5.45415391248228 5.55014702134197
2  135 106 663 5.45415391248228 5.55014702134197
2  2 215 664 5.45415391248228 5.55014702134197
2  99 215 666 5.45415391248228 5.55014702134197
4 C0 215 664 216 664
4 C0 215 666 217 666
2  135 216 664 5.45415391248228 5.55014702134197
2  135 217 666 5.45415391248228 5.55014702134197
2  135 108 664 5.45415391248228 5.55014702134197
2  135 109 666 5.45415391248228 5.55014702134197
2  2 218 667 5.45415391248228 5.55014702134197
2  99 218 669 5.45415391248228 5.55014702134197
4 C0 218 667 219 667
4 C0 218 669 220 669
2  135 219 667 5.45415391248228 5.55014702134197
2  135 220 669 5.45415391248228 5.55014702134197
2  135 111 667 5.45415391248228 5.55014702134197
2  135 112 669 5.45415391248228 5.55014702134197
2  2 221 670 5.45415391248228 5.55014702134197
2  99 221 672 5.45415391248228 5.55014702134197
4 C0 221 670 222 670
4 C0 221 672 223 672
2  135 222 670 5.45415391248228 5.55014702134197
2  135 223 672 5.45415391248228 5.55014702134197
2  135 114 670 5.45415391248228 5.55014702134197
2  135 115 672 5.45415391248228 5.55014702134197
2  2 224 673 5.45415391248228 5.55014702134197
2  99 224 675 5.45415391248228 5.55014702134197
4 C0 224 673 225 673
4 C0 224 675 226 675
2  135 225 673 5.45415391248228 5.55014702134197
2  135 226 675 5.45415391248228 5.55014702134197
2  135 117 673 5.45415391248228 5.55014702134197
2  135 118 675 5.45415391248228 5.55014702134197
2  2 227 676 5.45415391248228 5.55014702134197
2  99 227 678 5.45415391248228 5.55014702134197
4 C0 227 676 228 676
4 C0 227 678 229 678
2  135 228 676 5.45415391248228 5.55014702134197
2  135 229 678 5.45415391248228 5.55014702134197
2  135 120 676 5.45415391248228 5.55014702134197
2  135 121 678 5.45415391248228 5.55014702134197
2  2 230 679 5.45415391248228 5.55014702134197
2  96 230 680 5.45415391248228 5.55014702134197
2  2 231 681 5.45415391248228 5.55014702134197
2  99 231 683 5.45415391248228 5.55014702134197
4 C0 231 681 232 681
4 C0 231 683 233 683
2  135 232 681 5.45415391248228 5.55014702134197
2  135 233 683 5.45415391248228 5.55014702134197
2  135 124 681 5.45415391248228 5.55014702134197
2  135 234 683 5.45415391248228 5.55014702134197
2  2 235 684 5.45415391248228 5.55014702134197
2  96 235 685 5.45415391248228 5.55014702134197
2  2 236 686 5.45415391248228 5.55014702134197
2  99 236 688 5.45415391248228 5.55014702134197
4 C0 236 686 237 686
4 C0 236 688 238 688
2  135 237 686 5.45415391248228 5.55014702134197
2  135 238 688 5.45415391248228 5.55014702134197
2  135 127 686 5.45415391248228 5.55014702134197
2  135 239 688 5.45415391248228 5.55014702134197
2  2 240 689 5.45415391248228 5.55014702134197
2  99 240 691 5.45415391248228 5.55014702134197
4 C0 240 689 241 689
4 C0 240 691 242 691
2  135 241 689 5.45415391248228 5.55014702134197
2  135 242 691 5.45415391248228 5.55014702134197
2  135 129 689 5.45415391248228 5.55014702134197
2  135 243 691 5.45415391248228 5.55014702134197
2  2 244 692 5.45415391248228 5.55014702134197
2  96 244 693 5.45415391248228 5.55014702134197
2  2 245 694 5.45415391248228 5.55014702134197
2  99 245 696 5.45415391248228 5.55014702134197
4 C0 245 694 246 694
4 C0 245 696 247 696
2  135 246 694 5.45415391248228 5.55014702134197
2  135 247 696 5.45415391248228 5.55014702134197
2  135 132 694 5.45415391248228 5.55014702134197
2  135 133 696 5.45415391248228 5.55014702134197
2  2 248 697 5.45415391248228 5.55014702134197
2  99 248 699 5.45415391248228 5.55014702134197
4 C0 248 697 249 697
4 C0 248 699 250 699
2  135 249 697 5.45415391248228 5.55014702134197
2  135 250 699 5.45415391248228 5.55014702134197
2  135 135 697 5.45415391248228 5.55014702134197
2  135 136 699 5.45415391248228 5.55014702134197
2  2 251 700 5.45415391248228 5.55014702134197
2  99 251 702 5.45415391248228 5.55014702134197
4 C0 251 700 252 700
4 C0 251 702 253 702
2  135 252 700 5.45415391248228 5.55014702134197
2  135 253 702 5.45415391248228 5.55014702134197
2  135 138 700 5.45415391248228 5.55014702134197
2  135 139 702 5.45415391248228 5.55014702134197
2  2 254 703 5.45415391248228 5.55014702134197
2  99 254 705 5.45415391248228 5.55014702134197
4 C0 254 703 255 703
4 C0 254 705 256 705
2  135 255 703 5.45415391248228 5.55014702134197
2  135 256 705 5.45415391248228 5.55014702134197
2  135 141 703 5.45415391248228 5.55014702134197
2  135 142 705 5.45415391248228 5.55014702134197
2  2 257 706 5.45415391248228 5.55014702134197
2  96 257 707 5.45415391248228 5.55014702134197
2  2 258 708 5.45415391248228 5.55014702134197
2  99 258 710 5.45415391248228 5.55014702134197
4 C0 258 708 259 708
4 C0 258 710 260 710
2  135 259 708 5.45415391248228 5.55014702134197
2  135 260 710 5.45415391248228 5.55014702134197
2  135 145 708 5.45415391248228 5.55014702134197
2  135 261 710 5.45415391248228 5.55014702134197
2  2 262 711 5.45415391248228 5.55014702134197
2  99 262 713 5.45415391248228 5.55014702134197
4 C0 262 711 263 711
4 C0 262 713 264 713
2  135 263 711 5.45415391248228 5.55014702134197
2  135 264 713 5.45415391248228 5.55014702134197
2  135 147 711 5.45415391248228 5.55014702134197
2  135 265 713 5.45415391248228 5.55014702134197
2  2 266 714 5.45415391248228 5.55014702134197
2  99 266 716 5.45415391248228 5.55014702134197
4 C0 266 714 267 714
4 C0 266 716 268 716
2  135 267 714 5.45415391248228 5.55014702134197
2  135 268 716 5.45415391248228 5.55014702134197
2  135 149 714 5.45415391248228 5.55014702134197
2  135 269 716 5.45415391248228 5.55014702134197
2  2 270 717 5.45415391248228 5.55014702134197
2  99 270 718 5.45415391248228 5.55014702134197
4 C0 270 717 271 717
4 C0 270 718 272 718
2  135 271 717 5.45415391248228 5.55014702134197
2  135 272 718 5.45415391248228 5.55014702134197
2  135 151 717 5.45415391248228 5.55014702134197
2  135 156 718 5.45415391248228 5.55014702134197
2  136 273 724 5.45415391248228 5.55014702134197
2  137 274 747 5.45415391248228 5.55014702134197
2  137 274 750 5.45415391248228 5.55014702134197
2  2 275 751 5.45415391248228 5.55014702134197
2  137 274 766 5.45415391248228 5.55014702134197
2  137 274 769 5.45415391248228 5.55014702134197
2  2 276 770 5.45415391248228 5.55014702134197
2  99 277 771 5.45415391248228 5.55014702134197
2  99 278 772 5.45415391248228 5.55014702134197
2  99 279 773 5.45415391248228 5.55014702134197
2  99 280 774 5.45415391248228 5.55014702134197
2  99 281 775 5.45415391248228 5.55014702134197
2  99 282 776 5.45415391248228 5.55014702134197
2  99 283 778 5.45415391248228 5.55014702134197
2  99 284 783 5.45415391248228 5.55014702134197
2  99 285 788 5.45415391248228 5.55014702134197
2  99 286 796 5.45415391248228 5.55014702134197
2  99 287 800 5.45415391248228 5.55014702134197
2  99 288 809 5.45415391248228 5.55014702134197
2  99 289 810 5.45415391248228 5.55014702134197
2  99 290 811 5.45415391248228 5.55014702134197
2  99 291 812 5.45415391248228 5.55014702134197
0

0101000
+82 930 -81 932 *
Ed
 1.0000001e-07 1 1 0
1  60 0 5.6635934227216 5.75958653158128
2  2 157 598 5.6635934227216 5.75958653158128
2  96 157 599 5.6635934227216 5.75958653158128
2  133 59 600 5.6635934227216 5.75958653158128
2  134 158 607 5.6635934227216 5.75958653158128
2  134 158 609 5.6635934227216 5.75958653158128
2  2 159 610 5.6635934227216 5.75958653158128
2  99 159 612 5.6635934227216 5.75958653158128
4 C0 159 610 160 610
4 C0 159 612 161 612
2  135 160 610 5.6635934227216 5.75958653158128
2  135 161 612 5.6635934227216 5.75958653158128
2  135 61 610 5.6635934227216 5.75958653158128
2  135 162 612 5.6635934227216 5.75958653158128
2  2 163 613 5.6635934227216 5.75958653158128
2  99 163 615 5.6635934227216 5.75958653158128
4 C0 163 613 164 613
4 C0 163 615 165 615
2  135 164 613 5.6635934227216 5.75958653158128
2  135 165 615 5.6635934227216 5.75958653158128
2  135 63 613 5.6635934227216 5.75958653158128
2  135 166 615 5.6635934227216 5.75958653158128
2  2 167 616 5.6635934227216 5.75958653158128
2  99 167 618 5.6635934227216 5.75958653158128
4 C0 167 616 168 616
4 C0 167 618 169 618
2  135 168 616 5.6635934227216 5.75958653158128
2  135 169 618 5.6635934227216 5.75958653158128
2  135 65 616 5.6635934227216 5.75958653158128
2  135 170 618 5.6635934227216 5.75958653158128
2  2 171 619 5.6635934227216 5.75958653158128
2  99 171 621 5.6635934227216 5.75958653158128
4 C0 171 619 172 619
4 C0 171 621 173 621
2  135 172 619 5.6635934227216 5.75958653158128
2  135 173 621 5.6635934227216 5.75958653158128
2  135 67 619 5.6635934227216 5.75958653158128
2  135 174 621 5.6635934227216 5.75958653158128
2  2 175 622 5.6635934227216 5.75958653158128
2  99 175 624 5.6635934227216 5.75958653158128
4 C0 175 622 176 622
4 C0 175 624 177 624
2  135 176 622 5.6635934227216 5.75958653158128
2  135 177 624 5.6635934227216 5.75958653158128
2  135 69 622 5.6635934227216 5.75958653158128
2  135 178 624 5.6635934227216 5.75958653158128
2  2 179 625 5.6635934227216 5.75958653158128
2  96 179 626 5.6635934227216 5.75958653158128
2  2 180 627 5.6635934227216 5.75958653158128
2  99 180 629 5.6635934227216 5.75958653158128
4 C0 180 627 181 627
4 C0 180 629 182 629
2  135 181 627 5.6635934227216 5.75958653158128
2  135 182 629 5.6635934227216 5.75958653158128
2  135 72 627 5.6635934227216 5.75958653158128
2  135 73 629 5.6635934227216 5.75958653158128
2  2 183 630 5.6635934227216 5.75958653158128
2  99 183 632 5.6635934227216 5.75958653158128
4 C0 183 630 184 630
4 C0 183 632 185 632
2  135 184 630 5.6635934227216 5.75958653158128
2  135 185 632 5.6635934227216 5.75958653158128
2  135 75 630 5.6635934227216 5.75958653158128
2  135 76 632 5.6635934227216 5.75958653158128
2  2 186 633 5.6635934227216 5.75958653158128
2  99 186 635 5.6635934227216 5.75958653158128
4 C0 186 633 187 633
4 C0 186 635 188 635
2  135 187 633 5.6635934227216 5.75958653158128
2  135 188 635 5.6635934227216 5.75958653158128
2  135 78 633 5.6635934227216 5.75958653158128
2  135 79 635 5.6635934227216 5.75958653158128
2  2 189 636 5.6635934227216 5.75958653158128
2  99 189 638 5.6635934227216 5.75958653158128
4 C0 189 636 190 636
4 C0 189 638 191 638
2  135 190 636 5.6635934227216 5.75958653158128
2  135 191 638 5.6635934227216 5.75958653158128
2  135 81 636 5.6635934227216 5.75958653158128
2  135 82 638 5.6635934227216 5.75958653158128
2  2 192 639 5.6635934227216 5.75958653158128
2  99 192 641 5.6635934227216 5.75958653158128
4 C0 192 639 193 639
4 C0 192 641 194 641
2  135 193 639 5.6635934227216 5.75958653158128
2  135 194 641 5.6635934227216 5.75958653158128
2  135 84 639 5.6635934227216 5.75958653158128
2  135 85 641 5.6635934227216 5.75958653158128
2  2 195 642 5.6635934227216 5.75958653158128
2  96 195 643 5.6635934227216 5.75958653158128
2  2 196 644 5.6635934227216 5.75958653158128
4 C0 196 644 197 644
2  135 197 644 5.6635934227216 5.75958653158128
2  135 88 644 5.6635934227216 5.75958653158128
2  2 198 645 5.6635934227216 5.75958653158128
2  96 198 646 5.6635934227216 5.75958653158128
2  2 199 647 5.6635934227216 5.75958653158128
2  99 199 649 5.6635934227216 5.75958653158128
4 C0 199 647 200 647
4 C0 199 649 201 649
2  135 200 647 5.6635934227216 5.75958653158128
2  135 201 649 5.6635934227216 5.75958653158128
2  135 92 647 5.6635934227216 5.75958653158128
2  135 93 649 5.6635934227216 5.75958653158128
2  2 202 650 5.6635934227216 5.75958653158128
2  96 202 651 5.6635934227216 5.75958653158128
2  2 203 652 5.6635934227216 5.75958653158128
2  99 203 654 5.6635934227216 5.75958653158128
4 C0 203 652 204 652
4 C0 203 654 205 654
2  135 204 652 5.6635934227216 5.75958653158128
2  135 205 654 5.6635934227216 5.75958653158128
2  135 96 652 5.6635934227216 5.75958653158128
2  135 97 654 5.6635934227216 5.75958653158128
2  2 206 655 5.6635934227216 5.75958653158128
2  99 206 657 5.6635934227216 5.75958653158128
4 C0 206 655 207 655
4 C0 206 657 208 657
2  135 207 655 5.6635934227216 5.75958653158128
2  135 208 657 5.6635934227216 5.75958653158128
2  135 99 655 5.6635934227216 5.75958653158128
2  135 100 657 5.6635934227216 5.75958653158128
2  2 209 658 5.6635934227216 5.75958653158128
2  99 209 660 5.6635934227216 5.75958653158128
4 C0 209 658 210 658
4 C0 209 660 211 660
2  135 210 658 5.6635934227216 5.75958653158128
2  135 211 660 5.6635934227216 5.75958653158128
2  135 102 658 5.6635934227216 5.75958653158128
2  135 103 660 5.6635934227216 5.75958653158128
2  2 212 661 5.6635934227216 5.75958653158128
2  99 212 663 5.6635934227216 5.75958653158128
4 C0 212 661 213 661
4 C0 212 663 214 663
2  135 213 661 5.6635934227216 5.75958653158128
2  135 214 663 5.6635934227216 5.75958653158128
2  135 105 661 5.6635934227216 5.75958653158128
2  135 106 663 5.6635934227216 5.75958653158128
2  2 215 664 5.6635934227216 5.75958653158128
2  99 215 666 5.6635934227216 5.75958653158128
4 C0 215 664 216 664
4 C0 215 666 217 666
2  135 216 664 5.6635934227216 5.75958653158128
2  135 217 666 5.6635934227216 5.75958653158128
2  135 108 664 5.6635934227216 5.75958653158128
2  135 109 666 5.6635934227216 5.75958653158128
2  2 218 667 5.6635934227216 5.75958653158128
2  99 218 669 5.6635934227216 5.75958653158128
4 C0 218 667 219 667
4 C0 218 669 220 669
2  135 219 667 5.6635934227216 5.75958653158128
2  135 220 669 5.6635934227216 5.75958653158128
2  135 111 667 5.6635934227216 5.75958653158128
2  135 112 669 5.6635934227216 5.75958653158128
2  2 221 670 5.6635934227216 5.75958653158128
2  99 221 672 5.6635934227216 5.75958653158128
4 C0 221 670 222 670
4 C0 221 672 223 672
2  135 222 670 5.6635934227216 5.75958653158128
2  135 223 672 5.6635934227216 5.75958653158128
2  135 114 670 5.6635934227216 5.75958653158128
2  135 115 672 5.6635934227216 5.75958653158128
2  2 224 673 5.6635934227216 5.75958653158128
2  99 224 675 5.6635934227216 5.75958653158128
4 C0 224 673 225 673
4 C0 224 675 226 675
2  135 225 673 5.6635934227216 5.75958653158128
2  135 226 675 5.6635934227216 5.75958653158128
2  135 117 673 5.6635934227216 5.75958653158128
2  135 118 675 5.6635934227216 5.75958653158128
2  2 227 676 5.6635934227216 5.75958653158128
2  99 227 678 5.6635934227216 5.75958653158128
4 C0 227 676 228 676
4 C0 227 678 229 678
2  135 228 676 5.6635934227216 5.75958653158128
2  135 229 678 5.6635934227216 5.75958653158128
2  135 120 676 5.6635934227216 5.75958653158128
2  135 121 678 5.6635934227216 5.75958653158128
2  2 230 679 5.6635934227216 5.75958653158128
2  96 230 680 5.6635934227216 5.75958653158128
2  2 231 681 5.6635934227216 5.75958653158128
2  99 231 683 5.6635934227216 5.75958653158128
4 C0 231 681 232 681
4 C0 231 683 233 683
2  135 232 681 5.6635934227216 5.75958653158128
2  135 233 683 5.6635934227216 5.75958653158128
2  135 124 681 5.6635934227216 5.75958653158128
2  135 234 683 5.6635934227216 5.75958653158128
2  2 235 684 5.6635934227216 5.75958653158128
2  96 235 685 5.6635934227216 5.75958653158128
2  2 236 686 5.6635934227216 5.75958653158128
2  99 236 688 5.6635934227216 5.75958653158128
4 C0 236 686 237 686
4 C0 236 688 238 688
2  135 237 686 5.6635934227216 5.75958653158128
2  135 238 688 5.6635934227216 5.75958653158128
2  135 127 686 5.6635934227216 5.75958653158128
2  135 239 688 5.6635934227216 5.75958653158128
2  2 240 689 5.6635934227216 5.75958653158128
2  99 240 691 5.6635934227216 5.75958653158128
4 C0 240 689 241 689
4 C0 240 691 242 691
2  135 241 689 5.6635934227216 5.75958653158128
2  135 242 691 5.6635934227216 5.75958653158128
2  135 129 689 5.6635934227216 5.75958653158128
2  135 243 691 5.6635934227216 5.75958653158128
2  2 244 692 5.6635934227216 5.75958653158128
2  96 244 693 5.6635934227216 5.75958653158128
2  2 245 694 5.6635934227216 5.75958653158128
2  99 245 696 5.6635934227216 5.75958653158128
4 C0 245 694 246 694
4 C0 245 696 247 696
2  135 246 694 5.6635934227216 5.75958653158128
2  135 247 696 5.6635934227216 5.75958653158128
2  135 132 694 5.6635934227216 5.75958653158128
2  135 133 696 5.6635934227216 5.75958653158128
2  2 248 697 5.6635934227216 5.75958653158128
2  99 248 699 5.6635934227216 5.75958653158128
4 C0 248 697 249 697
4 C0 248 699 250 699
2  135 249 697 5.6635934227216 5.75958653158128
2  135 250 699 5.6635934227216 5.75958653158128
2  135 135 697 5.6635934227216 5.75958653158128
2  135 136 699 5.6635934227216 5.75958653158128
2  2 251 700 5.6635934227216 5.75958653158128
2  99 251 702 5.6635934227216 5.75958653158128
4 C0 251 700 252 700
4 C0 251 702 253 702
2  135 252 700 5.6635934227216 5.75958653158128
2  135 253 702 5.6635934227216 5.75958653158128
2  135 138 700 5.6635934227216 5.75958653158128
2  135 139 702 5.6635934227216 5.75958653158128
2  2 254 703 5.6635934227216 5.75958653158128
2  99 254 705 5.6635934227216 5.75958653158128
4 C0 254 703 255 703
4 C0 254 705 256 705
2  135 255 703 5.6635934227216 5.75958653158128
2  135 256 705 5.6635934227216 5.75958653158128
2  135 141 703 5.6635934227216 5.75958653158128
2  135 142 705 5.6635934227216 5.75958653158128
2  2 257 706 5.6635934227216 5.75958653158128
2  96 257 707 5.6635934227216 5.75958653158128
2  2 258 708 5.6635934227216 5.75958653158128
2  99 258 710 5.6635934227216 5.75958653158128
4 C0 258 708 259 708
4 C0 258 710 260 710
2  135 259 708 5.6635934227216 5.75958653158128
2  135 260 710 5.6635934227216 5.75958653158128
2  135 145 708 5.6635934227216 5.75958653158128
2  135 261 710 5.6635934227216 5.75958653158128
2  2 262 711 5.6635934227216 5.75958653158128
2  99 262 713 5.6635934227216 5.75958653158128
4 C0 262 711 263 711
4 C0 262 713 264 713
2  135 263 711 5.6635934227216 5.75958653158128
2  135 264 713 5.6635934227216 5.75958653158128
2  135 147 711 5.6635934227216 5.75958653158128
2  135 265 713 5.6635934227216 5.75958653158128
2  2 266 714 5.6635934227216 5.75958653158128
2  99 266 716 5.6635934227216 5.75958653158128
4 C0 266 714 267 714
4 C0 266 716 268 716
2  135 267 714 5.6635934227216 5.75958653158128
2  135 268 716 5.6635934227216 5.75958653158128
2  135 149 714 5.6635934227216 5.75958653158128
2  135 269 716 5.6635934227216 5.75958653158128
2  2 270 717 5.6635934227216 5.75958653158128
2  99 270 718 5.6635934227216 5.75958653158128
4 C0 270 717 271 717
4 C0 270 718 272 718
2  135 271 717 5.6635934227216 5.75958653158128
2  135 272 718 5.6635934227216 5.75958653158128
2  135 151 717 5.6635934227216 5.75958653158128
2  135 156 718 5.6635934227216 5.75958653158128
2  136 273 724 5.6635934227216 5.75958653158128
2  137 274 747 5.6635934227216 5.75958653158128
2  137 274 750 5.6635934227216 5.75958653158128
2  2 275 751 5.6635934227216 5.75958653158128
2  137 274 766 5.6635934227216 5.75958653158128
2  137 274 769 5.6635934227216 5.75958653158128
2  2 276 770 5.6635934227216 5.75958653158128
2  99 277 771 5.6635934227216 5.75958653158128
2  99 278 772 5.6635934227216 5.75958653158128
2  99 279 773 5.6635934227216 5.75958653158128
2  99 280 774 5.6635934227216 5.75958653158128
2  99 281 775 5.6635934227216 5.75958653158128
2  99 282 776 5.6635934227216 5.75958653158128
2  99 283 778 5.6635934227216 5.75958653158128
2  99 284 783 5.6635934227216 5.75958653158128
2  99 285 788 5.6635934227216 5.75958653158128
2  99 286 796 5.6635934227216 5.75958653158128
2  99 287 800 5.6635934227216 5.75958653158128
2  99 288 809 5.6635934227216 5.75958653158128
2  99 289 810 5.6635934227216 5.75958653158128
2  99 290 811 5.6635934227216 5.75958653158128
2  99 291 812 5.6635934227216 5.75958653158128
0

0101000
+82 932 -81 934 *
Ed
 1.0000001e-07 1 1 0
1  60 0 5.87303293296092 5.9690260418206
2  2 157 598 5.87303293296092 5.9690260418206
2  96 157 599 5.87303293296092 5.9690260418206
2  133 59 600 5.87303293296092 5.9690260418206
2  134 158 607 5.87303293296092 5.9690260418206
2  134 158 609 5.87303293296092 5.9690260418206
2  2 159 610 5.87303293296092 5.9690260418206
2  99 159 612 5.87303293296092 5.9690260418206
4 C0 159 610 160 610
4 C0 159 612 161 612
2  135 160 610 5.87303293296092 5.9690260418206
2  135 161 612 5.87303293296092 5.9690260418206
2  135 61 610 5.87303293296092 5.9690260418206
2  135 162 612 5.87303293296092 5.9690260418206
2  2 163 613 5.87303293296092 5.9690260418206
2  99 163 615 5.87303293296092 5.9690260418206
4 C0 163 613 164 613
4 C0 163 615 165 615
2  135 164 613 5.87303293296092 5.9690260418206
2  135 165 615 5.87303293296092 5.9690260418206
2  135 63 613 5.87303293296092 5.9690260418206
2  135 166 615 5.87303293296092 5.9690260418206
2  2 167 616 5.87303293296092 5.9690260418206
2  99 167 618 5.87303293296092 5.9690260418206
4 C0 167 616 168 616
4 C0 167 618 169 618
2  135 168 616 5.87303293296092 5.9690260418206
2  135 169 618 5.87303293296092 5.9690260418206
2  135 65 616 5.87303293296092 5.9690260418206
2  135 170 618 5.87303293296092 5.9690260418206
2  2 171 619 5.87303293296092 5.9690260418206
2  99 171 621 5.87303293296092 5.9690260418206
4 C0 171 619 172 619
4 C0 171 621 173 621
2  135 172 619 5.87303293296092 5.9690260418206
2  135 173 621 5.87303293296092 5.9690260418206
2  135 67 619 5.87303293296092 5.9690260418206
2  135 174 621 5.87303293296092 5.9690260418206
2  2 175 622 5.87303293296092 5.9690260418206
2  99 175 624 5.87303293296092 5.9690260418206
4 C0 175 622 176 622
4 C0 175 624 177 624
2  135 176 622 5.87303293296092 5.9690260418206
2  135 177 624 5.87303293296092 5.9690260418206
2  135 69 622 5.87303293296092 5.9690260418206
2  135 178 624 5.87303293296092 5.9690260418206
2  2 179 625 5.87303293296092 5.9690260418206
2  96 179 626 5.87303293296092 5.9690260418206
2  2 180 627 5.87303293296092 5.9690260418206
2  99 180 629 5.87303293296092 5.9690260418206
4 C0 180 627 181 627
4 C0 180 629 182 629
2  135 181 627 5.87303293296092 5.9690260418206
2  135 182 629 5.87303293296092 5.9690260418206
2  135 72 627 5.87303293296092 5.9690260418206
2  135 73 629 5.87303293296092 5.9690260418206
2  2 183 630 5.87303293296092 5.9690260418206
2  99 183 632 5.87303293296092 5.9690260418206
4 C0 183 630 184 630
4 C0 183 632 185 632
2  135 184 630 5.87303293296092 5.9690260418206
2  135 185 632 5.87303293296092 5.9690260418206
2  135 75 630 5.87303293296092 5.9690260418206
2  135 76 632 5.87303293296092 5.9690260418206
2  2 186 633 5.87303293296092 5.9690260418206
2  99 186 635 5.87303293296092 5.9690260418206
4 C0 186 633 187 633
4 C0 186 635 188 635
2  135 187 633 5.87303293296092 5.9690260418206
2  135 188 635 5.87303293296092 5.9690260418206
2  135 78 633 5.87303293296092 5.9690260418206
2  135 79 635 5.87303293296092 5.9690260418206
2  2 189 636 5.87303293296092 5.9690260418206
2  99 189 638 5.87303293296092 5.9690260418206
4 C0 189 636 190 636
4 C0 189 638 191 638
2  135 190 636 5.87303293296092 5.9690260418206
2  135 191 638 5.87303293296092 5.9690260418206
2  135 81 636 5.87303293296092 5.9690260418206
2  135 82 638 5.87303293296092 5.9690260418206
2  2 192 639 5.87303293296092 5.9690260418206
2  99 192 641 5.87303293296092 5.9690260418206
4 C0 192 639 193 639
4 C0 192 641 194 641
2  135 193 639 5.87303293296092 5.9690260418206
2  135 194 641 5.87303293296092 5.9690260418206
2  135 84 639 5.87303293296092 5.9690260418206
2  135 85 641 5.87303293296092 5.9690260418206
2  2 195 642 5.87303293296092 5.9690260418206
2  96 195 643 5.87303293296092 5.9690260418206
2  2 196 644 5.87303293296092 5.9690260418206
4 C0 196 644 197 644
2  135 197 644 5.87303293296092 5.9690260418206
2  135 88 644 5.87303293296092 5.9690260418206
2  2 198 645 5.87303293296092 5.9690260418206
2  96 198 646 5.87303293296092 5.9690260418206
2  2 199 647 5.87303293296092 5.9690260418206
2  99 199 649 5.87303293296092 5.9690260418206
4 C0 199 647 200 647
4 C0 199 649 201 649
2  135 200 647 5.87303293296092 5.9690260418206
2  135 201 649 5.87303293296092 5.9690260418206
2  135 92 647 5.87303293296092 5.9690260418206
2  135 93 649 5.87303293296092 5.9690260418206
2  2 202 650 5.87303293296092 5.9690260418206
2  96 202 651 5.87303293296092 5.9690260418206
2  2 203 652 5.87303293296092 5.9690260418206
2  99 203 654 5.87303293296092 5.9690260418206
4 C0 203 652 204 652
4 C0 203 654 205 654
2  135 204 652 5.87303293296092 5.9690260418206
2  135 205 654 5.87303293296092 5.9690260418206
2  135 96 652 5.87303293296092 5.9690260418206
2  135 97 654 5.87303293296092 5.9690260418206
2  2 206 655 5.87303293296092 5.9690260418206
2  99 206 657 5.87303293296092 5.9690260418206
4 C0 206 655 207 655
4 C0 206 657 208 657
2  135 207 655 5.87303293296092 5.9690260418206
2  135 208 657 5.87303293296092 5.9690260418206
2  135 99 655 5.87303293296092 5.9690260418206
2  135 100 657 5.87303293296092 5.9690260418206
2  2 209 658 5.87303293296092 5.9690260418206
2  99 209 660 5.87303293296092 5.9690260418206
4 C0 209 658 210 658
4 C0 209 660 211 660
2  135 210 658 5.87303293296092 5.9690260418206
2  135 211 660 5.87303293296092 5.9690260418206
2  135 102 658 5.87303293296092 5.9690260418206
2  135 103 660 5.87303293296092 5.9690260418206
2  2 212 661 5.87303293296092 5.9690260418206
2  99 212 663 5.87303293296092 5.9690260418206
4 C0 212 661 213 661
4 C0 212 663 214 663
2  135 213 661 5.87303293296092 5.9690260418206
2  135 214 663 5.87303293296092 5.9690260418206
2  135 105 661 5.87303293296092 5.9690260418206
2  135 106 663 5.87303293296092 5.9690260418206
2  2 215 664 5.87303293296092 5.9690260418206
2  99 215 666 5.87303293296092 5.9690260418206
4 C0 215 664 216 664
4 C0 215 666 217 666
2  135 216 664 5.87303293296092 5.9690260418206
2  135 217 666 5.87303293296092 5.9690260418206
2  135 108 664 5.87303293296092 5.9690260418206
2  135 109 666 5.87303293296092 5.9690260418206
2  2 218 667 5.87303293296092 5.9690260418206
2  99 218 669 5.87303293296092 5.9690260418206
4 C0 218 667 219 667
4 C0 218 669 220 669
2  135 219 667 5.87303293296092 5.9690260418206
2  135 220 669 5.87303293296092 5.9690260418206
2  135 111 667 5.87303293296092 5.9690260418206
2  135 112 669 5.87303293296092 5.9690260418206
2  2 221 670 5.87303293296092 5.9690260418206
2  99 221 672 5.87303293296092 5.9690260418206
4 C0 221 670 222 670
4 C0 221 672 223 672
2  135 222 670 5.87303293296092 5.9690260418206
2  135 223 672 5.87303293296092 5.9690260418206
2  135 114 670 5.87303293296092 5.9690260418206
2  135 115 672 5.87303293296092 5.9690260418206
2  2 224 673 5.87303293296092 5.9690260418206
2  99 224 675 5.87303293296092 5.9690260418206
4 C0 224 673 225 673
4 C0 224 675 226 675
2  135 225 673 5.87303293296092 5.9690260418206
2  135 226 675 5.87303293296092 5.9690260418206
2  135 117 673 5.87303293296092 5.9690260418206
2  135 118 675 5.87303293296092 5.9690260418206
2  2 227 676 5.87303293296092 5.9690260418206
2  99 227 678 5.87303293296092 5.9690260418206
4 C0 227 676 228 676
4 C0 227 678 229 678
2  135 228 676 5.87303293296092 5.9690260418206
2  135 229 678 5.87303293296092 5.9690260418206
2  135 120 676 5.87303293296092 5.9690260418206
2  135 121 678 5.87303293296092 5.9690260418206
2  2 230 679 5.87303293296092 5.9690260418206
2  96 230 680 5.87303293296092 5.9690260418206
2  2 231 681 5.87303293296092 5.9690260418206
2  99 231 683 5.87303293296092 5.9690260418206
4 C0 231 681 232 681
4 C0 231 683 233 683
2  135 232 681 5.87303293296092 5.9690260418206
2  135 233 683 5.87303293296092 5.9690260418206
2  135 124 681 5.87303293296092 5.9690260418206
2  135 234 683 5.87303293296092 5.9690260418206
2  2 235 684 5.87303293296092 5.9690260418206
2  96 235 685 5.87303293296092 5.9690260418206
2  2 236 686 5.87303293296092 5.9690260418206
2  99 236 688 5.87303293296092 5.9690260418206
4 C0 236 686 237 686
4 C0 236 688 238 688
2  135 237 686 5.87303293296092 5.9690260418206
2  135 238 688 5.87303293296092 5.9690260418206
2  135 127 686 5.87303293296092 5.9690260418206
2  135 239 688 5.87303293296092 5.9690260418206
2  2 240 689 5.87303293296092 5.9690260418206
2  99 240 691 5.87303293296092 5.9690260418206
4 C0 240 689 241 689
4 C0 240 691 242 691
2  135 241 689 5.87303293296092 5.9690260418206
2  135 242 691 5.87303293296092 5.9690260418206
2  135 129 689 5.87303293296092 5.9690260418206
2  135 243 691 5.87303293296092 5.9690260418206
2  2 244 692 5.87303293296092 5.9690260418206
2  96 244 693 5.87303293296092 5.9690260418206
2  2 245 694 5.87303293296092 5.9690260418206
2  99 245 696 5.87303293296092 5.9690260418206
4 C0 245 694 246 694
4 C0 245 696 247 696
2  135 246 694 5.87303293296092 5.9690260418206
2  135 247 696 5.87303293296092 5.9690260418206
2  135 132 694 5.87303293296092 5.9690260418206
2  135 133 696 5.87303293296092 5.9690260418206
2  2 248 697 5.87303293296092 5.9690260418206
2  99 248 699 5.87303293296092 5.9690260418206
4 C0 248 697 249 697
4 C0 248 699 250 699
2  135 249 697 5.87303293296092 5.9690260418206
2  135 250 699 5.87303293296092 5.9690260418206
2  135 135 697 5.87303293296092 5.9690260418206
2  135 136 699 5.87303293296092 5.9690260418206
2  2 251 700 5.87303293296092 5.9690260418206
2  99 251 702 5.87303293296092 5.9690260418206
4 C0 251 700 252 700
4 C0 251 702 253 702
2  135 252 700 5.87303293296092 5.9690260418206
2  135 253 702 5.87303293296092 5.9690260418206
2  135 138 700 5.87303293296092 5.9690260418206
2  135 139 702 5.87303293296092 5.9690260418206
2  2 254 703 5.87303293296092 5.9690260418206
2  99 254 705 5.87303293296092 5.9690260418206
4 C0 254 703 255 703
4 C0 254 705 256 705
2  135 255 703 5.87303293296092 5.9690260418206
2  135 256 705 5.87303293296092 5.9690260418206
2  135 141 703 5.87303293296092 5.9690260418206
2  135 142 705 5.87303293296092 5.9690260418206
2  2 257 706 5.87303293296092 5.9690260418206
2  96 257 707 5.87303293296092 5.9690260418206
2  2 258 708 5.87303293296092 5.9690260418206
2  99 258 710 5.87303293296092 5.9690260418206
4 C0 258 708 259 708
4 C0 258 710 260 710
2  135 259 708 5.87303293296092 5.9690260418206
2  135 260 710 5.87303293296092 5.9690260418206
2  135 145 708 5.87303293296092 5.9690260418206
2  135 261 710 5.87303293296092 5.9690260418206
2  2 262 711 5.87303293296092 5.9690260418206
2  99 262 713 5.87303293296092 5.9690260418206
4 C0 262 711 263 711
4 C0 262 713 264 713
2  135 263 711 5.87303293296092 5.9690260418206
2  135 264 713 5.87303293296092 5.9690260418206
2  135 147 711 5.87303293296092 5.9690260418206
2  135 265 713 5.87303293296092 5.9690260418206
2  2 266 714 5.87303293296092 5.9690260418206
2  99 266 716 5.87303293296092 5.9690260418206
4 C0 266 714 267 714
4 C0 266 716 268 716
2  135 267 714 5.87303293296092 5.9690260418206
2  135 268 716 5.87303293296092 5.9690260418206
2  135 149 714 5.87303293296092 5.9690260418206
2  135 269 716 5.87303293296092 5.9690260418206
2  2 270 717 5.87303293296092 5.9690260418206
2  99 270 718 5.87303293296092 5.9690260418206
4 C0 270 717 271 717
4 C0 270 718 272 718
2  135 271 717 5.87303293296092 5.9690260418206
2  135 272 718 5.87303293296092 5.9690260418206
2  135 151 717 5.87303293296092 5.9690260418206
2  135 156 718 5.87303293296092 5.9690260418206
2  136 273 724 5.87303293296092 5.9690260418206
2  137 274 747 5.87303293296092 5.9690260418206
2  137 274 750 5.87303293296092 5.9690260418206
2  2 275 751 5.87303293296092 5.9690260418206
2  137 274 766 5.87303293296092 5.9690260418206
2  137 274 769 5.87303293296092 5.9690260418206
2  2 276 770 5.87303293296092 5.9690260418206
2  99 277 771 5.87303293296092 5.9690260418206
2  99 278 772 5.87303293296092 5.9690260418206
2  99 279 773 5.87303293296092 5.9690260418206
2  99 280 774 5.87303293296092 5.9690260418206
2  99 281 775 5.87303293296092 5.9690260418206
2  99 282 776 5.87303293296092 5.9690260418206
2  99 283 778 5.87303293296092 5.9690260418206
2  99 284 783 5.87303293296092 5.9690260418206
2  99 285 788 5.87303293296092 5.9690260418206
2  99 286 796 5.87303293296092 5.9690260418206
2  99 287 800 5.87303293296092 5.9690260418206
2  99 288 809 5.87303293296092 5.9690260418206
2  99 289 810 5.87303293296092 5.9690260418206
2  99 290 811 5.87303293296092 5.9690260418206
2  99 291 812 5.87303293296092 5.9690260418206
0

0101000
+82 934 -81 936 *
Ed
 1.0000001e-07 1 1 0
1  60 0 6.08247244320024 6.17846555205992
2  2 157 598 6.08247244320024 6.17846555205992
2  96 157 599 6.08247244320024 6.17846555205992
2  133 59 600 6.08247244320024 6.17846555205992
2  134 158 607 6.08247244320024 6.17846555205992
2  134 158 609 6.08247244320024 6.17846555205992
2  2 159 610 6.08247244320024 6.17846555205992
2  99 159 612 6.08247244320024 6.17846555205992
4 C0 159 610 160 610
4 C0 159 612 161 612
2  135 160 610 6.08247244320024 6.17846555205992
2  135 161 612 6.08247244320024 6.17846555205992
2  135 61 610 6.08247244320024 6.17846555205992
2  135 162 612 6.08247244320024 6.17846555205992
2  2 163 613 6.08247244320024 6.17846555205992
2  99 163 615 6.08247244320024 6.17846555205992
4 C0 163 613 164 613
4 C0 163 615 165 615
2  135 164 613 6.08247244320024 6.17846555205992
2  135 165 615 6.08247244320024 6.17846555205992
2  135 63 613 6.08247244320024 6.17846555205992
2  135 166 615 6.08247244320024 6.17846555205992
2  2 167 616 6.08247244320024 6.17846555205992
2  99 167 618 6.08247244320024 6.17846555205992
4 C0 167 616 168 616
4 C0 167 618 169 618
2  135 168 616 6.08247244320024 6.17846555205992
2  135 169 618 6.08247244320024 6.17846555205992
2  135 65 616 6.08247244320024 6.17846555205992
2  135 170 618 6.08247244320024 6.17846555205992
2  2 171 619 6.08247244320024 6.17846555205992
2  99 171 621 6.08247244320024 6.17846555205992
4 C0 171 619 172 619
4 C0 171 621 173 621
2  135 172 619 6.08247244320024 6.17846555205992
2  135 173 621 6.08247244320024 6.17846555205992
2  135 67 619 6.08247244320024 6.17846555205992
2  135 174 621 6.08247244320024 6.17846555205992
2  2 175 622 6.08247244320024 6.17846555205992
2  99 175 624 6.08247244320024 6.17846555205992
4 C0 175 622 176 622
4 C0 175 624 177 624
2  135 176 622 6.08247244320024 6.17846555205992
2  135 177 624 6.08247244320024 6.17846555205992
2  135 69 622 6.08247244320024 6.17846555205992
2  135 178 624 6.08247244320024 6.17846555205992
2  2 179 625 6.08247244320024 6.17846555205992
2  96 179 626 6.08247244320024 6.17846555205992
2  2 180 627 6.08247244320024 6.17846555205992
2  99 180 629 6.08247244320024 6.17846555205992
4 C0 180 627 181 627
4 C0 180 629 182 629
2  135 181 627 6.08247244320024 6.17846555205992
2  135 182 629 6.08247244320024 6.17846555205992
2  135 72 627 6.08247244320024 6.17846555205992
2  135 73 629 6.08247244320024 6.17846555205992
2  2 183 630 6.08247244320024 6.17846555205992
2  99 183 632 6.08247244320024 6.17846555205992
4 C0 183 630 184 630
4 C0 183 632 185 632
2  135 184 630 6.08247244320024 6.17846555205992
2  135 185 632 6.08247244320024 6.17846555205992
2  135 75 630 6.08247244320024 6.17846555205992
2  135 76 632 6.08247244320024 6.17846555205992
2  2 186 633 6.08247244320024 6.17846555205992
2  99 186 635 6.08247244320024 6.17846555205992
4 C0 186 633 187 633
4 C0 186 635 188 635
2  135 187 633 6.08247244320024 6.17846555205992
2  135 188 635 6.08247244320024 6.17846555205992
2  135 78 633 6.08247244320024 6.17846555205992
2  135 79 635 6.08247244320024 6.17846555205992
2  2 189 636 6.08247244320024 6.17846555205992
2  99 189 638 6.08247244320024 6.17846555205992
4 C0 189 636 190 636
4 C0 189 638 191 638
2  135 190 636 6.08247244320024 6.17846555205992
2  135 191 638 6.08247244320024 6.17846555205992
2  135 81 636 6.08247244320024 6.17846555205992
2  135 82 638 6.08247244320024 6.17846555205992
2  2 192 639 6.08247244320024 6.17846555205992
2  99 192 641 6.08247244320024 6.17846555205992
4 C0 192 639 193 639
4 C0 192 641 194 641
2  135 193 639 6.08247244320024 6.17846555205992
2  135 194 641 6.08247244320024 6.17846555205992
2  135 84 639 6.08247244320024 6.17846555205992
2  135 85 641 6.08247244320024 6.17846555205992
2  2 195 642 6.08247244320024 6.17846555205992
2  96 195 643 6.08247244320024 6.17846555205992
2  2 196 644 6.08247244320024 6.17846555205992
4 C0 196 644 197 644
2  135 197 644 6.08247244320024 6.17846555205992
2  135 88 644 6.08247244320024 6.17846555205992
2  2 198 645 6.08247244320024 6.17846555205992
2  96 198 646 6.08247244320024 6.17846555205992
2  2 199 647 6.08247244320024 6.17846555205992
2  99 199 649 6.08247244320024 6.17846555205992
4 C0 199 647 200 647
4 C0 199 649 201 649
2  135 200 647 6.08247244320024 6.17846555205992
2  135 201 649 6.08247244320024 6.17846555205992
2  135 92 647 6.08247244320024 6.17846555205992
2  135 93 649 6.08247244320024 6.17846555205992
2  2 202 650 6.08247244320024 6.17846555205992
2  96 202 651 6.08247244320024 6.17846555205992
2  2 203 652 6.08247244320024 6.17846555205992
2  99 203 654 6.08247244320024 6.17846555205992
4 C0 203 652 204 652
4 C0 203 654 205 654
2  135 204 652 6.08247244320024 6.17846555205992
2  135 205 654 6.08247244320024 6.17846555205992
2  135 96 652 6.08247244320024 6.17846555205992
2  135 97 654 6.08247244320024 6.17846555205992
2  2 206 655 6.08247244320024 6.17846555205992
2  99 206 657 6.08247244320024 6.17846555205992
4 C0 206 655 207 655
4 C0 206 657 208 657
2  135 207 655 6.08247244320024 6.17846555205992
2  135 208 657 6.08247244320024 6.17846555205992
2  135 99 655 6.08247244320024 6.17846555205992
2  135 100 657 6.08247244320024 6.17846555205992
2  2 209 658 6.08247244320024 6.17846555205992
2  99 209 660 6.08247244320024 6.17846555205992
4 C0 209 658 210 658
4 C0 209 660 211 660
2  135 210 658 6.08247244320024 6.17846555205992
2  135 211 660 6.08247244320024 6.17846555205992
2  135 102 658 6.08247244320024 6.17846555205992
2  135 103 660 6.08247244320024 6.17846555205992
2  2 212 661 6.08247244320024 6.17846555205992
2  99 212 663 6.08247244320024 6.17846555205992
4 C0 212 661 213 661
4 C0 212 663 214 663
2  135 213 661 6.08247244320024 6.17846555205992
2  135 214 663 6.08247244320024 6.17846555205992
2  135 105 661 6.08247244320024 6.17846555205992
2  135 106 663 6.08247244320024 6.17846555205992
2  2 215 664 6.08247244320024 6.17846555205992
2  99 215 666 6.08247244320024 6.17846555205992
4 C0 215 664 216 664
4 C0 215 666 217 666
2  135 216 664 6.08247244320024 6.17846555205992
2  135 217 666 6.08247244320024 6.17846555205992
2  135 108 664 6.08247244320024 6.17846555205992
2  135 109 666 6.08247244320024 6.17846555205992
2  2 218 667 6.08247244320024 6.17846555205992
2  99 218 669 6.08247244320024 6.17846555205992
4 C0 218 667 219 667
4 C0 218 669 220 669
2  135 219 667 6.08247244320024 6.17846555205992
2  135 220 669 6.08247244320024 6.17846555205992
2  135 111 667 6.08247244320024 6.17846555205992
2  135 112 669 6.08247244320024 6.17846555205992
2  2 221 670 6.08247244320024 6.17846555205992
2  99 221 672 6.08247244320024 6.17846555205992
4 C0 221 670 222 670
4 C0 221 672 223 672
2  135 222 670 6.08247244320024 6.17846555205992
2  135 223 672 6.08247244320024 6.17846555205992
2  135 114 670 6.08247244320024 6.17846555205992
2  135 115 672 6.08247244320024 6.17846555205992
2  2 224 673 6.08247244320024 6.17846555205992
2  99 224 675 6.08247244320024 6.17846555205992
4 C0 224 673 225 673
4 C0 224 675 226 675
2  135 225 673 6.08247244320024 6.17846555205992
2  135 226 675 6.08247244320024 6.17846555205992
2  135 117 673 6.08247244320024 6.17846555205992
2  135 118 675 6.08247244320024 6.17846555205992
2  2 227 676 6.08247244320024 6.17846555205992
2  99 227 678 6.08247244320024 6.17846555205992
4 C0 227 676 228 676
4 C0 227 678 229 678
2  135 228 676 6.08247244320024 6.17846555205992
2  135 229 678 6.08247244320024 6.17846555205992
2  135 120 676 6.08247244320024 6.17846555205992
2  135 121 678 6.08247244320024 6.17846555205992
2  2 230 679 6.08247244320024 6.17846555205992
2  96 230 680 6.08247244320024 6.17846555205992
2  2 231 681 6.08247244320024 6.17846555205992
2  99 231 683 6.08247244320024 6.17846555205992
4 C0 231 681 232 681
4 C0 231 683 233 683
2  135 232 681 6.08247244320024 6.17846555205992
2  135 233 683 6.08247244320024 6.17846555205992
2  135 124 681 6.08247244320024 6.17846555205992
2  135 234 683 6.08247244320024 6.17846555205992
2  2 235 684 6.08247244320024 6.17846555205992
2  96 235 685 6.08247244320024 6.17846555205992
2  2 236 686 6.08247244320024 6.17846555205992
2  99 236 688 6.08247244320024 6.17846555205992
4 C0 236 686 237 686
4 C0 236 688 238 688
2  135 237 686 6.08247244320024 6.17846555205992
2  135 238 688 6.08247244320024 6.17846555205992
2  135 127 686 6.08247244320024 6.17846555205992
2  135 239 688 6.08247244320024 6.17846555205992
2  2 240 689 6.08247244320024 6.17846555205992
2  99 240 691 6.08247244320024 6.17846555205992
4 C0 240 689 241 689
4 C0 240 691 242 691
2  135 241 689 6.08247244320024 6.17846555205992
2  135 242 691 6.08247244320024 6.17846555205992
2  135 129 689 6.08247244320024 6.17846555205992
2  135 243 691 6.08247244320024 6.17846555205992
2  2 244 692 6.08247244320024 6.17846555205992
2  96 244 693 6.08247244320024 6.17846555205992
2  2 245 694 6.08247244320024 6.17846555205992
2  99 245 696 6.08247244320024 6.17846555205992
4 C0 245 694 246 694
4 C0 245 696 247 696
2  135 246 694 6.08247244320024 6.17846555205992
2  135 247 696 6.08247244320024 6.17846555205992
2  135 132 694 6.08247244320024 6.17846555205992
2  135 133 696 6.08247244320024 6.17846555205992
2  2 248 697 6.08247244320024 6.17846555205992
2  99 248 699 6.08247244320024 6.17846555205992
4 C0 248 697 249 697
4 C0 248 699 250 699
2  135 249 697 6.08247244320024 6.17846555205992
2  135 250 699 6.08247244320024 6.17846555205992
2  135 135 697 6.08247244320024 6.17846555205992
2  135 136 699 6.08247244320024 6.17846555205992
2  2 251 700 6.08247244320024 6.17846555205992
2  99 251 702 6.08247244320024 6.17846555205992
4 C0 251 700 252 700
4 C0 251 702 253 702
2  135 252 700 6.08247244320024 6.17846555205992
2  135 253 702 6.08247244320024 6.17846555205992
2  135 138 700 6.08247244320024 6.17846555205992
2  135 139 702 6.08247244320024 6.17846555205992
2  2 254 703 6.08247244320024 6.17846555205992
2  99 254 705 6.08247244320024 6.17846555205992
4 C0 254 703 255 703
4 C0 254 705 256 705
2  135 255 703 6.08247244320024 6.17846555205992
2  135 256 705 6.08247244320024 6.17846555205992
2  135 141 703 6.08247244320024 6.17846555205992
2  135 142 705 6.08247244320024 6.17846555205992
2  2 257 706 6.08247244320024 6.17846555205992
2  96 257 707 6.08247244320024 6.17846555205992
2  2 258 708 6.08247244320024 6.17846555205992
2  99 258 710 6.08247244320024 6.17846555205992
4 C0 258 708 259 708
4 C0 258 710 260 710
2  135 259 708 6.08247244320024 6.17846555205992
2  135 260 710 6.08247244320024 6.17846555205992
2  135 145 708 6.08247244320024 6.17846555205992
2  135 261 710 6.08247244320024 6.17846555205992
2  2 262 711 6.08247244320024 6.17846555205992
2  99 262 713 6.08247244320024 6.17846555205992
4 C0 262 711 263 711
4 C0 262 713 264 713
2  135 263 711 6.08247244320024 6.17846555205992
2  135 264 713 6.08247244320024 6.17846555205992
2  135 147 711 6.08247244320024 6.17846555205992
2  135 265 713 6.08247244320024 6.17846555205992
2  2 266 714 6.08247244320024 6.17846555205992
2  99 266 716 6.08247244320024 6.17846555205992
4 C0 266 714 267 714
4 C0 266 716 268 716
2  135 267 714 6.08247244320024 6.17846555205992
2  135 268 716 6.08247244320024 6.17846555205992
2  135 149 714 6.08247244320024 6.17846555205992
2  135 269 716 6.08247244320024 6.17846555205992
2  2 270 717 6.08247244320024 6.17846555205992
2  99 270 718 6.08247244320024 6.17846555205992
4 C0 270 717 271 717
4 C0 270 718 272 718
2  135 271 717 6.08247244320024 6.17846555205992
2  135 272 718 6.08247244320024 6.17846555205992
2  135 151 717 6.08247244320024 6.17846555205992
2  135 156 718 6.08247244320024 6.17846555205992
2  136 273 724 6.08247244320024 6.17846555205992
2  137 274 747 6.08247244320024 6.17846555205992
2  137 274 750 6.08247244320024 6.17846555205992
2  2 275 751 6.08247244320024 6.17846555205992
2  137 274 766 6.08247244320024 6.17846555205992
2  137 274 769 6.08247244320024 6.17846555205992
2  2 276 770 6.08247244320024 6.17846555205992
2  99 277 771 6.08247244320024 6.17846555205992
2  99 278 772 6.08247244320024 6.17846555205992
2  99 279 773 6.08247244320024 6.17846555205992
2  99 280 774 6.08247244320024 6.17846555205992
2  99 281 775 6.08247244320024 6.17846555205992
2  99 282 776 6.08247244320024 6.17846555205992
2  99 283 778 6.08247244320024 6.17846555205992
2  99 284 783 6.08247244320024 6.17846555205992
2  99 285 788 6.08247244320024 6.17846555205992
2  99 286 796 6.08247244320024 6.17846555205992
2  99 287 800 6.08247244320024 6.17846555205992
2  99 288 809 6.08247244320024 6.17846555205992
2  99 289 810 6.08247244320024 6.17846555205992
2  99 290 811 6.08247244320024 6.17846555205992
2  99 291 812 6.08247244320024 6.17846555205992
0

0101000
+82 936 -81 817 *
Wi

0101100
-80 597 -78 820 +76 820 +75 820 -74 597 -78 883 +76 883 +75 883 -73 597 -78 885 
+76 885 +75 885 -72 597 -78 887 +76 887 +75 887 -71 597 -78 889 +76 889 +75 889 
-70 597 -78 891 +76 891 +75 891 -69 597 -78 893 +76 893 +75 893 -68 597 -78 895 
+76 895 +75 895 -67 597 -78 897 +76 897 +75 897 -66 597 -78 899 +76 899 +75 899 
-65 597 -78 901 +76 901 +75 901 -64 597 -78 903 +76 903 +75 903 -63 597 -78 905 
+76 905 +75 905 -62 597 -78 907 +76 907 +75 907 -61 597 -78 909 +76 909 +75 909 
-60 597 -78 911 +76 911 +75 911 -59 597 -78 913 +76 913 +75 913 -58 597 -78 915 
+76 915 +75 915 -57 597 -78 917 +76 917 +75 917 -56 597 -78 919 +76 919 +75 919 
-55 597 -78 921 +76 921 +75 921 -54 597 -78 923 +76 923 +75 923 -53 597 -78 925 
+76 925 +75 925 -52 597 -78 927 +76 927 +75 927 -51 597 -78 929 +76 929 +75 929 
-50 597 -78 931 +76 931 +75 931 -49 597 -78 933 +76 933 +75 933 -48 597 -78 935 
+76 935 +75 935 -47 597 -78 937 +76 937 +75 937 -46 597 -78 938 +76 938 +75 938 
*
Fa
0  1e-07 156 593

0111000
+83 0 +45 0 *
Ve
1.00000049e-07
-6e-15 30.5 56.2
0 0

0101101
*
Ed
 1.0000001e-07 1 1 0
1  60 0 0 6.28318530717959
2  2 157 598 0 6.28318530717959
2  96 157 599 0 6.28318530717959
2  133 59 600 0 6.28318530717959
2  134 158 607 0 6.28318530717959
2  134 158 609 0 6.28318530717959
2  2 159 610 0 6.28318530717959
2  99 159 612 0 6.28318530717959
4 C0 159 610 160 610
4 C0 159 612 161 612
2  135 160 610 0 6.28318530717959
2  135 161 612 0 6.28318530717959
2  135 61 610 0 6.28318530717959
2  135 162 612 0 6.28318530717959
2  2 163 613 0 6.28318530717959
2  99 163 615 0 6.28318530717959
4 C0 163 613 164 613
4 C0 163 615 165 615
2  135 164 613 0 6.28318530717959
2  135 165 615 0 6.28318530717959
2  135 63 613 0 6.28318530717959
2  135 166 615 0 6.28318530717959
2  2 167 616 0 6.28318530717959
2  99 167 618 0 6.28318530717959
4 C0 167 616 168 616
4 C0 167 618 169 618
2  135 168 616 0 6.28318530717959
2  135 169 618 0 6.28318530717959
2  135 65 616 0 6.28318530717959
2  135 170 618 0 6.28318530717959
2  2 171 619 0 6.28318530717959
2  99 171 621 0 6.28318530717959
4 C0 171 619 172 619
4 C0 171 621 173 621
2  135 172 619 0 6.28318530717959
2  135 173 621 0 6.28318530717959
2  135 67 619 0 6.28318530717959
2  135 174 621 0 6.28318530717959
2  2 175 622 0 6.28318530717959
2  99 175 624 0 6.28318530717959
4 C0 175 622 176 622
4 C0 175 624 177 624
2  135 176 622 0 6.28318530717959
2  135 177 624 0 6.28318530717959
2  135 69 622 0 6.28318530717959
2  135 178 624 0 6.28318530717959
2  2 179 625 0 6.28318530717959
2  96 179 626 0 6.28318530717959
2  2 180 627 0 6.28318530717959
2  99 180 629 0 6.28318530717959
4 C0 180 627 181 627
4 C0 180 629 182 629
2  135 181 627 0 6.28318530717959
2  135 182 629 0 6.28318530717959
2  135 72 627 0 6.28318530717959
2  135 73 629 0 6.28318530717959
2  2 183 630 0 6.28318530717959
2  99 183 632 0 6.28318530717959
4 C0 183 630 184 630
4 C0 183 632 185 632
2  135 184 630 0 6.28318530717959
2  135 185 632 0 6.28318530717959
2  135 75 630 0 6.28318530717959
2  135 76 632 0 6.28318530717959
2  2 186 633 0 6.28318530717959
2  99 186 635 0 6.28318530717959
4 C0 186 633 187 633
4 C0 186 635 188 635
2  135 187 633 0 6.28318530717959
2  135 188 635 0 6.28318530717959
2  135 78 633 0 6.28318530717959
2  135 79 635 0 6.28318530717959
2  2 189 636 0 6.28318530717959
2  99 189 638 0 6.28318530717959
4 C0 189 636 190 636
4 C0 189 638 191 638
2  135 190 636 0 6.28318530717959
2  135 191 638 0 6.28318530717959
2  135 81 636 0 6.28318530717959
2  135 82 638 0 6.28318530717959
2  2 192 639 0 6.28318530717959
2  99 192 641 0 6.28318530717959
4 C0 192 639 193 639
4 C0 192 641 194 641
2  135 193 639 0 6.28318530717959
2  135 194 641 0 6.28318530717959
2  135 84 639 0 6.28318530717959
2  135 85 641 0 6.28318530717959
2  2 195 642 0 6.28318530717959
2  96 195 643 0 6.28318530717959
2  2 196 644 0 6.28318530717959
4 C0 196 644 197 644
2  135 197 644 0 6.28318530717959
2  135 88 644 0 6.28318530717959
2  2 198 645 0 6.28318530717959
2  96 198 646 0 6.28318530717959
2  2 199 647 0 6.28318530717959
2  99 199 649 0 6.28318530717959
4 C0 199 647 200 647
4 C0 199 649 201 649
2  135 200 647 0 6.28318530717959
2  135 201 649 0 6.28318530717959
2  135 92 647 0 6.28318530717959
2  135 93 649 0 6.28318530717959
2  2 202 650 0 6.28318530717959
2  96 202 651 0 6.28318530717959
2  2 203 652 0 6.28318530717959
2  99 203 654 0 6.28318530717959
4 C0 203 652 204 652
4 C0 203 654 205 654
2  135 204 652 0 6.28318530717959
2  135 205 654 0 6.28318530717959
2  135 96 652 0 6.28318530717959
2  135 97 654 0 6.28318530717959
2  2 206 655 0 6.28318530717959
2  99 206 657 0 6.28318530717959
4 C0 206 655 207 655
4 C0 206 657 208 657
2  135 207 655 0 6.28318530717959
2  135 208 657 0 6.28318530717959
2  135 99 655 0 6.28318530717959
2  135 100 657 0 6.28318530717959
2  2 209 658 0 6.28318530717959
2  99 209 660 0 6.28318530717959
4 C0 209 658 210 658
4 C0 209 660 211 660
2  135 210 658 0 6.28318530717959
2  135 211 660 0 6.28318530717959
2  135 102 658 0 6.28318530717959
2  135 103 660 0 6.28318530717959
2  2 212 661 0 6.28318530717959
2  99 212 663 0 6.28318530717959
4 C0 212 661 213 661
4 C0 212 663 214 663
2  135 213 661 0 6.28318530717959
2  135 214 663 0 6.28318530717959
2  135 105 661 0 6.28318530717959
2  135 106 663 0 6.28318530717959
2  2 215 664 0 6.28318530717959
2  99 215 666 0 6.28318530717959
4 C0 215 664 216 664
4 C0 215 666 217 666
2  135 216 664 0 6.28318530717959
2  135 217 666 0 6.28318530717959
2  135 108 664 0 6.28318530717959
2  135 109 666 0 6.28318530717959
2  2 218 667 0 6.28318530717959
2  99 218 669 0 6.28318530717959
4 C0 218 667 219 667
4 C0 218 669 220 669
2  135 219 667 0 6.28318530717959
2  135 220 669 0 6.28318530717959
2  135 111 667 0 6.28318530717959
2  135 112 669 0 6.28318530717959
2  2 221 670 0 6.28318530717959
2  99 221 672 0 6.28318530717959
4 C0 221 670 222 670
4 C0 221 672 223 672
2  135 222 670 0 6.28318530717959
2  135 223 672 0 6.28318530717959
2  135 114 670 0 6.28318530717959
2  135 115 672 0 6.28318530717959
2  2 224 673 0 6.28318530717959
2  99 224 675 0 6.28318530717959
4 C0 224 673 225 673
4 C0 224 675 226 675
2  135 225 673 0 6.28318530717959
2  135 226 675 0 6.28318530717959
2  135 117 673 0 6.28318530717959
2  135 118 675 0 6.28318530717959
2  2 227 676 0 6.28318530717959
2  99 227 678 0 6.28318530717959
4 C0 227 676 228 676
4 C0 227 678 229 678
2  135 228 676 0 6.28318530717959
2  135 229 678 0 6.28318530717959
2  135 120 676 0 6.28318530717959
2  135 121 678 0 6.28318530717959
2  2 230 679 0 6.28318530717959
2  96 230 680 0 6.28318530717959
2  2 231 681 0 6.28318530717959
2  99 231 683 0 6.28318530717959
4 C0 231 681 232 681
4 C0 231 683 233 683
2  135 232 681 0 6.28318530717959
2  135 233 683 0 6.28318530717959
2  135 124 681 0 6.28318530717959
2  135 234 683 0 6.28318530717959
2  2 235 684 0 6.28318530717959
2  96 235 685 0 6.28318530717959
2  2 236 686 0 6.28318530717959
2  99 236 688 0 6.28318530717959
4 C0 236 686 237 686
4 C0 236 688 238 688
2  135 237 686 0 6.28318530717959
2  135 238 688 0 6.28318530717959
2  135 127 686 0 6.28318530717959
2  135 239 688 0 6.28318530717959
2  2 240 689 0 6.28318530717959
2  99 240 691 0 6.28318530717959
4 C0 240 689 241 689
4 C0 240 691 242 691
2  135 241 689 0 6.28318530717959
2  135 242 691 0 6.28318530717959
2  135 129 689 0 6.28318530717959
2  135 243 691 0 6.28318530717959
2  2 244 692 0 6.28318530717959
2  96 244 693 0 6.28318530717959
2  2 245 694 0 6.28318530717959
2  99 245 696 0 6.28318530717959
4 C0 245 694 246 694
4 C0 245 696 247 696
2  135 246 694 0 6.28318530717959
2  135 247 696 0 6.28318530717959
2  135 132 694 0 6.28318530717959
2  135 133 696 0 6.28318530717959
2  2 248 697 0 6.28318530717959
2  99 248 699 0 6.28318530717959
4 C0 248 697 249 697
4 C0 248 699 250 699
2  135 249 697 0 6.28318530717959
2  135 250 699 0 6.28318530717959
2  135 135 697 0 6.28318530717959
2  135 136 699 0 6.28318530717959
2  2 251 700 0 6.28318530717959
2  99 251 702 0 6.28318530717959
4 C0 251 700 252 700
4 C0 251 702 253 702
2  135 252 700 0 6.28318530717959
2  135 253 702 0 6.28318530717959
2  135 138 700 0 6.28318530717959
2  135 139 702 0 6.28318530717959
2  2 254 703 0 6.28318530717959
2  99 254 705 0 6.28318530717959
4 C0 254 703 255 703
4 C0 254 705 256 705
2  135 255 703 0 6.28318530717959
2  135 256 705 0 6.28318530717959
2  135 141 703 0 6.28318530717959
2  135 142 705 0 6.28318530717959
2  2 257 706 0 6.28318530717959
2  96 257 707 0 6.28318530717959
2  2 258 708 0 6.28318530717959
2  99 258 710 0 6.28318530717959
4 C0 258 708 259 708
4 C0 258 710 260 710
2  135 259 708 0 6.28318530717959
2  135 260 710 0 6.28318530717959
2  135 145 708 0 6.28318530717959
2  135 261 710 0 6.28318530717959
2  2 262 711 0 6.28318530717959
2  99 262 713 0 6.28318530717959
4 C0 262 711 263 711
4 C0 262 713 264 713
2  135 263 711 0 6.28318530717959
2  135 264 713 0 6.28318530717959
2  135 147 711 0 6.28318530717959
2  135 265 713 0 6.28318530717959
2  2 266 714 0 6.28318530717959
2  99 266 716 0 6.28318530717959
4 C0 266 714 267 714
4 C0 266 716 268 716
2  135 267 714 0 6.28318530717959
2  135 268 716 0 6.28318530717959
2  135 149 714 0 6.28318530717959
2  135 269 716 0 6.28318530717959
2  2 270 717 0 6.28318530717959
2  99 270 718 0 6.28318530717959
4 C0 270 717 271 717
4 C0 270 718 272 718
2  135 271 717 0 6.28318530717959
2  135 272 718 0 6.28318530717959
2  135 151 717 0 6.28318530717959
2  135 156 718 0 6.28318530717959
2  136 273 724 0 6.28318530717959
2  137 274 747 0 6.28318530717959
2  137 274 750 0 6.28318530717959
2  2 275 751 0 6.28318530717959
2  137 274 766 0 6.28318530717959
2  137 274 769 0 6.28318530717959
2  2 276 770 0 6.28318530717959
2  136 24 940 0 6.28318530717959
2  137 296 941 0 6.28318530717959
2  2 277 942 0 6.28318530717959
2  234 297 943 0 6.28318530717959
2  2 278 944 0 6.28318530717959
2  234 298 945 0 6.28318530717959
2  2 279 946 0 6.28318530717959
2  234 298 947 0 6.28318530717959
2  2 280 948 0 6.28318530717959
2  234 298 949 0 6.28318530717959
2  234 298 950 0 6.28318530717959
2  2 281 951 0 6.28318530717959
2  234 298 952 0 6.28318530717959
2  234 298 953 0 6.28318530717959
2  2 282 954 0 6.28318530717959
2  234 298 957 0 6.28318530717959
2  234 298 959 0 6.28318530717959
2  2 283 960 0 6.28318530717959
2  136 24 961 0 6.28318530717959
2  2 284 962 0 6.28318530717959
2  2 285 963 0 6.28318530717959
2  2 286 964 0 6.28318530717959
2  2 287 965 0 6.28318530717959
2  2 288 966 0 6.28318530717959
2  2 289 967 0 6.28318530717959
2  2 290 968 0 6.28318530717959
2  2 291 969 0 6.28318530717959
0

0101000
+43 970 -43 970 *
Ed
 1e-07 1 1 0
1  64 0 0 1
3  235 236CN 270 0 0 1
0

0101000
+43 971 -43 972 *
Ed
 1.00000047e-07 1 1 0
1  60 0 0 0.008726646259969
2  2 157 598 0 0.008726646259969
2  96 157 599 0 0.008726646259969
2  133 59 600 0 0.008726646259969
2  134 158 607 0 0.008726646259969
2  134 158 609 0 0.008726646259969
2  2 159 610 0 0.008726646259969
2  99 159 612 0 0.008726646259969
4 C0 159 610 160 610
4 C0 159 612 161 612
2  135 160 610 0 0.008726646259969
2  135 161 612 0 0.008726646259969
2  135 61 610 0 0.008726646259969
2  135 162 612 0 0.008726646259969
2  2 163 613 0 0.008726646259969
2  99 163 615 0 0.008726646259969
4 C0 163 613 164 613
4 C0 163 615 165 615
2  135 164 613 0 0.008726646259969
2  135 165 615 0 0.008726646259969
2  135 63 613 0 0.008726646259969
2  135 166 615 0 0.008726646259969
2  2 167 616 0 0.008726646259969
2  99 167 618 0 0.008726646259969
4 C0 167 616 168 616
4 C0 167 618 169 618
2  135 168 616 0 0.008726646259969
2  135 169 618 0 0.008726646259969
2  135 65 616 0 0.008726646259969
2  135 170 618 0 0.008726646259969
2  2 171 619 0 0.008726646259969
2  99 171 621 0 0.008726646259969
4 C0 171 619 172 619
4 C0 171 621 173 621
2  135 172 619 0 0.008726646259969
2  135 173 621 0 0.008726646259969
2  135 67 619 0 0.008726646259969
2  135 174 621 0 0.008726646259969
2  2 175 622 0 0.008726646259969
2  99 175 624 0 0.008726646259969
4 C0 175 622 176 622
4 C0 175 624 177 624
2  135 176 622 0 0.008726646259969
2  135 177 624 0 0.008726646259969
2  135 69 622 0 0.008726646259969
2  135 178 624 0 0.008726646259969
2  2 179 625 0 0.008726646259969
2  96 179 626 0 0.008726646259969
2  2 180 627 0 0.008726646259969
2  99 180 629 0 0.008726646259969
4 C0 180 627 181 627
4 C0 180 629 182 629
2  135 181 627 0 0.008726646259969
2  135 182 629 0 0.008726646259969
2  135 72 627 0 0.008726646259969
2  135 73 629 0 0.008726646259969
2  2 183 630 0 0.008726646259969
2  99 183 632 0 0.008726646259969
4 C0 183 630 184 630
4 C0 183 632 185 632
2  135 184 630 0 0.008726646259969
2  135 185 632 0 0.008726646259969
2  135 75 630 0 0.008726646259969
2  135 76 632 0 0.008726646259969
2  2 186 633 0 0.008726646259969
2  99 186 635 0 0.008726646259969
4 C0 186 633 187 633
4 C0 186 635 188 635
2  135 187 633 0 0.008726646259969
2  135 188 635 0 0.008726646259969
2  135 78 633 0 0.008726646259969
2  135 79 635 0 0.008726646259969
2  2 189 636 0 0.008726646259969
2  99 189 638 0 0.008726646259969
4 C0 189 636 190 636
4 C0 189 638 191 638
2  135 190 636 0 0.008726646259969
2  135 191 638 0 0.008726646259969
2  135 81 636 0 0.008726646259969
2  135 82 638 0 0.008726646259969
2  2 192 639 0 0.008726646259969
2  99 192 641 0 0.008726646259969
4 C0 192 639 193 639
4 C0 192 641 194 641
2  135 193 639 0 0.008726646259969
2  135 194 641 0 0.008726646259969
2  135 84 639 0 0.008726646259969
2  135 85 641 0 0.008726646259969
2  2 195 642 0 0.008726646259969
2  96 195 643 0 0.008726646259969
2  2 196 644 0 0.008726646259969
4 C0 196 644 197 644
2  135 197 644 0 0.008726646259969
2  135 88 644 0 0.008726646259969
2  2 198 645 0 0.008726646259969
2  96 198 646 0 0.008726646259969
2  2 199 647 0 0.008726646259969
2  99 199 649 0 0.008726646259969
4 C0 199 647 200 647
4 C0 199 649 201 649
2  135 200 647 0 0.008726646259969
2  135 201 649 0 0.008726646259969
2  135 92 647 0 0.008726646259969
2  135 93 649 0 0.008726646259969
2  2 202 650 0 0.008726646259969
2  96 202 651 0 0.008726646259969
2  2 203 652 0 0.008726646259969
2  99 203 654 0 0.008726646259969
4 C0 203 652 204 652
4 C0 203 654 205 654
2  135 204 652 0 0.008726646259969
2  135 205 654 0 0.008726646259969
2  135 96 652 0 0.008726646259969
2  135 97 654 0 0.008726646259969
2  2 206 655 0 0.008726646259969
2  99 206 657 0 0.008726646259969
4 C0 206 655 207 655
4 C0 206 657 208 657
2  135 207 655 0 0.008726646259969
2  135 208 657 0 0.008726646259969
2  135 99 655 0 0.008726646259969
2  135 100 657 0 0.008726646259969
2  2 209 658 0 0.008726646259969
2  99 209 660 0 0.008726646259969
4 C0 209 658 210 658
4 C0 209 660 211 660
2  135 210 658 0 0.008726646259969
2  135 211 660 0 0.008726646259969
2  135 102 658 0 0.008726646259969
2  135 103 660 0 0.008726646259969
2  2 212 661 0 0.008726646259969
2  99 212 663 0 0.008726646259969
4 C0 212 661 213 661
4 C0 212 663 214 663
2  135 213 661 0 0.008726646259969
2  135 214 663 0 0.008726646259969
2  135 105 661 0 0.008726646259969
2  135 106 663 0 0.008726646259969
2  2 215 664 0 0.008726646259969
2  99 215 666 0 0.008726646259969
4 C0 215 664 216 664
4 C0 215 666 217 666
2  135 216 664 0 0.008726646259969
2  135 217 666 0 0.008726646259969
2  135 108 664 0 0.008726646259969
2  135 109 666 0 0.008726646259969
2  2 218 667 0 0.008726646259969
2  99 218 669 0 0.008726646259969
4 C0 218 667 219 667
4 C0 218 669 220 669
2  135 219 667 0 0.008726646259969
2  135 220 669 0 0.008726646259969
2  135 111 667 0 0.008726646259969
2  135 112 669 0 0.008726646259969
2  2 221 670 0 0.008726646259969
2  99 221 672 0 0.008726646259969
4 C0 221 670 222 670
4 C0 221 672 223 672
2  135 222 670 0 0.008726646259969
2  135 223 672 0 0.008726646259969
2  135 114 670 0 0.008726646259969
2  135 115 672 0 0.008726646259969
2  2 224 673 0 0.008726646259969
2  99 224 675 0 0.008726646259969
4 C0 224 673 225 673
4 C0 224 675 226 675
2  135 225 673 0 0.008726646259969
2  135 226 675 0 0.008726646259969
2  135 117 673 0 0.008726646259969
2  135 118 675 0 0.008726646259969
2  2 227 676 0 0.008726646259969
2  99 227 678 0 0.008726646259969
4 C0 227 676 228 676
4 C0 227 678 229 678
2  135 228 676 0 0.008726646259969
2  135 229 678 0 0.008726646259969
2  135 120 676 0 0.008726646259969
2  135 121 678 0 0.008726646259969
2  2 230 679 0 0.008726646259969
2  96 230 680 0 0.008726646259969
2  2 231 681 0 0.008726646259969
2  99 231 683 0 0.008726646259969
4 C0 231 681 232 681
4 C0 231 683 233 683
2  135 232 681 0 0.008726646259969
2  135 233 683 0 0.008726646259969
2  135 124 681 0 0.008726646259969
2  135 234 683 0 0.008726646259969
2  2 235 684 0 0.008726646259969
2  96 235 685 0 0.008726646259969
2  2 236 686 0 0.008726646259969
2  99 236 688 0 0.008726646259969
4 C0 236 686 237 686
4 C0 236 688 238 688
2  135 237 686 0 0.008726646259969
2  135 238 688 0 0.008726646259969
2  135 127 686 0 0.008726646259969
2  135 239 688 0 0.008726646259969
2  2 240 689 0 0.008726646259969
2  99 240 691 0 0.008726646259969
4 C0 240 689 241 689
4 C0 240 691 242 691
2  135 241 689 0 0.008726646259969
2  135 242 691 0 0.008726646259969
2  135 129 689 0 0.008726646259969
2  135 243 691 0 0.008726646259969
2  2 244 692 0 0.008726646259969
2  96 244 693 0 0.008726646259969
2  2 245 694 0 0.008726646259969
2  99 245 696 0 0.008726646259969
4 C0 245 694 246 694
4 C0 245 696 247 696
2  135 246 694 0 0.008726646259969
2  135 247 696 0 0.008726646259969
2  135 132 694 0 0.008726646259969
2  135 133 696 0 0.008726646259969
2  2 248 697 0 0.008726646259969
2  99 248 699 0 0.008726646259969
4 C0 248 697 249 697
4 C0 248 699 250 699
2  135 249 697 0 0.008726646259969
2  135 250 699 0 0.008726646259969
2  135 135 697 0 0.008726646259969
2  135 136 699 0 0.008726646259969
2  2 251 700 0 0.008726646259969
2  99 251 702 0 0.008726646259969
4 C0 251 700 252 700
4 C0 251 702 253 702
2  135 252 700 0 0.008726646259969
2  135 253 702 0 0.008726646259969
2  135 138 700 0 0.008726646259969
2  135 139 702 0 0.008726646259969
2  2 254 703 0 0.008726646259969
2  99 254 705 0 0.008726646259969
4 C0 254 703 255 703
4 C0 254 705 256 705
2  135 255 703 0 0.008726646259969
2  135 256 705 0 0.008726646259969
2  135 141 703 0 0.008726646259969
2  135 142 705 0 0.008726646259969
2  2 257 706 0 0.008726646259969
2  96 257 707 0 0.008726646259969
2  2 258 708 0 0.008726646259969
2  99 258 710 0 0.008726646259969
4 C0 258 708 259 708
4 C0 258 710 260 710
2  135 259 708 0 0.008726646259969
2  135 260 710 0 0.008726646259969
2  135 145 708 0 0.008726646259969
2  135 261 710 0 0.008726646259969
2  2 262 711 0 0.008726646259969
2  99 262 713 0 0.008726646259969
4 C0 262 711 263 711
4 C0 262 713 264 713
2  135 263 711 0 0.008726646259969
2  135 264 713 0 0.008726646259969
2  135 147 711 0 0.008726646259969
2  135 265 713 0 0.008726646259969
2  2 266 714 0 0.008726646259969
2  99 266 716 0 0.008726646259969
4 C0 266 714 267 714
4 C0 266 716 268 716
2  135 267 714 0 0.008726646259969
2  135 268 716 0 0.008726646259969
2  135 149 714 0 0.008726646259969
2  135 269 716 0 0.008726646259969
2  2 270 717 0 0.008726646259969
2  99 270 718 0 0.008726646259969
4 C0 270 717 271 717
4 C0 270 718 272 718
2  135 271 717 0 0.008726646259969
2  135 272 718 0 0.008726646259969
2  135 151 717 0 0.008726646259969
2  135 156 718 0 0.008726646259969
2  136 273 724 0 0.008726646259969
2  137 274 747 0 0.008726646259969
2  137 274 750 0 0.008726646259969
2  2 275 751 0 0.008726646259969
2  137 274 766 0 0.008726646259969
2  137 274 769 0 0.008726646259969
2  2 276 770 0 0.008726646259969
2  237 299 973 0 0.008726646259969
0

0101000
+43 970 -82 817 *
Ed
 1.00000032e-07 1 1 0
1  65 0 1.45734992541527 1.5707963267949
2  2 299 821 1.45734992541527 1.5707963267949
2  170 299 823 1.45734992541527 1.5707963267949
2  238 293 824 1.45734992541527 1.5707963267949
2  239 270 825 1.45734992541527 1.5707963267949
2  240 156 825 1.45734992541527 1.5707963267949
2  241 270 869 1.45734992541527 1.5707963267949
2  242 270 871 1.45734992541527 1.5707963267949
2  243 270 873 1.45734992541527 1.5707963267949
2  244 270 875 1.45734992541527 1.5707963267949
2  245 270 877 1.45734992541527 1.5707963267949
2  246 270 879 1.45734992541527 1.5707963267949
2  247 270 881 1.45734992541527 1.5707963267949
2  248 270 827 1.45734992541527 1.5707963267949
2  249 270 829 1.45734992541527 1.5707963267949
2  250 270 831 1.45734992541527 1.5707963267949
2  251 270 833 1.45734992541527 1.5707963267949
2  252 270 835 1.45734992541527 1.5707963267949
2  253 270 837 1.45734992541527 1.5707963267949
2  254 270 839 1.45734992541527 1.5707963267949
2  255 270 841 1.45734992541527 1.5707963267949
2  256 270 843 1.45734992541527 1.5707963267949
2  257 270 845 1.45734992541527 1.5707963267949
2  258 270 847 1.45734992541527 1.5707963267949
2  259 270 849 1.45734992541527 1.5707963267949
2  260 270 851 1.45734992541527 1.5707963267949
2  261 270 853 1.45734992541527 1.5707963267949
2  262 270 855 1.45734992541527 1.5707963267949
2  263 270 857 1.45734992541527 1.5707963267949
2  264 270 859 1.45734992541527 1.5707963267949
2  265 270 861 1.45734992541527 1.5707963267949
2  266 270 863 1.45734992541527 1.5707963267949
2  267 270 865 1.45734992541527 1.5707963267949
2  268 270 867 1.45734992541527 1.5707963267949
2  269 156 869 1.45734992541527 1.5707963267949
2  270 156 871 1.45734992541527 1.5707963267949
2  271 156 873 1.45734992541527 1.5707963267949
2  272 156 875 1.45734992541527 1.5707963267949
2  273 156 877 1.45734992541527 1.5707963267949
2  274 156 879 1.45734992541527 1.5707963267949
2  275 156 881 1.45734992541527 1.5707963267949
2  276 156 827 1.45734992541527 1.5707963267949
2  277 156 829 1.45734992541527 1.5707963267949
2  278 156 831 1.45734992541527 1.5707963267949
2  279 156 833 1.45734992541527 1.5707963267949
2  280 156 835 1.45734992541527 1.5707963267949
2  281 156 837 1.45734992541527 1.5707963267949
2  282 156 839 1.45734992541527 1.5707963267949
2  283 156 841 1.45734992541527 1.5707963267949
2  284 156 843 1.45734992541527 1.5707963267949
2  285 156 845 1.45734992541527 1.5707963267949
2  286 156 847 1.45734992541527 1.5707963267949
2  287 156 849 1.45734992541527 1.5707963267949
2  288 156 851 1.45734992541527 1.5707963267949
2  289 156 853 1.45734992541527 1.5707963267949
2  290 156 855 1.45734992541527 1.5707963267949
2  291 156 857 1.45734992541527 1.5707963267949
2  292 156 859 1.45734992541527 1.5707963267949
2  293 156 861 1.45734992541527 1.5707963267949
2  294 156 863 1.45734992541527 1.5707963267949
2  295 156 865 1.45734992541527 1.5707963267949
2  296 156 867 1.45734992541527 1.5707963267949
2  297 277 974 1.45734992541527 1.5707963267949
2  298 277 975 1.45734992541527 1.5707963267949
2  299 277 976 1.45734992541527 1.5707963267949
2  300 277 977 1.45734992541527 1.5707963267949
2  301 277 978 1.45734992541527 1.5707963267949
2  302 277 979 1.45734992541527 1.5707963267949
2  303 277 980 1.45734992541527 1.5707963267949
2  304 277 981 1.45734992541527 1.5707963267949
2  305 277 982 1.45734992541527 1.5707963267949
2  306 277 983 1.45734992541527 1.5707963267949
2  307 277 984 1.45734992541527 1.5707963267949
2  308 277 985 1.45734992541527 1.5707963267949
2  309 277 986 1.45734992541527 1.5707963267949
2  310 277 987 1.45734992541527 1.5707963267949
2  311 277 988 1.45734992541527 1.5707963267949
2  312 277 989 1.45734992541527 1.5707963267949
2  313 277 990 1.45734992541527 1.5707963267949
2  314 277 991 1.45734992541527 1.5707963267949
2  315 277 992 1.45734992541527 1.5707963267949
2  316 277 993 1.45734992541527 1.5707963267949
2  317 277 994 1.45734992541527 1.5707963267949
2  318 277 995 1.45734992541527 1.5707963267949
2  319 277 996 1.45734992541527 1.5707963267949
2  320 277 997 1.45734992541527 1.5707963267949
2  321 277 998 1.45734992541527 1.5707963267949
2  322 277 999 1.45734992541527 1.5707963267949
2  323 277 1000 1.45734992541527 1.5707963267949
2  324 277 1001 1.45734992541527 1.5707963267949
2  325 277 1002 1.45734992541527 1.5707963267949
2  326 277 1003 1.45734992541527 1.5707963267949
2  297 278 1004 1.45734992541527 1.5707963267949
2  298 278 1005 1.45734992541527 1.5707963267949
2  299 278 1006 1.45734992541527 1.5707963267949
2  300 278 1007 1.45734992541527 1.5707963267949
2  301 278 1008 1.45734992541527 1.5707963267949
2  302 278 1009 1.45734992541527 1.5707963267949
2  303 278 1010 1.45734992541527 1.5707963267949
2  304 278 1011 1.45734992541527 1.5707963267949
2  305 278 1012 1.45734992541527 1.5707963267949
2  306 278 1013 1.45734992541527 1.5707963267949
2  307 278 1014 1.45734992541527 1.5707963267949
2  308 278 1015 1.45734992541527 1.5707963267949
2  309 278 1016 1.45734992541527 1.5707963267949
2  310 278 1017 1.45734992541527 1.5707963267949
2  311 278 1018 1.45734992541527 1.5707963267949
2  312 278 1019 1.45734992541527 1.5707963267949
2  313 278 1020 1.45734992541527 1.5707963267949
2  314 278 1021 1.45734992541527 1.5707963267949
2  315 278 1022 1.45734992541527 1.5707963267949
2  316 278 1023 1.45734992541527 1.5707963267949
2  317 278 1024 1.45734992541527 1.5707963267949
2  318 278 1025 1.45734992541527 1.5707963267949
2  319 278 1026 1.45734992541527 1.5707963267949
2  320 278 1027 1.45734992541527 1.5707963267949
2  321 278 1028 1.45734992541527 1.5707963267949
2  322 278 1029 1.45734992541527 1.5707963267949
2  323 278 1030 1.45734992541527 1.5707963267949
2  324 278 1031 1.45734992541527 1.5707963267949
2  325 278 1032 1.45734992541527 1.5707963267949
2  326 278 1033 1.45734992541527 1.5707963267949
2  297 279 1034 1.45734992541527 1.5707963267949
2  298 279 1035 1.45734992541527 1.5707963267949
2  299 279 1036 1.45734992541527 1.5707963267949
2  300 279 1037 1.45734992541527 1.5707963267949
2  301 279 1038 1.45734992541527 1.5707963267949
2  302 279 1039 1.45734992541527 1.5707963267949
2  303 279 1040 1.45734992541527 1.5707963267949
2  304 279 1041 1.45734992541527 1.5707963267949
2  305 279 1042 1.45734992541527 1.5707963267949
2  306 279 1043 1.45734992541527 1.5707963267949
2  307 279 1044 1.45734992541527 1.5707963267949
2  308 279 1045 1.45734992541527 1.5707963267949
2  309 279 1046 1.45734992541527 1.5707963267949
2  310 279 1047 1.45734992541527 1.5707963267949
2  311 279 1048 1.45734992541527 1.5707963267949
2  312 279 1049 1.45734992541527 1.5707963267949
2  313 279 1050 1.45734992541527 1.5707963267949
2  314 279 1051 1.45734992541527 1.5707963267949
2  315 279 1052 1.45734992541527 1.5707963267949
2  316 279 1053 1.45734992541527 1.5707963267949
2  317 279 1054 1.45734992541527 1.5707963267949
2  318 279 1055 1.45734992541527 1.5707963267949
2  319 279 1056 1.45734992541527 1.5707963267949
2  320 279 1057 1.45734992541527 1.5707963267949
2  321 279 1058 1.45734992541527 1.5707963267949
2  322 279 1059 1.45734992541527 1.5707963267949
2  323 279 1060 1.45734992541527 1.5707963267949
2  324 279 1061 1.45734992541527 1.5707963267949
2  325 279 1062 1.45734992541527 1.5707963267949
2  326 279 1063 1.45734992541527 1.5707963267949
2  297 280 1064 1.45734992541527 1.5707963267949
2  298 280 1065 1.45734992541527 1.5707963267949
2  299 280 1066 1.45734992541527 1.5707963267949
2  300 280 1067 1.45734992541527 1.5707963267949
2  301 280 1068 1.45734992541527 1.5707963267949
2  302 280 1069 1.45734992541527 1.5707963267949
2  303 280 1070 1.45734992541527 1.5707963267949
2  304 280 1071 1.45734992541527 1.5707963267949
2  305 280 1072 1.45734992541527 1.5707963267949
2  306 280 1073 1.45734992541527 1.5707963267949
2  307 280 1074 1.45734992541527 1.5707963267949
2  308 280 1075 1.45734992541527 1.5707963267949
2  309 280 1076 1.45734992541527 1.5707963267949
2  310 280 1077 1.45734992541527 1.5707963267949
2  311 280 1078 1.45734992541527 1.5707963267949
2  312 280 1079 1.45734992541527 1.5707963267949
2  313 280 1080 1.45734992541527 1.5707963267949
2  314 280 1081 1.45734992541527 1.5707963267949
2  315 280 1082 1.45734992541527 1.5707963267949
2  316 280 1083 1.45734992541527 1.5707963267949
2  317 280 1084 1.45734992541527 1.5707963267949
2  318 280 1085 1.45734992541527 1.5707963267949
2  319 280 1086 1.45734992541527 1.5707963267949
2  320 280 1087 1.45734992541527 1.5707963267949
2  321 280 1088 1.45734992541527 1.5707963267949
2  322 280 1089 1.45734992541527 1.5707963267949
2  323 280 1090 1.45734992541527 1.5707963267949
2  324 280 1091 1.45734992541527 1.5707963267949
2  325 280 1092 1.45734992541527 1.5707963267949
2  326 280 1093 1.45734992541527 1.5707963267949
2  297 281 1094 1.45734992541527 1.5707963267949
2  298 281 1095 1.45734992541527 1.5707963267949
2  299 281 1096 1.45734992541527 1.5707963267949
2  300 281 1097 1.45734992541527 1.5707963267949
2  301 281 1098 1.45734992541527 1.5707963267949
2  302 281 1099 1.45734992541527 1.5707963267949
2  303 281 1100 1.45734992541527 1.5707963267949
2  304 281 1101 1.45734992541527 1.5707963267949
2  305 281 1102 1.45734992541527 1.5707963267949
2  306 281 1103 1.45734992541527 1.5707963267949
2  307 281 1104 1.45734992541527 1.5707963267949
2  308 281 1105 1.45734992541527 1.5707963267949
2  309 281 1106 1.45734992541527 1.5707963267949
2  310 281 1107 1.45734992541527 1.5707963267949
2  311 281 1108 1.45734992541527 1.5707963267949
2  312 281 1109 1.45734992541527 1.5707963267949
2  313 281 1110 1.45734992541527 1.5707963267949
2  314 281 1111 1.45734992541527 1.5707963267949
2  315 281 1112 1.45734992541527 1.5707963267949
2  316 281 1113 1.45734992541527 1.5707963267949
2  317 281 1114 1.45734992541527 1.5707963267949
2  318 281 1115 1.45734992541527 1.5707963267949
2  319 281 1116 1.45734992541527 1.5707963267949
2  320 281 1117 1.45734992541527 1.5707963267949
2  321 281 1118 1.45734992541527 1.5707963267949
2  322 281 1119 1.45734992541527 1.5707963267949
2  323 281 1120 1.45734992541527 1.5707963267949
2  324 281 1121 1.45734992541527 1.5707963267949
2  325 281 1122 1.45734992541527 1.5707963267949
2  326 281 1123 1.45734992541527 1.5707963267949
2  297 282 1124 1.45734992541527 1.5707963267949
2  298 282 1125 1.45734992541527 1.5707963267949
2  299 282 1126 1.45734992541527 1.5707963267949
2  300 282 1127 1.45734992541527 1.5707963267949
2  301 282 1128 1.45734992541527 1.5707963267949
2  302 282 1129 1.45734992541527 1.5707963267949
2  303 282 1130 1.45734992541527 1.5707963267949
2  304 282 1131 1.45734992541527 1.5707963267949
2  305 282 1132 1.45734992541527 1.5707963267949
2  306 282 1133 1.45734992541527 1.5707963267949
2  307 282 1134 1.45734992541527 1.5707963267949
2  308 282 1135 1.45734992541527 1.5707963267949
2  309 282 1136 1.45734992541527 1.5707963267949
2  310 282 1137 1.45734992541527 1.5707963267949
2  311 282 1138 1.45734992541527 1.5707963267949
2  312 282 1139 1.45734992541527 1.5707963267949
2  313 282 1140 1.45734992541527 1.5707963267949
2  314 282 1141 1.45734992541527 1.5707963267949
2  315 282 1142 1.45734992541527 1.5707963267949
2  316 282 1143 1.45734992541527 1.5707963267949
2  317 282 1144 1.45734992541527 1.5707963267949
2  318 282 1145 1.45734992541527 1.5707963267949
2  319 282 1146 1.45734992541527 1.5707963267949
2  320 282 1147 1.45734992541527 1.5707963267949
2  321 282 1148 1.45734992541527 1.5707963267949
2  322 282 1149 1.45734992541527 1.5707963267949
2  323 282 1150 1.45734992541527 1.5707963267949
2  324 282 1151 1.45734992541527 1.5707963267949
2  325 282 1152 1.45734992541527 1.5707963267949
2  326 282 1153 1.45734992541527 1.5707963267949
2  297 283 1154 1.45734992541527 1.5707963267949
2  298 283 1155 1.45734992541527 1.5707963267949
2  299 283 1156 1.45734992541527 1.5707963267949
2  300 283 1157 1.45734992541527 1.5707963267949
2  301 283 1158 1.45734992541527 1.5707963267949
2  302 283 1159 1.45734992541527 1.5707963267949
2  303 283 1160 1.45734992541527 1.5707963267949
2  304 283 1161 1.45734992541527 1.5707963267949
2  305 283 1162 1.45734992541527 1.5707963267949
2  306 283 1163 1.45734992541527 1.5707963267949
2  307 283 1164 1.45734992541527 1.5707963267949
2  308 283 1165 1.45734992541527 1.5707963267949
2  309 283 1166 1.45734992541527 1.5707963267949
2  310 283 1167 1.45734992541527 1.5707963267949
2  311 283 1168 1.45734992541527 1.5707963267949
2  312 283 1169 1.45734992541527 1.5707963267949
2  313 283 1170 1.45734992541527 1.5707963267949
2  314 283 1171 1.45734992541527 1.5707963267949
2  315 283 1172 1.45734992541527 1.5707963267949
2  316 283 1173 1.45734992541527 1.5707963267949
2  317 283 1174 1.45734992541527 1.5707963267949
2  318 283 1175 1.45734992541527 1.5707963267949
2  319 283 1176 1.45734992541527 1.5707963267949
2  320 283 1177 1.45734992541527 1.5707963267949
2  321 283 1178 1.45734992541527 1.5707963267949
2  322 283 1179 1.45734992541527 1.5707963267949
2  323 283 1180 1.45734992541527 1.5707963267949
2  324 283 1181 1.45734992541527 1.5707963267949
2  325 283 1182 1.45734992541527 1.5707963267949
2  326 283 1183 1.45734992541527 1.5707963267949
2  297 284 1184 1.45734992541527 1.5707963267949
2  298 284 1185 1.45734992541527 1.5707963267949
2  299 284 1186 1.45734992541527 1.5707963267949
2  300 284 1187 1.45734992541527 1.5707963267949
2  301 284 1188 1.45734992541527 1.5707963267949
2  302 284 1189 1.45734992541527 1.5707963267949
2  303 284 1190 1.45734992541527 1.5707963267949
2  304 284 1191 1.45734992541527 1.5707963267949
2  305 284 1192 1.45734992541527 1.5707963267949
2  306 284 1193 1.45734992541527 1.5707963267949
2  307 284 1194 1.45734992541527 1.5707963267949
2  308 284 1195 1.45734992541527 1.5707963267949
2  309 284 1196 1.45734992541527 1.5707963267949
2  310 284 1197 1.45734992541527 1.5707963267949
2  311 284 1198 1.45734992541527 1.5707963267949
2  312 284 1199 1.45734992541527 1.5707963267949
2  313 284 1200 1.45734992541527 1.5707963267949
2  314 284 1201 1.45734992541527 1.5707963267949
2  315 284 1202 1.45734992541527 1.5707963267949
2  316 284 1203 1.45734992541527 1.5707963267949
2  317 284 1204 1.45734992541527 1.5707963267949
2  318 284 1205 1.45734992541527 1.5707963267949
2  319 284 1206 1.45734992541527 1.5707963267949
2  320 284 1207 1.45734992541527 1.5707963267949
2  321 284 1208 1.45734992541527 1.5707963267949
2  322 284 1209 1.45734992541527 1.5707963267949
2  323 284 1210 1.45734992541527 1.5707963267949
2  324 284 1211 1.45734992541527 1.5707963267949
2  325 284 1212 1.45734992541527 1.5707963267949
2  326 284 1213 1.45734992541527 1.5707963267949
2  297 285 1214 1.45734992541527 1.5707963267949
2  298 285 1215 1.45734992541527 1.5707963267949
2  299 285 1216 1.45734992541527 1.5707963267949
2  300 285 1217 1.45734992541527 1.5707963267949
2  301 285 1218 1.45734992541527 1.5707963267949
2  302 285 1219 1.45734992541527 1.5707963267949
2  303 285 1220 1.45734992541527 1.5707963267949
2  304 285 1221 1.45734992541527 1.5707963267949
2  305 285 1222 1.45734992541527 1.5707963267949
2  306 285 1223 1.45734992541527 1.5707963267949
2  307 285 1224 1.45734992541527 1.5707963267949
2  308 285 1225 1.45734992541527 1.5707963267949
2  309 285 1226 1.45734992541527 1.5707963267949
2  310 285 1227 1.45734992541527 1.5707963267949
2  311 285 1228 1.45734992541527 1.5707963267949
2  312 285 1229 1.45734992541527 1.5707963267949
2  313 285 1230 1.45734992541527 1.5707963267949
2  314 285 1231 1.45734992541527 1.5707963267949
2  315 285 1232 1.45734992541527 1.5707963267949
2  316 285 1233 1.45734992541527 1.5707963267949
2  317 285 1234 1.45734992541527 1.5707963267949
2  318 285 1235 1.45734992541527 1.5707963267949
2  319 285 1236 1.45734992541527 1.5707963267949
2  320 285 1237 1.45734992541527 1.5707963267949
2  321 285 1238 1.45734992541527 1.5707963267949
2  322 285 1239 1.45734992541527 1.5707963267949
2  323 285 1240 1.45734992541527 1.5707963267949
2  324 285 1241 1.45734992541527 1.5707963267949
2  325 285 1242 1.45734992541527 1.5707963267949
2  326 285 1243 1.45734992541527 1.5707963267949
2  327 286 1244 1.45734992541527 1.5707963267949
2  328 286 1245 1.45734992541527 1.5707963267949
2  329 286 1246 1.45734992541527 1.5707963267949
2  330 286 1247 1.45734992541527 1.5707963267949
2  331 286 1248 1.45734992541527 1.5707963267949
2  332 286 1249 1.45734992541527 1.5707963267949
2  333 286 1250 1.45734992541527 1.5707963267949
2  334 286 1251 1.45734992541527 1.5707963267949
2  335 286 1252 1.45734992541527 1.5707963267949
2  336 286 1253 1.45734992541527 1.5707963267949
2  337 286 1254 1.45734992541527 1.5707963267949
2  338 286 1255 1.45734992541527 1.5707963267949
2  339 286 1256 1.45734992541527 1.5707963267949
2  340 286 1257 1.45734992541527 1.5707963267949
2  341 286 1258 1.45734992541527 1.5707963267949
2  342 286 1259 1.45734992541527 1.5707963267949
2  343 286 1260 1.45734992541527 1.5707963267949
2  344 286 1261 1.45734992541527 1.5707963267949
2  345 286 1262 1.45734992541527 1.5707963267949
2  346 286 1263 1.45734992541527 1.5707963267949
2  347 286 1264 1.45734992541527 1.5707963267949
2  348 286 1265 1.45734992541527 1.5707963267949
2  349 286 1266 1.45734992541527 1.5707963267949
2  350 286 1267 1.45734992541527 1.5707963267949
2  351 286 1268 1.45734992541527 1.5707963267949
2  352 286 1269 1.45734992541527 1.5707963267949
2  353 286 1270 1.45734992541527 1.5707963267949
2  354 286 1271 1.45734992541527 1.5707963267949
2  355 286 1272 1.45734992541527 1.5707963267949
2  356 286 1273 1.45734992541527 1.5707963267949
2  327 287 1274 1.45734992541527 1.5707963267949
2  328 287 1275 1.45734992541527 1.5707963267949
2  329 287 1276 1.45734992541527 1.5707963267949
2  330 287 1277 1.45734992541527 1.5707963267949
2  331 287 1278 1.45734992541527 1.5707963267949
2  332 287 1279 1.45734992541527 1.5707963267949
2  333 287 1280 1.45734992541527 1.5707963267949
2  334 287 1281 1.45734992541527 1.5707963267949
2  335 287 1282 1.45734992541527 1.5707963267949
2  336 287 1283 1.45734992541527 1.5707963267949
2  337 287 1284 1.45734992541527 1.5707963267949
2  338 287 1285 1.45734992541527 1.5707963267949
2  339 287 1286 1.45734992541527 1.5707963267949
2  340 287 1287 1.45734992541527 1.5707963267949
2  341 287 1288 1.45734992541527 1.5707963267949
2  342 287 1289 1.45734992541527 1.5707963267949
2  343 287 1290 1.45734992541527 1.5707963267949
2  344 287 1291 1.45734992541527 1.5707963267949
2  345 287 1292 1.45734992541527 1.5707963267949
2  346 287 1293 1.45734992541527 1.5707963267949
2  347 287 1294 1.45734992541527 1.5707963267949
2  348 287 1295 1.45734992541527 1.5707963267949
2  349 287 1296 1.45734992541527 1.5707963267949
2  350 287 1297 1.45734992541527 1.5707963267949
2  351 287 1298 1.45734992541527 1.5707963267949
2  352 287 1299 1.45734992541527 1.5707963267949
2  353 287 1300 1.45734992541527 1.5707963267949
2  354 287 1301 1.45734992541527 1.5707963267949
2  355 287 1302 1.45734992541527 1.5707963267949
2  356 287 1303 1.45734992541527 1.5707963267949
2  327 288 1304 1.45734992541527 1.5707963267949
2  328 288 1305 1.45734992541527 1.5707963267949
2  329 288 1306 1.45734992541527 1.5707963267949
2  330 288 1307 1.45734992541527 1.5707963267949
2  331 288 1308 1.45734992541527 1.5707963267949
2  332 288 1309 1.45734992541527 1.5707963267949
2  333 288 1310 1.45734992541527 1.5707963267949
2  334 288 1311 1.45734992541527 1.5707963267949
2  335 288 1312 1.45734992541527 1.5707963267949
2  336 288 1313 1.45734992541527 1.5707963267949
2  337 288 1314 1.45734992541527 1.5707963267949
2  338 288 1315 1.45734992541527 1.5707963267949
2  339 288 1316 1.45734992541527 1.5707963267949
2  340 288 1317 1.45734992541527 1.5707963267949
2  341 288 1318 1.45734992541527 1.5707963267949
2  342 288 1319 1.45734992541527 1.5707963267949
2  343 288 1320 1.45734992541527 1.5707963267949
2  344 288 1321 1.45734992541527 1.5707963267949
2  345 288 1322 1.45734992541527 1.5707963267949
2  346 288 1323 1.45734992541527 1.5707963267949
2  347 288 1324 1.45734992541527 1.5707963267949
2  348 288 1325 1.45734992541527 1.5707963267949
2  349 288 1326 1.45734992541527 1.5707963267949
2  350 288 1327 1.45734992541527 1.5707963267949
2  351 288 1328 1.45734992541527 1.5707963267949
2  352 288 1329 1.45734992541527 1.5707963267949
2  353 288 1330 1.45734992541527 1.5707963267949
2  354 288 1331 1.45734992541527 1.5707963267949
2  355 288 1332 1.45734992541527 1.5707963267949
2  356 288 1333 1.45734992541527 1.5707963267949
2  327 289 1334 1.45734992541527 1.5707963267949
2  328 289 1335 1.45734992541527 1.5707963267949
2  329 289 1336 1.45734992541527 1.5707963267949
2  330 289 1337 1.45734992541527 1.5707963267949
2  331 289 1338 1.45734992541527 1.5707963267949
2  332 289 1339 1.45734992541527 1.5707963267949
2  333 289 1340 1.45734992541527 1.5707963267949
2  334 289 1341 1.45734992541527 1.5707963267949
2  335 289 1342 1.45734992541527 1.5707963267949
2  336 289 1343 1.45734992541527 1.5707963267949
2  337 289 1344 1.45734992541527 1.5707963267949
2  338 289 1345 1.45734992541527 1.5707963267949
2  339 289 1346 1.45734992541527 1.5707963267949
2  340 289 1347 1.45734992541527 1.5707963267949
2  341 289 1348 1.45734992541527 1.5707963267949
2  342 289 1349 1.45734992541527 1.5707963267949
2  343 289 1350 1.45734992541527 1.5707963267949
2  344 289 1351 1.45734992541527 1.5707963267949
2  345 289 1352 1.45734992541527 1.5707963267949
2  346 289 1353 1.45734992541527 1.5707963267949
2  347 289 1354 1.45734992541527 1.5707963267949
2  348 289 1355 1.45734992541527 1.5707963267949
2  349 289 1356 1.45734992541527 1.5707963267949
2  350 289 1357 1.45734992541527 1.5707963267949
2  351 289 1358 1.45734992541527 1.5707963267949
2  352 289 1359 1.45734992541527 1.5707963267949
2  353 289 1360 1.45734992541527 1.5707963267949
2  354 289 1361 1.45734992541527 1.5707963267949
2  355 289 1362 1.45734992541527 1.5707963267949
2  356 289 1363 1.45734992541527 1.5707963267949
2  327 290 1364 1.45734992541527 1.5707963267949
2  328 290 1365 1.45734992541527 1.5707963267949
2  329 290 1366 1.45734992541527 1.5707963267949
2  330 290 1367 1.45734992541527 1.5707963267949
2  331 290 1368 1.45734992541527 1.5707963267949
2  332 290 1369 1.45734992541527 1.5707963267949
2  333 290 1370 1.45734992541527 1.5707963267949
2  334 290 1371 1.45734992541527 1.5707963267949
2  335 290 1372 1.45734992541527 1.5707963267949
2  336 290 1373 1.45734992541527 1.5707963267949
2  337 290 1374 1.45734992541527 1.5707963267949
2  338 290 1375 1.45734992541527 1.5707963267949
2  339 290 1376 1.45734992541527 1.5707963267949
2  340 290 1377 1.45734992541527 1.5707963267949
2  341 290 1378 1.45734992541527 1.5707963267949
2  342 290 1379 1.45734992541527 1.5707963267949
2  343 290 1380 1.45734992541527 1.5707963267949
2  344 290 1381 1.45734992541527 1.5707963267949
2  345 290 1382 1.45734992541527 1.5707963267949
2  346 290 1383 1.45734992541527 1.5707963267949
2  347 290 1384 1.45734992541527 1.5707963267949
2  348 290 1385 1.45734992541527 1.5707963267949
2  349 290 1386 1.45734992541527 1.5707963267949
2  350 290 1387 1.45734992541527 1.5707963267949
2  351 290 1388 1.45734992541527 1.5707963267949
2  352 290 1389 1.45734992541527 1.5707963267949
2  353 290 1390 1.45734992541527 1.5707963267949
2  354 290 1391 1.45734992541527 1.5707963267949
2  355 290 1392 1.45734992541527 1.5707963267949
2  356 290 1393 1.45734992541527 1.5707963267949
2  327 291 1394 1.45734992541527 1.5707963267949
2  328 291 1395 1.45734992541527 1.5707963267949
2  329 291 1396 1.45734992541527 1.5707963267949
2  330 291 1397 1.45734992541527 1.5707963267949
2  331 291 1398 1.45734992541527 1.5707963267949
2  332 291 1399 1.45734992541527 1.5707963267949
2  333 291 1400 1.45734992541527 1.5707963267949
2  334 291 1401 1.45734992541527 1.5707963267949
2  335 291 1402 1.45734992541527 1.5707963267949
2  336 291 1403 1.45734992541527 1.5707963267949
2  337 291 1404 1.45734992541527 1.5707963267949
2  338 291 1405 1.45734992541527 1.5707963267949
2  339 291 1406 1.45734992541527 1.5707963267949
2  340 291 1407 1.45734992541527 1.5707963267949
2  341 291 1408 1.45734992541527 1.5707963267949
2  342 291 1409 1.45734992541527 1.5707963267949
2  343 291 1410 1.45734992541527 1.5707963267949
2  344 291 1411 1.45734992541527 1.5707963267949
2  345 291 1412 1.45734992541527 1.5707963267949
2  346 291 1413 1.45734992541527 1.5707963267949
2  347 291 1414 1.45734992541527 1.5707963267949
2  348 291 1415 1.45734992541527 1.5707963267949
2  349 291 1416 1.45734992541527 1.5707963267949
2  350 291 1417 1.45734992541527 1.5707963267949
2  351 291 1418 1.45734992541527 1.5707963267949
2  352 291 1419 1.45734992541527 1.5707963267949
2  353 291 1420 1.45734992541527 1.5707963267949
2  354 291 1421 1.45734992541527 1.5707963267949
2  355 291 1422 1.45734992541527 1.5707963267949
2  356 291 1423 1.45734992541527 1.5707963267949
0

0101000
+82 0 -81 0 *
Ed
 1.00000047e-07 1 1 0
1  60 0 6.17846555205992 6.28318530717959
2  2 157 598 6.17846555205992 6.28318530717959
2  96 157 599 6.17846555205992 6.28318530717959
2  133 59 600 6.17846555205992 6.28318530717959
2  134 158 607 6.17846555205992 6.28318530717959
2  134 158 609 6.17846555205992 6.28318530717959
2  2 159 610 6.17846555205992 6.28318530717959
2  99 159 612 6.17846555205992 6.28318530717959
4 C0 159 610 160 610
4 C0 159 612 161 612
2  135 160 610 6.17846555205992 6.28318530717959
2  135 161 612 6.17846555205992 6.28318530717959
2  135 61 610 6.17846555205992 6.28318530717959
2  135 162 612 6.17846555205992 6.28318530717959
2  2 163 613 6.17846555205992 6.28318530717959
2  99 163 615 6.17846555205992 6.28318530717959
4 C0 163 613 164 613
4 C0 163 615 165 615
2  135 164 613 6.17846555205992 6.28318530717959
2  135 165 615 6.17846555205992 6.28318530717959
2  135 63 613 6.17846555205992 6.28318530717959
2  135 166 615 6.17846555205992 6.28318530717959
2  2 167 616 6.17846555205992 6.28318530717959
2  99 167 618 6.17846555205992 6.28318530717959
4 C0 167 616 168 616
4 C0 167 618 169 618
2  135 168 616 6.17846555205992 6.28318530717959
2  135 169 618 6.17846555205992 6.28318530717959
2  135 65 616 6.17846555205992 6.28318530717959
2  135 170 618 6.17846555205992 6.28318530717959
2  2 171 619 6.17846555205992 6.28318530717959
2  99 171 621 6.17846555205992 6.28318530717959
4 C0 171 619 172 619
4 C0 171 621 173 621
2  135 172 619 6.17846555205992 6.28318530717959
2  135 173 621 6.17846555205992 6.28318530717959
2  135 67 619 6.17846555205992 6.28318530717959
2  135 174 621 6.17846555205992 6.28318530717959
2  2 175 622 6.17846555205992 6.28318530717959
2  99 175 624 6.17846555205992 6.28318530717959
4 C0 175 622 176 622
4 C0 175 624 177 624
2  135 176 622 6.17846555205992 6.28318530717959
2  135 177 624 6.17846555205992 6.28318530717959
2  135 69 622 6.17846555205992 6.28318530717959
2  135 178 624 6.17846555205992 6.28318530717959
2  2 179 625 6.17846555205992 6.28318530717959
2  96 179 626 6.17846555205992 6.28318530717959
2  2 180 627 6.17846555205992 6.28318530717959
2  99 180 629 6.17846555205992 6.28318530717959
4 C0 180 627 181 627
4 C0 180 629 182 629
2  135 181 627 6.17846555205992 6.28318530717959
2  135 182 629 6.17846555205992 6.28318530717959
2  135 72 627 6.17846555205992 6.28318530717959
2  135 73 629 6.17846555205992 6.28318530717959
2  2 183 630 6.17846555205992 6.28318530717959
2  99 183 632 6.17846555205992 6.28318530717959
4 C0 183 630 184 630
4 C0 183 632 185 632
2  135 184 630 6.17846555205992 6.28318530717959
2  135 185 632 6.17846555205992 6.28318530717959
2  135 75 630 6.17846555205992 6.28318530717959
2  135 76 632 6.17846555205992 6.28318530717959
2  2 186 633 6.17846555205992 6.28318530717959
2  99 186 635 6.17846555205992 6.28318530717959
4 C0 186 633 187 633
4 C0 186 635 188 635
2  135 187 633 6.17846555205992 6.28318530717959
2  135 188 635 6.17846555205992 6.28318530717959
2  135 78 633 6.17846555205992 6.28318530717959
2  135 79 635 6.17846555205992 6.28318530717959
2  2 189 636 6.17846555205992 6.28318530717959
2  99 189 638 6.17846555205992 6.28318530717959
4 C0 189 636 190 636
4 C0 189 638 191 638
2  135 190 636 6.17846555205992 6.28318530717959
2  135 191 638 6.17846555205992 6.28318530717959
2  135 81 636 6.17846555205992 6.28318530717959
2  135 82 638 6.17846555205992 6.28318530717959
2  2 192 639 6.17846555205992 6.28318530717959
2  99 192 641 6.17846555205992 6.28318530717959
4 C0 192 639 193 639
4 C0 192 641 194 641
2  135 193 639 6.17846555205992 6.28318530717959
2  135 194 641 6.17846555205992 6.28318530717959
2  135 84 639 6.17846555205992 6.28318530717959
2  135 85 641 6.17846555205992 6.28318530717959
2  2 195 642 6.17846555205992 6.28318530717959
2  96 195 643 6.17846555205992 6.28318530717959
2  2 196 644 6.17846555205992 6.28318530717959
4 C0 196 644 197 644
2  135 197 644 6.17846555205992 6.28318530717959
2  135 88 644 6.17846555205992 6.28318530717959
2  2 198 645 6.17846555205992 6.28318530717959
2  96 198 646 6.17846555205992 6.28318530717959
2  2 199 647 6.17846555205992 6.28318530717959
2  99 199 649 6.17846555205992 6.28318530717959
4 C0 199 647 200 647
4 C0 199 649 201 649
2  135 200 647 6.17846555205992 6.28318530717959
2  135 201 649 6.17846555205992 6.28318530717959
2  135 92 647 6.17846555205992 6.28318530717959
2  135 93 649 6.17846555205992 6.28318530717959
2  2 202 650 6.17846555205992 6.28318530717959
2  96 202 651 6.17846555205992 6.28318530717959
2  2 203 652 6.17846555205992 6.28318530717959
2  99 203 654 6.17846555205992 6.28318530717959
4 C0 203 652 204 652
4 C0 203 654 205 654
2  135 204 652 6.17846555205992 6.28318530717959
2  135 205 654 6.17846555205992 6.28318530717959
2  135 96 652 6.17846555205992 6.28318530717959
2  135 97 654 6.17846555205992 6.28318530717959
2  2 206 655 6.17846555205992 6.28318530717959
2  99 206 657 6.17846555205992 6.28318530717959
4 C0 206 655 207 655
4 C0 206 657 208 657
2  135 207 655 6.17846555205992 6.28318530717959
2  135 208 657 6.17846555205992 6.28318530717959
2  135 99 655 6.17846555205992 6.28318530717959
2  135 100 657 6.17846555205992 6.28318530717959
2  2 209 658 6.17846555205992 6.28318530717959
2  99 209 660 6.17846555205992 6.28318530717959
4 C0 209 658 210 658
4 C0 209 660 211 660
2  135 210 658 6.17846555205992 6.28318530717959
2  135 211 660 6.17846555205992 6.28318530717959
2  135 102 658 6.17846555205992 6.28318530717959
2  135 103 660 6.17846555205992 6.28318530717959
2  2 212 661 6.17846555205992 6.28318530717959
2  99 212 663 6.17846555205992 6.28318530717959
4 C0 212 661 213 661
4 C0 212 663 214 663
2  135 213 661 6.17846555205992 6.28318530717959
2  135 214 663 6.17846555205992 6.28318530717959
2  135 105 661 6.17846555205992 6.28318530717959
2  135 106 663 6.17846555205992 6.28318530717959
2  2 215 664 6.17846555205992 6.28318530717959
2  99 215 666 6.17846555205992 6.28318530717959
4 C0 215 664 216 664
4 C0 215 666 217 666
2  135 216 664 6.17846555205992 6.28318530717959
2  135 217 666 6.17846555205992 6.28318530717959
2  135 108 664 6.17846555205992 6.28318530717959
2  135 109 666 6.17846555205992 6.28318530717959
2  2 218 667 6.17846555205992 6.28318530717959
2  99 218 669 6.17846555205992 6.28318530717959
4 C0 218 667 219 667
4 C0 218 669 220 669
2  135 219 667 6.17846555205992 6.28318530717959
2  135 220 669 6.17846555205992 6.28318530717959
2  135 111 667 6.17846555205992 6.28318530717959
2  135 112 669 6.17846555205992 6.28318530717959
2  2 221 670 6.17846555205992 6.28318530717959
2  99 221 672 6.17846555205992 6.28318530717959
4 C0 221 670 222 670
4 C0 221 672 223 672
2  135 222 670 6.17846555205992 6.28318530717959
2  135 223 672 6.17846555205992 6.28318530717959
2  135 114 670 6.17846555205992 6.28318530717959
2  135 115 672 6.17846555205992 6.28318530717959
2  2 224 673 6.17846555205992 6.28318530717959
2  99 224 675 6.17846555205992 6.28318530717959
4 C0 224 673 225 673
4 C0 224 675 226 675
2  135 225 673 6.17846555205992 6.28318530717959
2  135 226 675 6.17846555205992 6.28318530717959
2  135 117 673 6.17846555205992 6.28318530717959
2  135 118 675 6.17846555205992 6.28318530717959
2  2 227 676 6.17846555205992 6.28318530717959
2  99 227 678 6.17846555205992 6.28318530717959
4 C0 227 676 228 676
4 C0 227 678 229 678
2  135 228 676 6.17846555205992 6.28318530717959
2  135 229 678 6.17846555205992 6.28318530717959
2  135 120 676 6.17846555205992 6.28318530717959
2  135 121 678 6.17846555205992 6.28318530717959
2  2 230 679 6.17846555205992 6.28318530717959
2  96 230 680 6.17846555205992 6.28318530717959
2  2 231 681 6.17846555205992 6.28318530717959
2  99 231 683 6.17846555205992 6.28318530717959
4 C0 231 681 232 681
4 C0 231 683 233 683
2  135 232 681 6.17846555205992 6.28318530717959
2  135 233 683 6.17846555205992 6.28318530717959
2  135 124 681 6.17846555205992 6.28318530717959
2  135 234 683 6.17846555205992 6.28318530717959
2  2 235 684 6.17846555205992 6.28318530717959
2  96 235 685 6.17846555205992 6.28318530717959
2  2 236 686 6.17846555205992 6.28318530717959
2  99 236 688 6.17846555205992 6.28318530717959
4 C0 236 686 237 686
4 C0 236 688 238 688
2  135 237 686 6.17846555205992 6.28318530717959
2  135 238 688 6.17846555205992 6.28318530717959
2  135 127 686 6.17846555205992 6.28318530717959
2  135 239 688 6.17846555205992 6.28318530717959
2  2 240 689 6.17846555205992 6.28318530717959
2  99 240 691 6.17846555205992 6.28318530717959
4 C0 240 689 241 689
4 C0 240 691 242 691
2  135 241 689 6.17846555205992 6.28318530717959
2  135 242 691 6.17846555205992 6.28318530717959
2  135 129 689 6.17846555205992 6.28318530717959
2  135 243 691 6.17846555205992 6.28318530717959
2  2 244 692 6.17846555205992 6.28318530717959
2  96 244 693 6.17846555205992 6.28318530717959
2  2 245 694 6.17846555205992 6.28318530717959
2  99 245 696 6.17846555205992 6.28318530717959
4 C0 245 694 246 694
4 C0 245 696 247 696
2  135 246 694 6.17846555205992 6.28318530717959
2  135 247 696 6.17846555205992 6.28318530717959
2  135 132 694 6.17846555205992 6.28318530717959
2  135 133 696 6.17846555205992 6.28318530717959
2  2 248 697 6.17846555205992 6.28318530717959
2  99 248 699 6.17846555205992 6.28318530717959
4 C0 248 697 249 697
4 C0 248 699 250 699
2  135 249 697 6.17846555205992 6.28318530717959
2  135 250 699 6.17846555205992 6.28318530717959
2  135 135 697 6.17846555205992 6.28318530717959
2  135 136 699 6.17846555205992 6.28318530717959
2  2 251 700 6.17846555205992 6.28318530717959
2  99 251 702 6.17846555205992 6.28318530717959
4 C0 251 700 252 700
4 C0 251 702 253 702
2  135 252 700 6.17846555205992 6.28318530717959
2  135 253 702 6.17846555205992 6.28318530717959
2  135 138 700 6.17846555205992 6.28318530717959
2  135 139 702 6.17846555205992 6.28318530717959
2  2 254 703 6.17846555205992 6.28318530717959
2  99 254 705 6.17846555205992 6.28318530717959
4 C0 254 703 255 703
4 C0 254 705 256 705
2  135 255 703 6.17846555205992 6.28318530717959
2  135 256 705 6.17846555205992 6.28318530717959
2  135 141 703 6.17846555205992 6.28318530717959
2  135 142 705 6.17846555205992 6.28318530717959
2  2 257 706 6.17846555205992 6.28318530717959
2  96 257 707 6.17846555205992 6.28318530717959
2  2 258 708 6.17846555205992 6.28318530717959
2  99 258 710 6.17846555205992 6.28318530717959
4 C0 258 708 259 708
4 C0 258 710 260 710
2  135 259 708 6.17846555205992 6.28318530717959
2  135 260 710 6.17846555205992 6.28318530717959
2  135 145 708 6.17846555205992 6.28318530717959
2  135 261 710 6.17846555205992 6.28318530717959
2  2 262 711 6.17846555205992 6.28318530717959
2  99 262 713 6.17846555205992 6.28318530717959
4 C0 262 711 263 711
4 C0 262 713 264 713
2  135 263 711 6.17846555205992 6.28318530717959
2  135 264 713 6.17846555205992 6.28318530717959
2  135 147 711 6.17846555205992 6.28318530717959
2  135 265 713 6.17846555205992 6.28318530717959
2  2 266 714 6.17846555205992 6.28318530717959
2  99 266 716 6.17846555205992 6.28318530717959
4 C0 266 714 267 714
4 C0 266 716 268 716
2  135 267 714 6.17846555205992 6.28318530717959
2  135 268 716 6.17846555205992 6.28318530717959
2  135 149 714 6.17846555205992 6.28318530717959
2  135 269 716 6.17846555205992 6.28318530717959
2  2 270 717 6.17846555205992 6.28318530717959
2  99 270 718 6.17846555205992 6.28318530717959
4 C0 270 717 271 717
4 C0 270 718 272 718
2  135 271 717 6.17846555205992 6.28318530717959
2  135 272 718 6.17846555205992 6.28318530717959
2  135 151 717 6.17846555205992 6.28318530717959
2  135 156 718 6.17846555205992 6.28318530717959
2  136 273 724 6.17846555205992 6.28318530717959
2  137 274 747 6.17846555205992 6.28318530717959
2  137 274 750 6.17846555205992 6.28318530717959
2  2 275 751 6.17846555205992 6.28318530717959
2  137 274 766 6.17846555205992 6.28318530717959
2  137 274 769 6.17846555205992 6.28318530717959
2  2 276 770 6.17846555205992 6.28318530717959
2  357 299 973 6.17846555205992 6.28318530717959
0

0101000
+81 817 -43 970 *
Wi

0101100
+42 939 -41 593 -40 597 -80 597 +39 820 -74 597 +39 883 -73 597 +39 885 -72 597 
+39 887 -71 597 +39 889 -70 597 +39 891 -69 597 +39 893 -68 597 +39 895 -67 597 
+39 897 -66 597 +39 899 -65 597 +39 901 -64 597 +39 903 -63 597 +39 905 -62 597 
+39 907 -61 597 +39 909 -60 597 +39 911 -59 597 +39 913 -58 597 +39 915 -57 597 
+39 917 -56 597 +39 919 -55 597 +39 921 -54 597 +39 923 -53 597 +39 925 -52 597 
+39 927 -51 597 +39 929 -50 597 +39 931 -49 597 +39 933 -48 597 +39 935 -47 597 
+39 937 -46 597 -38 597 +41 593 *
Fa
0  1e-07 270 593

0111000
+37 0 *
Ed
 1e-07 1 1 0
1  66 0 0 0.7
2  358 299 0 0 0.7
2  6 292 0 0 0.7
2  359 277 1425 0 0.7
2  360 277 1426 0 0.7
2  361 277 1427 0 0.7
2  362 277 1428 0 0.7
2  363 277 1429 0 0.7
2  364 277 1430 0 0.7
2  365 277 1431 0 0.7
2  366 277 1432 0 0.7
2  367 277 1433 0 0.7
2  368 277 1434 0 0.7
2  369 277 1435 0 0.7
2  370 277 1436 0 0.7
2  371 277 1437 0 0.7
2  372 277 1438 0 0.7
2  373 277 1439 0 0.7
2  374 277 1440 0 0.7
2  375 277 1441 0 0.7
2  376 277 1442 0 0.7
2  377 277 1443 0 0.7
2  378 277 1444 0 0.7
2  379 277 1445 0 0.7
2  380 277 1446 0 0.7
2  381 277 1447 0 0.7
2  382 277 1448 0 0.7
2  383 277 1449 0 0.7
2  384 277 1450 0 0.7
2  385 277 1451 0 0.7
2  386 277 1452 0 0.7
2  387 277 1453 0 0.7
2  388 277 1454 0 0.7
2  359 278 1455 0 0.7
2  360 278 1456 0 0.7
2  361 278 1457 0 0.7
2  362 278 1458 0 0.7
2  363 278 1459 0 0.7
2  364 278 1460 0 0.7
2  365 278 1461 0 0.7
2  366 278 1462 0 0.7
2  367 278 1463 0 0.7
2  368 278 1464 0 0.7
2  369 278 1465 0 0.7
2  370 278 1466 0 0.7
2  371 278 1467 0 0.7
2  372 278 1468 0 0.7
2  373 278 1469 0 0.7
2  374 278 1470 0 0.7
2  375 278 1471 0 0.7
2  376 278 1472 0 0.7
2  377 278 1473 0 0.7
2  378 278 1474 0 0.7
2  379 278 1475 0 0.7
2  380 278 1476 0 0.7
2  381 278 1477 0 0.7
2  382 278 1478 0 0.7
2  383 278 1479 0 0.7
2  384 278 1480 0 0.7
2  385 278 1481 0 0.7
2  386 278 1482 0 0.7
2  387 278 1483 0 0.7
2  388 278 1484 0 0.7
2  359 279 1485 0 0.7
2  360 279 1486 0 0.7
2  361 279 1487 0 0.7
2  362 279 1488 0 0.7
2  363 279 1489 0 0.7
2  364 279 1490 0 0.7
2  365 279 1491 0 0.7
2  366 279 1492 0 0.7
2  367 279 1493 0 0.7
2  368 279 1494 0 0.7
2  369 279 1495 0 0.7
2  370 279 1496 0 0.7
2  371 279 1497 0 0.7
2  372 279 1498 0 0.7
2  373 279 1499 0 0.7
2  374 279 1500 0 0.7
2  375 279 1501 0 0.7
2  376 279 1502 0 0.7
2  377 279 1503 0 0.7
2  378 279 1504 0 0.7
2  379 279 1505 0 0.7
2  380 279 1506 0 0.7
2  381 279 1507 0 0.7
2  382 279 1508 0 0.7
2  383 279 1509 0 0.7
2  384 279 1510 0 0.7
2  385 279 1511 0 0.7
2  386 279 1512 0 0.7
2  387 279 1513 0 0.7
2  388 279 1514 0 0.7
2  359 280 1515 0 0.7
2  360 280 1516 0 0.7
2  361 280 1517 0 0.7
2  362 280 1518 0 0.7
2  363 280 1519 0 0.7
2  364 280 1520 0 0.7
2  365 280 1521 0 0.7
2  366 280 1522 0 0.7
2  367 280 1523 0 0.7
2  368 280 1524 0 0.7
2  369 280 1525 0 0.7
2  370 280 1526 0 0.7
2  371 280 1527 0 0.7
2  372 280 1528 0 0.7
2  373 280 1529 0 0.7
2  374 280 1530 0 0.7
2  375 280 1531 0 0.7
2  376 280 1532 0 0.7
2  377 280 1533 0 0.7
2  378 280 1534 0 0.7
2  379 280 1535 0 0.7
2  380 280 1536 0 0.7
2  381 280 1537 0 0.7
2  382 280 1538 0 0.7
2  383 280 1539 0 0.7
2  384 280 1540 0 0.7
2  385 280 1541 0 0.7
2  386 280 1542 0 0.7
2  387 280 1543 0 0.7
2  388 280 1544 0 0.7
2  359 281 1545 0 0.7
2  360 281 1546 0 0.7
2  361 281 1547 0 0.7
2  362 281 1548 0 0.7
2  363 281 1549 0 0.7
2  364 281 1550 0 0.7
2  365 281 1551 0 0.7
2  366 281 1552 0 0.7
2  367 281 1553 0 0.7
2  368 281 1554 0 0.7
2  369 281 1555 0 0.7
2  370 281 1556 0 0.7
2  371 281 1557 0 0.7
2  372 281 1558 0 0.7
2  373 281 1559 0 0.7
2  374 281 1560 0 0.7
2  375 281 1561 0 0.7
2  376 281 1562 0 0.7
2  377 281 1563 0 0.7
2  378 281 1564 0 0.7
2  379 281 1565 0 0.7
2  380 281 1566 0 0.7
2  381 281 1567 0 0.7
2  382 281 1568 0 0.7
2  383 281 1569 0 0.7
2  384 281 1570 0 0.7
2  385 281 1571 0 0.7
2  386 281 1572 0 0.7
2  387 281 1573 0 0.7
2  388 281 1574 0 0.7
2  359 282 1575 0 0.7
2  360 282 1576 0 0.7
2  361 282 1577 0 0.7
2  362 282 1578 0 0.7
2  363 282 1579 0 0.7
2  364 282 1580 0 0.7
2  365 282 1581 0 0.7
2  366 282 1582 0 0.7
2  367 282 1583 0 0.7
2  368 282 1584 0 0.7
2  369 282 1585 0 0.7
2  370 282 1586 0 0.7
2  371 282 1587 0 0.7
2  372 282 1588 0 0.7
2  373 282 1589 0 0.7
2  374 282 1590 0 0.7
2  375 282 1591 0 0.7
2  376 282 1592 0 0.7
2  377 282 1593 0 0.7
2  378 282 1594 0 0.7
2  379 282 1595 0 0.7
2  380 282 1596 0 0.7
2  381 282 1597 0 0.7
2  382 282 1598 0 0.7
2  383 282 1599 0 0.7
2  384 282 1600 0 0.7
2  385 282 1601 0 0.7
2  386 282 1602 0 0.7
2  387 282 1603 0 0.7
2  388 282 1604 0 0.7
2  359 283 1605 0 0.7
2  360 283 1606 0 0.7
2  361 283 1607 0 0.7
2  362 283 1608 0 0.7
2  363 283 1609 0 0.7
2  364 283 1610 0 0.7
2  365 283 1611 0 0.7
2  366 283 1612 0 0.7
2  367 283 1613 0 0.7
2  368 283 1614 0 0.7
2  369 283 1615 0 0.7
2  370 283 1616 0 0.7
2  371 283 1617 0 0.7
2  372 283 1618 0 0.7
2  373 283 1619 0 0.7
2  374 283 1620 0 0.7
2  375 283 1621 0 0.7
2  376 283 1622 0 0.7
2  377 283 1623 0 0.7
2  378 283 1624 0 0.7
2  379 283 1625 0 0.7
2  380 283 1626 0 0.7
2  381 283 1627 0 0.7
2  382 283 1628 0 0.7
2  383 283 1629 0 0.7
2  384 283 1630 0 0.7
2  385 283 1631 0 0.7
2  386 283 1632 0 0.7
2  387 283 1633 0 0.7
2  388 283 1634 0 0.7
2  359 284 1635 0 0.7
2  360 284 1636 0 0.7
2  361 284 1637 0 0.7
2  362 284 1638 0 0.7
2  363 284 1639 0 0.7
2  364 284 1640 0 0.7
2  365 284 1641 0 0.7
2  366 284 1642 0 0.7
2  367 284 1643 0 0.7
2  368 284 1644 0 0.7
2  369 284 1645 0 0.7
2  370 284 1646 0 0.7
2  371 284 1647 0 0.7
2  372 284 1648 0 0.7
2  373 284 1649 0 0.7
2  374 284 1650 0 0.7
2  375 284 1651 0 0.7
2  376 284 1652 0 0.7
2  377 284 1653 0 0.7
2  378 284 1654 0 0.7
2  379 284 1655 0 0.7
2  380 284 1656 0 0.7
2  381 284 1657 0 0.7
2  382 284 1658 0 0.7
2  383 284 1659 0 0.7
2  384 284 1660 0 0.7
2  385 284 1661 0 0.7
2  386 284 1662 0 0.7
2  387 284 1663 0 0.7
2  388 284 1664 0 0.7
2  359 285 1665 0 0.7
2  360 285 1666 0 0.7
2  361 285 1667 0 0.7
2  362 285 1668 0 0.7
2  363 285 1669 0 0.7
2  364 285 1670 0 0.7
2  365 285 1671 0 0.7
2  366 285 1672 0 0.7
2  367 285 1673 0 0.7
2  368 285 1674 0 0.7
2  369 285 1675 0 0.7
2  370 285 1676 0 0.7
2  371 285 1677 0 0.7
2  372 285 1678 0 0.7
2  373 285 1679 0 0.7
2  374 285 1680 0 0.7
2  375 285 1681 0 0.7
2  376 285 1682 0 0.7
2  377 285 1683 0 0.7
2  378 285 1684 0 0.7
2  379 285 1685 0 0.7
2  380 285 1686 0 0.7
2  381 285 1687 0 0.7
2  382 285 1688 0 0.7
2  383 285 1689 0 0.7
2  384 285 1690 0 0.7
2  385 285 1691 0 0.7
2  386 285 1692 0 0.7
2  387 285 1693 0 0.7
2  388 285 1694 0 0.7
2  389 286 1695 0 0.7
2  390 286 1696 0 0.7
2  391 286 1697 0 0.7
2  392 286 1698 0 0.7
2  393 286 1699 0 0.7
2  364 286 1700 0 0.7
2  394 286 1701 0 0.7
2  366 286 1702 0 0.7
2  395 286 1703 0 0.7
2  396 286 1704 0 0.7
2  397 286 1705 0 0.7
2  398 286 1706 0 0.7
2  399 286 1707 0 0.7
2  400 286 1708 0 0.7
2  401 286 1709 0 0.7
2  402 286 1710 0 0.7
2  403 286 1711 0 0.7
2  404 286 1712 0 0.7
2  405 286 1713 0 0.7
2  406 286 1714 0 0.7
2  407 286 1715 0 0.7
2  408 286 1716 0 0.7
2  381 286 1717 0 0.7
2  409 286 1718 0 0.7
2  410 286 1719 0 0.7
2  411 286 1720 0 0.7
2  412 286 1721 0 0.7
2  413 286 1722 0 0.7
2  414 286 1723 0 0.7
2  415 286 1724 0 0.7
2  389 287 1725 0 0.7
2  390 287 1726 0 0.7
2  391 287 1727 0 0.7
2  392 287 1728 0 0.7
2  393 287 1729 0 0.7
2  364 287 1730 0 0.7
2  394 287 1731 0 0.7
2  366 287 1732 0 0.7
2  395 287 1733 0 0.7
2  396 287 1734 0 0.7
2  397 287 1735 0 0.7
2  398 287 1736 0 0.7
2  399 287 1737 0 0.7
2  400 287 1738 0 0.7
2  401 287 1739 0 0.7
2  402 287 1740 0 0.7
2  403 287 1741 0 0.7
2  404 287 1742 0 0.7
2  405 287 1743 0 0.7
2  406 287 1744 0 0.7
2  407 287 1745 0 0.7
2  408 287 1746 0 0.7
2  381 287 1747 0 0.7
2  409 287 1748 0 0.7
2  410 287 1749 0 0.7
2  411 287 1750 0 0.7
2  412 287 1751 0 0.7
2  413 287 1752 0 0.7
2  414 287 1753 0 0.7
2  415 287 1754 0 0.7
2  389 288 1755 0 0.7
2  390 288 1756 0 0.7
2  391 288 1757 0 0.7
2  392 288 1758 0 0.7
2  393 288 1759 0 0.7
2  364 288 1760 0 0.7
2  394 288 1761 0 0.7
2  366 288 1762 0 0.7
2  395 288 1763 0 0.7
2  396 288 1764 0 0.7
2  397 288 1765 0 0.7
2  398 288 1766 0 0.7
2  399 288 1767 0 0.7
2  400 288 1768 0 0.7
2  401 288 1769 0 0.7
2  402 288 1770 0 0.7
2  403 288 1771 0 0.7
2  404 288 1772 0 0.7
2  405 288 1773 0 0.7
2  406 288 1774 0 0.7
2  407 288 1775 0 0.7
2  408 288 1776 0 0.7
2  381 288 1777 0 0.7
2  409 288 1778 0 0.7
2  410 288 1779 0 0.7
2  411 288 1780 0 0.7
2  412 288 1781 0 0.7
2  413 288 1782 0 0.7
2  414 288 1783 0 0.7
2  415 288 1784 0 0.7
2  389 289 1785 0 0.7
2  390 289 1786 0 0.7
2  391 289 1787 0 0.7
2  392 289 1788 0 0.7
2  393 289 1789 0 0.7
2  364 289 1790 0 0.7
2  394 289 1791 0 0.7
2  366 289 1792 0 0.7
2  395 289 1793 0 0.7
2  396 289 1794 0 0.7
2  397 289 1795 0 0.7
2  398 289 1796 0 0.7
2  399 289 1797 0 0.7
2  400 289 1798 0 0.7
2  401 289 1799 0 0.7
2  402 289 1800 0 0.7
2  403 289 1801 0 0.7
2  404 289 1802 0 0.7
2  405 289 1803 0 0.7
2  406 289 1804 0 0.7
2  407 289 1805 0 0.7
2  408 289 1806 0 0.7
2  381 289 1807 0 0.7
2  409 289 1808 0 0.7
2  410 289 1809 0 0.7
2  411 289 1810 0 0.7
2  412 289 1811 0 0.7
2  413 289 1812 0 0.7
2  414 289 1813 0 0.7
2  415 289 1814 0 0.7
2  389 290 1815 0 0.7
2  390 290 1816 0 0.7
2  391 290 1817 0 0.7
2  392 290 1818 0 0.7
2  393 290 1819 0 0.7
2  364 290 1820 0 0.7
2  394 290 1821 0 0.7
2  366 290 1822 0 0.7
2  395 290 1823 0 0.7
2  396 290 1824 0 0.7
2  397 290 1825 0 0.7
2  398 290 1826 0 0.7
2  399 290 1827 0 0.7
2  400 290 1828 0 0.7
2  401 290 1829 0 0.7
2  402 290 1830 0 0.7
2  403 290 1831 0 0.7
2  404 290 1832 0 0.7
2  405 290 1833 0 0.7
2  406 290 1834 0 0.7
2  407 290 1835 0 0.7
2  408 290 1836 0 0.7
2  381 290 1837 0 0.7
2  409 290 1838 0 0.7
2  410 290 1839 0 0.7
2  411 290 1840 0 0.7
2  412 290 1841 0 0.7
2  413 290 1842 0 0.7
2  414 290 1843 0 0.7
2  415 290 1844 0 0.7
2  389 291 1845 0 0.7
2  390 291 1846 0 0.7
2  391 291 1847 0 0.7
2  392 291 1848 0 0.7
2  393 291 1849 0 0.7
2  364 291 1850 0 0.7
2  394 291 1851 0 0.7
2  366 291 1852 0 0.7
2  395 291 1853 0 0.7
2  396 291 1854 0 0.7
2  397 291 1855 0 0.7
2  398 291 1856 0 0.7
2  399 291 1857 0 0.7
2  400 291 1858 0 0.7
2  401 291 1859 0 0.7
2  402 291 1860 0 0.7
2  403 291 1861 0 0.7
2  404 291 1862 0 0.7
2  405 291 1863 0 0.7
2  406 291 1864 0 0.7
2  407 291 1865 0 0.7
2  408 291 1866 0 0.7
2  381 291 1867 0 0.7
2  409 291 1868 0 0.7
2  410 291 1869 0 0.7
2  411 291 1870 0 0.7
2  412 291 1871 0 0.7
2  413 291 1872 0 0.7
2  414 291 1873 0 0.7
2  415 291 1874 0 0.7
0

0101000
+81 1875 -81 1876 *
Ed
 1.00000002e-07 1 1 0
1  67 0 0 0.7
2  416 294 0 0 0.7
2  417 292 0 0 0.7
0

0101000
+79 1875 -79 1876 *
Wi

0101100
+35 0 -34 0 -78 1875 +78 1876 *
Fa
0  1e-07 292 0

0111000
+33 0 *
Ed
 1e-07 1 1 0
1  68 0 0 0.7
2  418 294 0 0 0.7
2  419 295 0 0 0.7
0

0101000
+77 1875 -77 1876 *
Wi

0101100
+31 0 -34 0 -76 1875 +76 1876 *
Fa
0  1e-07 294 0

0111000
+30 0 *
Ed
 1.00000004e-07 1 1 0
1  69 0 0 0.7
2  420 299 0 0 0.7
2  6 295 0 0 0.7
2  421 277 1425 0 0.7
2  422 277 1427 0 0.7
2  423 277 1428 0 0.7
2  424 277 1429 0 0.7
2  425 277 1430 0 0.7
2  426 277 1431 0 0.7
2  427 277 1432 0 0.7
2  428 277 1433 0 0.7
2  429 277 1434 0 0.7
2  430 277 1435 0 0.7
2  431 277 1436 0 0.7
2  432 277 1437 0 0.7
2  433 277 1438 0 0.7
2  434 277 1439 0 0.7
2  435 277 1440 0 0.7
2  436 277 1441 0 0.7
2  437 277 1442 0 0.7
2  438 277 1443 0 0.7
2  439 277 1444 0 0.7
2  440 277 1445 0 0.7
2  441 277 1446 0 0.7
2  442 277 1447 0 0.7
2  443 277 1448 0 0.7
2  444 277 1449 0 0.7
2  445 277 1450 0 0.7
2  446 277 1451 0 0.7
2  447 277 1452 0 0.7
2  448 277 1453 0 0.7
2  449 277 1454 0 0.7
2  450 277 1426 0 0.7
2  421 278 1455 0 0.7
2  422 278 1457 0 0.7
2  423 278 1458 0 0.7
2  424 278 1459 0 0.7
2  425 278 1460 0 0.7
2  426 278 1461 0 0.7
2  427 278 1462 0 0.7
2  428 278 1463 0 0.7
2  429 278 1464 0 0.7
2  430 278 1465 0 0.7
2  431 278 1466 0 0.7
2  432 278 1467 0 0.7
2  433 278 1468 0 0.7
2  434 278 1469 0 0.7
2  435 278 1470 0 0.7
2  436 278 1471 0 0.7
2  437 278 1472 0 0.7
2  438 278 1473 0 0.7
2  439 278 1474 0 0.7
2  440 278 1475 0 0.7
2  441 278 1476 0 0.7
2  442 278 1477 0 0.7
2  443 278 1478 0 0.7
2  444 278 1479 0 0.7
2  445 278 1480 0 0.7
2  446 278 1481 0 0.7
2  447 278 1482 0 0.7
2  448 278 1483 0 0.7
2  449 278 1484 0 0.7
2  450 278 1456 0 0.7
2  421 279 1485 0 0.7
2  422 279 1487 0 0.7
2  423 279 1488 0 0.7
2  424 279 1489 0 0.7
2  425 279 1490 0 0.7
2  426 279 1491 0 0.7
2  427 279 1492 0 0.7
2  428 279 1493 0 0.7
2  429 279 1494 0 0.7
2  430 279 1495 0 0.7
2  431 279 1496 0 0.7
2  432 279 1497 0 0.7
2  433 279 1498 0 0.7
2  434 279 1499 0 0.7
2  435 279 1500 0 0.7
2  436 279 1501 0 0.7
2  437 279 1502 0 0.7
2  438 279 1503 0 0.7
2  439 279 1504 0 0.7
2  440 279 1505 0 0.7
2  441 279 1506 0 0.7
2  442 279 1507 0 0.7
2  443 279 1508 0 0.7
2  444 279 1509 0 0.7
2  445 279 1510 0 0.7
2  446 279 1511 0 0.7
2  447 279 1512 0 0.7
2  448 279 1513 0 0.7
2  449 279 1514 0 0.7
2  450 279 1486 0 0.7
2  421 280 1515 0 0.7
2  422 280 1517 0 0.7
2  423 280 1518 0 0.7
2  424 280 1519 0 0.7
2  425 280 1520 0 0.7
2  426 280 1521 0 0.7
2  427 280 1522 0 0.7
2  428 280 1523 0 0.7
2  429 280 1524 0 0.7
2  430 280 1525 0 0.7
2  431 280 1526 0 0.7
2  432 280 1527 0 0.7
2  433 280 1528 0 0.7
2  434 280 1529 0 0.7
2  435 280 1530 0 0.7
2  436 280 1531 0 0.7
2  437 280 1532 0 0.7
2  438 280 1533 0 0.7
2  439 280 1534 0 0.7
2  440 280 1535 0 0.7
2  441 280 1536 0 0.7
2  442 280 1537 0 0.7
2  443 280 1538 0 0.7
2  444 280 1539 0 0.7
2  445 280 1540 0 0.7
2  446 280 1541 0 0.7
2  447 280 1542 0 0.7
2  448 280 1543 0 0.7
2  449 280 1544 0 0.7
2  450 280 1516 0 0.7
2  421 281 1545 0 0.7
2  422 281 1547 0 0.7
2  423 281 1548 0 0.7
2  424 281 1549 0 0.7
2  425 281 1550 0 0.7
2  426 281 1551 0 0.7
2  427 281 1552 0 0.7
2  428 281 1553 0 0.7
2  429 281 1554 0 0.7
2  430 281 1555 0 0.7
2  431 281 1556 0 0.7
2  432 281 1557 0 0.7
2  433 281 1558 0 0.7
2  434 281 1559 0 0.7
2  435 281 1560 0 0.7
2  436 281 1561 0 0.7
2  437 281 1562 0 0.7
2  438 281 1563 0 0.7
2  439 281 1564 0 0.7
2  440 281 1565 0 0.7
2  441 281 1566 0 0.7
2  442 281 1567 0 0.7
2  443 281 1568 0 0.7
2  444 281 1569 0 0.7
2  445 281 1570 0 0.7
2  446 281 1571 0 0.7
2  447 281 1572 0 0.7
2  448 281 1573 0 0.7
2  449 281 1574 0 0.7
2  450 281 1546 0 0.7
2  421 282 1575 0 0.7
2  422 282 1577 0 0.7
2  423 282 1578 0 0.7
2  424 282 1579 0 0.7
2  425 282 1580 0 0.7
2  426 282 1581 0 0.7
2  427 282 1582 0 0.7
2  428 282 1583 0 0.7
2  429 282 1584 0 0.7
2  430 282 1585 0 0.7
2  431 282 1586 0 0.7
2  432 282 1587 0 0.7
2  433 282 1588 0 0.7
2  434 282 1589 0 0.7
2  435 282 1590 0 0.7
2  436 282 1591 0 0.7
2  437 282 1592 0 0.7
2  438 282 1593 0 0.7
2  439 282 1594 0 0.7
2  440 282 1595 0 0.7
2  441 282 1596 0 0.7
2  442 282 1597 0 0.7
2  443 282 1598 0 0.7
2  444 282 1599 0 0.7
2  445 282 1600 0 0.7
2  446 282 1601 0 0.7
2  447 282 1602 0 0.7
2  448 282 1603 0 0.7
2  449 282 1604 0 0.7
2  450 282 1576 0 0.7
2  421 283 1605 0 0.7
2  422 283 1607 0 0.7
2  423 283 1608 0 0.7
2  424 283 1609 0 0.7
2  425 283 1610 0 0.7
2  426 283 1611 0 0.7
2  427 283 1612 0 0.7
2  428 283 1613 0 0.7
2  429 283 1614 0 0.7
2  430 283 1615 0 0.7
2  431 283 1616 0 0.7
2  432 283 1617 0 0.7
2  433 283 1618 0 0.7
2  434 283 1619 0 0.7
2  435 283 1620 0 0.7
2  436 283 1621 0 0.7
2  437 283 1622 0 0.7
2  438 283 1623 0 0.7
2  439 283 1624 0 0.7
2  440 283 1625 0 0.7
2  441 283 1626 0 0.7
2  442 283 1627 0 0.7
2  443 283 1628 0 0.7
2  444 283 1629 0 0.7
2  445 283 1630 0 0.7
2  446 283 1631 0 0.7
2  447 283 1632 0 0.7
2  448 283 1633 0 0.7
2  449 283 1634 0 0.7
2  450 283 1606 0 0.7
2  421 284 1635 0 0.7
2  422 284 1637 0 0.7
2  423 284 1638 0 0.7
2  424 284 1639 0 0.7
2  425 284 1640 0 0.7
2  426 284 1641 0 0.7
2  427 284 1642 0 0.7
2  428 284 1643 0 0.7
2  429 284 1644 0 0.7
2  430 284 1645 0 0.7
2  431 284 1646 0 0.7
2  432 284 1647 0 0.7
2  433 284 1648 0 0.7
2  434 284 1649 0 0.7
2  435 284 1650 0 0.7
2  436 284 1651 0 0.7
2  437 284 1652 0 0.7
2  438 284 1653 0 0.7
2  439 284 1654 0 0.7
2  440 284 1655 0 0.7
2  441 284 1656 0 0.7
2  442 284 1657 0 0.7
2  443 284 1658 0 0.7
2  444 284 1659 0 0.7
2  445 284 1660 0 0.7
2  446 284 1661 0 0.7
2  447 284 1662 0 0.7
2  448 284 1663 0 0.7
2  449 284 1664 0 0.7
2  450 284 1636 0 0.7
2  421 285 1665 0 0.7
2  422 285 1667 0 0.7
2  423 285 1668 0 0.7
2  424 285 1669 0 0.7
2  425 285 1670 0 0.7
2  426 285 1671 0 0.7
2  427 285 1672 0 0.7
2  428 285 1673 0 0.7
2  429 285 1674 0 0.7
2  430 285 1675 0 0.7
2  431 285 1676 0 0.7
2  432 285 1677 0 0.7
2  433 285 1678 0 0.7
2  434 285 1679 0 0.7
2  435 285 1680 0 0.7
2  436 285 1681 0 0.7
2  437 285 1682 0 0.7
2  438 285 1683 0 0.7
2  439 285 1684 0 0.7
2  440 285 1685 0 0.7
2  441 285 1686 0 0.7
2  442 285 1687 0 0.7
2  443 285 1688 0 0.7
2  444 285 1689 0 0.7
2  445 285 1690 0 0.7
2  446 285 1691 0 0.7
2  447 285 1692 0 0.7
2  448 285 1693 0 0.7
2  449 285 1694 0 0.7
2  450 285 1666 0 0.7
2  451 286 1695 0 0.7
2  452 286 1697 0 0.7
2  453 286 1698 0 0.7
2  454 286 1699 0 0.7
2  455 286 1700 0 0.7
2  456 286 1701 0 0.7
2  427 286 1702 0 0.7
2  457 286 1703 0 0.7
2  458 286 1704 0 0.7
2  459 286 1705 0 0.7
2  460 286 1706 0 0.7
2  461 286 1707 0 0.7
2  462 286 1708 0 0.7
2  463 286 1709 0 0.7
2  464 286 1710 0 0.7
2  465 286 1711 0 0.7
2  466 286 1712 0 0.7
2  467 286 1713 0 0.7
2  468 286 1714 0 0.7
2  469 286 1715 0 0.7
2  470 286 1716 0 0.7
2  442 286 1717 0 0.7
2  471 286 1718 0 0.7
2  472 286 1719 0 0.7
2  473 286 1720 0 0.7
2  474 286 1721 0 0.7
2  475 286 1722 0 0.7
2  476 286 1723 0 0.7
2  477 286 1724 0 0.7
2  478 286 1696 0 0.7
2  451 287 1725 0 0.7
2  452 287 1727 0 0.7
2  453 287 1728 0 0.7
2  454 287 1729 0 0.7
2  455 287 1730 0 0.7
2  456 287 1731 0 0.7
2  427 287 1732 0 0.7
2  457 287 1733 0 0.7
2  458 287 1734 0 0.7
2  459 287 1735 0 0.7
2  460 287 1736 0 0.7
2  461 287 1737 0 0.7
2  462 287 1738 0 0.7
2  463 287 1739 0 0.7
2  464 287 1740 0 0.7
2  465 287 1741 0 0.7
2  466 287 1742 0 0.7
2  467 287 1743 0 0.7
2  468 287 1744 0 0.7
2  469 287 1745 0 0.7
2  470 287 1746 0 0.7
2  442 287 1747 0 0.7
2  471 287 1748 0 0.7
2  472 287 1749 0 0.7
2  473 287 1750 0 0.7
2  474 287 1751 0 0.7
2  475 287 1752 0 0.7
2  476 287 1753 0 0.7
2  477 287 1754 0 0.7
2  478 287 1726 0 0.7
2  451 288 1755 0 0.7
2  452 288 1757 0 0.7
2  453 288 1758 0 0.7
2  454 288 1759 0 0.7
2  455 288 1760 0 0.7
2  456 288 1761 0 0.7
2  427 288 1762 0 0.7
2  457 288 1763 0 0.7
2  458 288 1764 0 0.7
2  459 288 1765 0 0.7
2  460 288 1766 0 0.7
2  461 288 1767 0 0.7
2  462 288 1768 0 0.7
2  463 288 1769 0 0.7
2  464 288 1770 0 0.7
2  465 288 1771 0 0.7
2  466 288 1772 0 0.7
2  467 288 1773 0 0.7
2  468 288 1774 0 0.7
2  469 288 1775 0 0.7
2  470 288 1776 0 0.7
2  442 288 1777 0 0.7
2  471 288 1778 0 0.7
2  472 288 1779 0 0.7
2  473 288 1780 0 0.7
2  474 288 1781 0 0.7
2  475 288 1782 0 0.7
2  476 288 1783 0 0.7
2  477 288 1784 0 0.7
2  478 288 1756 0 0.7
2  451 289 1785 0 0.7
2  452 289 1787 0 0.7
2  453 289 1788 0 0.7
2  454 289 1789 0 0.7
2  455 289 1790 0 0.7
2  456 289 1791 0 0.7
2  427 289 1792 0 0.7
2  457 289 1793 0 0.7
2  458 289 1794 0 0.7
2  459 289 1795 0 0.7
2  460 289 1796 0 0.7
2  461 289 1797 0 0.7
2  462 289 1798 0 0.7
2  463 289 1799 0 0.7
2  464 289 1800 0 0.7
2  465 289 1801 0 0.7
2  466 289 1802 0 0.7
2  467 289 1803 0 0.7
2  468 289 1804 0 0.7
2  469 289 1805 0 0.7
2  470 289 1806 0 0.7
2  442 289 1807 0 0.7
2  471 289 1808 0 0.7
2  472 289 1809 0 0.7
2  473 289 1810 0 0.7
2  474 289 1811 0 0.7
2  475 289 1812 0 0.7
2  476 289 1813 0 0.7
2  477 289 1814 0 0.7
2  478 289 1786 0 0.7
2  451 290 1815 0 0.7
2  452 290 1817 0 0.7
2  453 290 1818 0 0.7
2  454 290 1819 0 0.7
2  455 290 1820 0 0.7
2  456 290 1821 0 0.7
2  427 290 1822 0 0.7
2  457 290 1823 0 0.7
2  458 290 1824 0 0.7
2  459 290 1825 0 0.7
2  460 290 1826 0 0.7
2  461 290 1827 0 0.7
2  462 290 1828 0 0.7
2  463 290 1829 0 0.7
2  464 290 1830 0 0.7
2  465 290 1831 0 0.7
2  466 290 1832 0 0.7
2  467 290 1833 0 0.7
2  468 290 1834 0 0.7
2  469 290 1835 0 0.7
2  470 290 1836 0 0.7
2  442 290 1837 0 0.7
2  471 290 1838 0 0.7
2  472 290 1839 0 0.7
2  473 290 1840 0 0.7
2  474 290 1841 0 0.7
2  475 290 1842 0 0.7
2  476 290 1843 0 0.7
2  477 290 1844 0 0.7
2  478 290 1816 0 0.7
2  451 291 1845 0 0.7
2  452 291 1847 0 0.7
2  453 291 1848 0 0.7
2  454 291 1849 0 0.7
2  455 291 1850 0 0.7
2  456 291 1851 0 0.7
2  427 291 1852 0 0.7
2  457 291 1853 0 0.7
2  458 291 1854 0 0.7
2  459 291 1855 0 0.7
2  460 291 1856 0 0.7
2  461 291 1857 0 0.7
2  462 291 1858 0 0.7
2  463 291 1859 0 0.7
2  464 291 1860 0 0.7
2  465 291 1861 0 0.7
2  466 291 1862 0 0.7
2  467 291 1863 0 0.7
2  468 291 1864 0 0.7
2  469 291 1865 0 0.7
2  470 291 1866 0 0.7
2  442 291 1867 0 0.7
2  471 291 1868 0 0.7
2  472 291 1869 0 0.7
2  473 291 1870 0 0.7
2  474 291 1871 0 0.7
2  475 291 1872 0 0.7
2  476 291 1873 0 0.7
2  477 291 1874 0 0.7
2  478 291 1846 0 0.7
0

0101000
+82 1875 -82 1876 *
Wi

0101100
+28 0 -31 0 -75 1875 +75 1876 *
Fa
0  1e-07 295 0

0111000
+27 0 *
Wi

0101100
+42 1908 *
Ve
1.00000001e-07
-7e-15 22 52.9
0 0

0101101
*
Ed
 1e-07 1 1 0
1  70 0 0 6.28318530717959
2  479 24 1907 0 6.28318530717959
2  480 300 1909 0 6.28318530717959
2  481 301 1910 0 6.28318530717959
2  481 302 1911 0 6.28318530717959
0

0101000
+24 0 -24 0 *
Wi

0101100
+23 0 *
Fa
0  1e-07 24 1907

0111000
+25 0 +22 0 *
Wi

0101100
+28 1912 -35 1912 +40 597 +38 597 +39 1913 *
Fa
0  1e-07 299 1912

0111000
+20 0 *
Wi

0101100
+28 0 -35 0 -39 1875 +39 1876 *
Fa
0  1e-07 299 0

0111000
+18 0 *
Wi

0101100
+39 0 +78 0 -76 0 -75 0 *
Fa
0  1e-07 293 0

0111000
+16 1915 *
Ve
1e-07
-3.4 0 -3.3
0 0

0101101
*
Ed
 1e-07 1 1 0
1  71 0 0 5.10000000000001
3  482 483CN 300 0 0 5.10000000000001
0

0101000
+14 0 -24 1945 *
Ed
 1e-07 1 1 0
1  72 0 0 6.28318530717959
2  484 303 0 0 6.28318530717959
2  2 300 0 0 6.28318530717959
0

0101000
+14 0 -14 0 *
Wi

0101100
-13 1909 +23 0 +13 1909 +12 1909 *
Fa
0  1e-07 300 1909

0111000
+11 0 *
Ve
1.00000011e-07
0 0 -6.7
0 0

0101101
*
Ed
 1.00000011e-07 1 1 0
1  73 0 0 6.28318530717959
2  485 304 0 0 6.28318530717959
2  2 303 0 0 6.28318530717959
2  486 24 1947 0 6.28318530717959
2  487 38 1948 0 6.28318530717959
2  487 39 1948 0 6.28318530717959
2  487 40 1948 0 6.28318530717959
2  487 41 1948 0 6.28318530717959
2  488 42 1948 0 6.28318530717959
2  489 43 1948 0 6.28318530717959
2  489 44 1948 0 6.28318530717959
2  489 45 1948 0 6.28318530717959
2  490 46 1948 0 6.28318530717959
2  489 47 1948 0 6.28318530717959
2  489 2 1948 0 6.28318530717959
0

0101000
+9 0 -9 0 *
Ed
 1e-07 1 1 0
1  74 0 0 4.80832611206852
3  482 483CN 303 0 0 4.80832611206852
0

0101000
+9 0 -14 0 *
Wi

0101100
+8 0 -12 0 -7 0 +7 0 *
Fa
0  1e-07 303 0

0111000
+6 0 *
Wi

0101100
+8 1949 *
Fa
0  1e-07 2 89

0111000
+4 0 *
Sh

0101100
+218 0 -208 8 +205 8 +194 0 +189 0 +183 0 +180 24 +175 24 +169 24 -166 310 
-163 310 -160 310 -157 310 -154 310 -151 310 -145 0 -142 0 +139 0 +136 8 +134 8 
-129 337 -124 0 +119 0 -116 0 -111 0 +104 541 -99 24 +94 569 -89 337 -86 24 
-84 24 -44 592 +36 592 +32 1424 -29 1424 -26 1424 +32 1877 -29 1877 -26 1877 +32 1878 
-29 1878 -26 1878 +32 1879 -29 1879 -26 1879 +32 1880 -29 1880 -26 1880 +32 1881 -29 1881 
-26 1881 +32 1882 -29 1882 -26 1882 +32 1883 -29 1883 -26 1883 +32 1884 -29 1884 -26 1884 
+32 1885 -29 1885 -26 1885 +32 1886 -29 1886 -26 1886 +32 1887 -29 1887 -26 1887 +32 1888 
-29 1888 -26 1888 +32 1889 -29 1889 -26 1889 +32 1890 -29 1890 -26 1890 +32 1891 -29 1891 
-26 1891 +32 1892 -29 1892 -26 1892 +32 1893 -29 1893 -26 1893 +32 1894 -29 1894 -26 1894 
+32 1895 -29 1895 -26 1895 +32 1896 -29 1896 -26 1896 +32 1897 -29 1897 -26 1897 +32 1898 
-29 1898 -26 1898 +32 1899 -29 1899 -26 1899 +32 1900 -29 1900 -26 1900 +32 1901 -29 1901 
-26 1901 +32 1902 -29 1902 -26 1902 +32 1903 -29 1903 -26 1903 +32 1904 -29 1904 -26 1904 
+32 1905 -29 1905 -26 1905 -21 1906 +19 592 +17 1424 +17 1877 +17 1878 +17 1879 +17 1880 
+17 1881 +17 1882 +17 1883 +17 1884 +17 1885 +17 1886 +17 1887 +17 1888 +17 1889 +17 1890 
+17 1891 +17 1892 +17 1893 +17 1894 +17 1895 +17 1896 +17 1897 +17 1898 +17 1899 +17 1900 
+17 1901 +17 1902 +17 1903 +17 1904 -15 1914 -15 1916 -15 1917 -15 1918 -15 1919 -15 1920 
-15 1921 -15 1922 -15 1923 -15 1924 -15 1925 -15 1926 -15 1927 -15 1928 -15 1929 -15 1930 
-15 1931 -15 1932 -15 1933 -15 1934 -15 1935 -15 1936 -15 1937 -15 1938 -15 1939 -15 1940 
-15 1941 -15 1942 -15 1943 -15 1944 +10 1906 +5 1946 -3 8 *
So

0100000
+2 0 *

+1 1 