DBRep_DrawableShape

CASCADE Topology V1, (c) Matra-Datavision
Locations 999
1
              1               0               0               0 
              0               1               0               0 
              0               0               1               0 
1
              1               0               0               0 
              0               1               0               0 
              0               0               1               0 
1
              1               0               0               0 
              0               1               0               0 
              0               0               1               0 
1
              1               0               0               0 
              0               1               0               0 
              0               0               1               0 
1
              1               0               0               0 
              0               1               0               0 
              0               0               1               0 
1
              1               0               0               0 
              0               1               0               0 
              0               0               1               0 
2  2 1 3 1 4 -1 5 1 6 -1 0
1
              1               0               0               0 
              0               1               0               0 
              0               0               1               0 
1
              1               0               0               0 
              0               1               0               0 
              0               0               1               0 
1
              1               0               0               0 
              0               1               0               0 
              0               0               1               0 
1
              1               0               0               0 
              0               1               0               0 
              0               0               1               0 
1
              1               0               0               0 
              0               1               0               0 
              0               0               1               0 
1
              1               0               0               0 
              0               1               0               0 
              0               0               1               0 
2  8 1 9 -1 10 1 11 -1 12 1 13 -1 0
2  2 -1 0
1
              1               0               0               0 
              0               1               0               0 
              0               0               1               0 
1
              0              -0               1             8.5 
              1               0              -0          -2e-15 
              0               1               0           2e-15 
1
              1               0               0               0 
              0               1               0               0 
              0               0               1               0 
1
              1               0               0              13 
              0               1               0          -3e-15 
              0               0               1           3e-15 
2  16 1 17 1 18 -1 19 1 8 1 9 -1 10 1 11 -1 12 1 13 -1 2 1 0
2  17 -1 16 -1 0
2  18 1 17 -1 16 -1 0
2  19 -1 18 1 17 -1 16 -1 0
2  2 -1 13 1 12 -1 11 1 10 -1 9 1 8 -1 19 -1 18 1 17 -1 16 -1 0
2  8 1 9 -1 10 1 11 -1 12 1 13 -1 2 1 0
2  16 1 17 1 18 -1 0
2  16 1 17 1 18 -1 19 1 0
1
              1               0               0               0 
              0               1               0               0 
              0               0               1               0 
1
              1               0               0               0 
              0               1               0               0 
              0               0               1               0 
1
              1               0              -0        -2.2e-14 
              0               1               0               0 
              0               0               1            98.7 
2  28 1 29 1 30 1 11 -1 12 1 13 -1 2 1 0
2  11 1 30 -1 29 -1 28 -1 0
1
              1               0               0           8e-15 
              0               1               0               0 
              0               0               1             -35 
2  33 -1 11 1 30 -1 29 -1 28 -1 0
2  30 -1 29 -1 28 -1 0
2  8 1 9 -1 10 1 30 -1 29 -1 28 -1 0
2  2 -1 13 1 12 -1 11 1 30 -1 29 -1 28 -1 0
2  28 -1 0
2  16 1 17 1 18 -1 8 1 9 -1 10 1 11 -1 12 1 13 -1 2 1 0
1
              1               0               0               0 
              0               1               0               0 
              0               0               1               0 
2  40 1 29 1 30 1 11 -1 12 1 13 -1 2 1 0
2  30 -1 29 -1 40 -1 0
2  11 1 30 -1 29 -1 40 -1 0
2  33 -1 11 1 30 -1 29 -1 40 -1 0
2  8 1 9 -1 10 1 30 -1 29 -1 40 -1 0
2  40 -1 0
1
              1               0               0               0 
              0               1               0               0 
              0               0               1               0 
1
              0              -0               1            21.5 
              1               0              -0          -5e-15 
              0               1               0           5e-15 
2  47 1 48 1 12 -1 11 1 10 -1 9 1 8 -1 19 -1 18 1 17 -1 16 -1 0
1
              1               0               0               0 
              0               1               0               0 
              0               0               1               0 
1
              1               0              -0        -2.2e-14 
              0               1               0               0 
              0               0               1            98.7 
2  50 1 51 1 9 -1 10 1 11 -1 12 1 13 -1 2 1 0
2  29 1 30 1 11 -1 12 1 13 -1 2 1 0
2  47 1 48 1 13 -1 2 1 0
1
              1               0               0               0 
              0               1               0               0 
              0               0               1               0 
2  55 1 50 1 51 1 9 -1 10 1 11 -1 12 1 13 -1 2 1 0
2  9 1 51 -1 50 -1 55 -1 0
1
              1               0               0         1.8e-14 
              0               1               0               0 
              0               0               1             -82 
2  58 -1 9 1 51 -1 50 -1 55 -1 0
2  51 -1 50 -1 55 -1 0
2  8 1 51 -1 50 -1 55 -1 0
2  55 -1 0
1
              1               0               0               0 
              0               1               0               0 
              0               0               1               0 
2  63 1 50 1 51 1 9 -1 10 1 11 -1 12 1 13 -1 2 1 0
2  9 1 51 -1 50 -1 63 -1 0
2  58 -1 9 1 51 -1 50 -1 63 -1 0
2  51 -1 50 -1 63 -1 0
2  8 1 51 -1 50 -1 63 -1 0
2  63 -1 0
1
              1               0               0               0 
              0               1               0               0 
              0               0               1               0 
2  70 1 50 1 51 1 9 -1 10 1 11 -1 12 1 13 -1 2 1 0
2  9 1 51 -1 50 -1 70 -1 0
2  58 -1 9 1 51 -1 50 -1 70 -1 0
2  51 -1 50 -1 70 -1 0
2  8 1 51 -1 50 -1 70 -1 0
2  70 -1 0
2  9 1 51 -1 50 -1 0
2  58 -1 9 1 51 -1 50 -1 0
2  51 -1 50 -1 0
2  8 1 51 -1 50 -1 0
2  18 -1 19 1 8 1 9 -1 10 1 11 -1 12 1 13 -1 0
2  13 1 48 -1 47 -1 0
1
              1               0               0              -5 
              0               1               0           1e-15 
              0               0               1          -1e-15 
2  83 -1 13 1 48 -1 47 -1 0
2  48 -1 47 -1 0
2  18 -1 19 1 8 1 9 -1 10 1 11 -1 12 1 48 -1 47 -1 0
2  2 -1 13 1 48 -1 47 -1 0
2  18 -1 19 1 8 1 9 -1 10 1 11 -1 12 1 13 -1 2 1 0
1
              1               0               0               0 
              0               1               0               0 
              0               0               1               0 
1
              1               0               0               0 
              0               1               0               0 
              0               0               1               0 
1
              1               0               0               0 
              0               1               0               0 
              0               0               1               0 
1
              1               0               0               0 
              0               1               0               0 
              0               0               1               0 
1
              1               0               0               0 
              0               1               0               0 
              0               0               1               0 
1
              1               0               0               0 
              0               1               0               0 
              0               0               1               0 
1
              1               0               0               0 
              0               1               0               0 
              0               0               1               0 
1
              1               0               0               0 
              0               1               0               0 
              0               0               1               0 
1
              1               0               0               0 
              0               1               0               0 
              0               0               1               0 
1
              1               0               0               0 
              0               1               0               0 
              0               0               1               0 
1
              1               0               0               0 
              0               1               0               0 
              0               0               1               0 
2  89 -1 90 1 91 -1 92 1 93 -1 94 -1 95 1 96 -1 97 1 98 -1 99 1 8 -1 19 -1 18 1 17 -1 16 -1 0
1
              1               0               0               0 
              0               1               0               0 
              0               0               1               0 
1
              1               0               0               0 
              0               1               0               0 
              0               0               1               0 
1
              1               0               0               0 
              0               1               0               0 
              0               0               1               0 
1
              1               0               0               0 
              0               1               0               0 
              0               0               1               0 
1
              1               0               0               0 
              0               1               0               0 
              0               0               1               0 
1
              1               0               0               0 
              0               1               0               0 
              0               0               1               0 
1
              1               0               0               0 
              0               1               0               0 
              0               0               1               0 
1
              1               0               0               0 
              0               1               0               0 
              0               0               1               0 
1
              1               0               0               0 
              0               1               0               0 
              0               0               1               0 
1
              1               0               0               0 
              0               1               0               0 
              0               0               1               0 
1
              1               0               0               0 
              0               1               0               0 
              0               0               1               0 
2  101 -1 102 1 103 -1 104 1 105 -1 106 -1 107 1 108 -1 109 1 110 -1 111 1 8 -1 19 -1 18 1 17 -1 16 -1 0
2  10 1 11 -1 12 1 13 -1 83 -1 13 1 48 -1 47 -1 0
2  3 1 4 -1 5 1 6 -1 0
2  12 1 13 -1 2 1 0
2  8 1 9 -1 10 1 11 -1 12 1 13 -1 2 1 3 1 4 -1 5 1 6 -1 0
2  10 1 11 -1 12 1 13 -1 2 1 3 1 4 -1 5 1 6 -1 0
2  11 1 10 -1 0
2  13 1 12 -1 11 1 10 -1 0
2  2 -1 13 1 12 -1 11 1 10 -1 0
2  4 1 3 -1 2 -1 13 1 12 -1 11 1 10 -1 0
2  5 1 6 -1 0
2  3 1 4 -1 0
2  6 1 5 -1 0
2  28 1 29 1 30 1 11 -1 33 1 12 1 13 -1 2 1 3 1 4 -1 5 1 6 -1 0
1
              1               0               0               0 
              0               1               0               0 
              0               0               1               0 
2  126 -1 13 1 12 -1 33 -1 11 1 30 -1 29 -1 28 -1 0
2  2 -1 13 1 12 -1 33 -1 11 1 30 -1 29 -1 28 -1 0
2  6 1 5 -1 4 1 3 -1 2 -1 13 1 12 -1 33 -1 11 1 30 -1 29 -1 28 -1 0
2  12 1 13 -1 2 1 3 1 4 -1 5 1 6 -1 0
2  2 -1 13 1 12 -1 0
2  29 1 30 1 11 -1 0
2  126 -1 13 1 12 -1 0
2  28 1 29 1 30 1 11 -1 12 1 13 -1 2 1 3 1 4 -1 5 1 6 -1 0
2  18 -1 0
1
              0              -0               1               0 
              1               0              -0               0 
             -0               1               0               0 
1
              1               0               0               0 
              0               1               0               0 
              0               0               1               0 
1
              1               0               0               0 
              0               1               0               0 
              0               0               1               0 
1
              1               0               0               0 
              0               1               0               0 
              0               0               1               0 
1
              1               0               0               0 
              0               1               0               0 
              0               0               1               0 
1
              1               0               0             8.5 
              0               1               0          -2e-15 
              0               0               1           2e-15 
1
              1               0               0               0 
              0               1               0               0 
              0               0               1               0 
1
              1               0               0               0 
              0               1               0               0 
              0               0               1               0 
1
              1               0               0               0 
              0               1               0               0 
              0               0               1               0 
2  136 1 137 1 138 1 139 1 140 -1 141 1 142 1 143 -1 144 1 18 -1 0
1
              1               0               0               0 
              0               1               0               0 
              0               0               1               0 
1
              1               0               0               0 
              0               1               0               0 
              0               0               1               0 
2  146 1 147 -1 138 -1 137 -1 136 -1 0
1
              1               0               0              10 
              0               1               0          -2e-15 
              0               0               1           2e-15 
2  149 -1 146 1 147 -1 138 -1 137 -1 136 -1 0
2  137 -1 136 -1 0
1
              1               0               0               0 
              0               1               0               0 
              0               0               1               0 
1
              1               0               0               0 
              0               1               0               0 
              0               0               1               0 
2  152 1 153 -1 138 -1 137 -1 136 -1 0
1
              1               0               0               7 
              0               1               0          -2e-15 
              0               0               1           2e-15 
2  155 -1 152 1 153 -1 138 -1 137 -1 136 -1 0
1
              1               0               0               0 
              0               1               0               0 
              0               0               1               0 
1
              1               0               0               0 
              0               1               0               0 
              0               0               1               0 
2  157 1 158 -1 138 -1 137 -1 136 -1 0
1
              1               0               0               6 
              0               1               0          -1e-15 
              0               0               1           1e-15 
2  160 -1 157 1 158 -1 138 -1 137 -1 136 -1 0
1
              1               0               0               0 
              0               1               0               0 
              0               0               1               0 
1
              1               0               0               0 
              0               1               0               0 
              0               0               1               0 
2  162 1 163 -1 138 -1 137 -1 136 -1 0
1
              1               0               0               5 
              0               1               0          -1e-15 
              0               0               1           1e-15 
2  165 -1 162 1 163 -1 138 -1 137 -1 136 -1 0
1
              1               0               0               0 
              0               1               0               0 
              0               0               1               0 
1
              1               0               0               0 
              0               1               0               0 
              0               0               1               0 
2  167 1 168 -1 138 -1 137 -1 136 -1 0
1
              1               0               0               5 
              0               1               0          -1e-15 
              0               0               1           1e-15 
2  170 -1 167 1 168 -1 138 -1 137 -1 136 -1 0
1
              1               0               0               0 
              0               1               0               0 
              0               0               1               0 
1
              1               0               0               0 
              0               1               0               0 
              0               0               1               0 
2  172 1 173 -1 138 -1 137 -1 136 -1 0
1
              1               0               0               5 
              0               1               0          -1e-15 
              0               0               1           1e-15 
2  175 -1 172 1 173 -1 138 -1 137 -1 136 -1 0
1
              1               0               0               0 
              0               1               0               0 
              0               0               1               0 
1
              1               0               0               0 
              0               1               0               0 
              0               0               1               0 
1
              1               0               0               0 
              0               1               0               0 
              0               0               1               0 
1
              1               0               0               0 
              0               1               0               0 
              0               0               1               0 
1
              1               0               0               0 
              0               1               0               0 
              0               0               1               0 
1
              1               0               0               0 
              0               1               0               0 
              0               0               1               0 
1
              1               0               0               0 
              0               1               0               0 
              0               0               1               0 
1
              1               0               0               0 
              0               1               0               0 
              0               0               1               0 
1
              1               0               0               0 
              0               1               0               0 
              0               0               1               0 
1
              1               0               0               0 
              0               1               0               0 
              0               0               1               0 
1
              1               0               0               0 
              0               1               0               0 
              0               0               1               0 
1
              1               0               0               0 
              0               1               0               0 
              0               0               1               0 
1
              1               0               0               0 
              0               1               0               0 
              0               0               1               0 
1
              1               0               0               0 
              0               1               0               0 
              0               0               1               0 
1
              1               0               0               0 
              0               1               0               0 
              0               0               1               0 
1
              1               0               0               0 
              0               1               0               0 
              0               0               1               0 
1
              1               0               0               0 
              0               1               0               0 
              0               0               1               0 
1
              1               0               0               0 
              0               1               0               0 
              0               0               1               0 
1
              1               0               0               0 
              0               1               0               0 
              0               0               1               0 
1
              1               0               0               0 
              0               1               0               0 
              0               0               1               0 
1
              1               0               0               0 
              0               1               0               0 
              0               0               1               0 
2  177 -1 178 1 179 1 180 -1 181 1 182 -1 183 1 184 1 185 -1 186 1 187 -1 188 1 189 1 190 1 191 1 192 1 193 -1 194 -1 195 -1 196 -1 197 -1 175 -1 172 1 173 -1 138 -1 137 -1 136 -1 0
1
              1               0               0               0 
              0               1               0               0 
              0               0               1               0 
1
              1               0               0               0 
              0               1               0               0 
              0               0               1               0 
2  177 -1 178 1 179 1 180 -1 181 1 182 -1 183 1 184 1 185 -1 186 1 187 -1 188 1 189 1 190 1 191 1 199 1 200 -1 194 -1 195 -1 196 -1 197 -1 175 -1 172 1 173 -1 138 -1 137 -1 136 -1 0
1
              1               0               0               0 
              0               1               0               0 
              0               0               1               0 
1
              1               0               0               0 
              0               1               0               0 
              0               0               1               0 
1
              1               0               0               0 
              0               1               0               0 
              0               0               1               0 
1
              1               0               0               0 
              0               1               0               0 
              0               0               1               0 
1
              1               0               0               0 
              0               1               0               0 
              0               0               1               0 
1
              1               0               0               0 
              0               1               0               0 
              0               0               1               0 
1
              1               0               0               0 
              0               1               0               0 
              0               0               1               0 
1
              1               0               0               0 
              0               1               0               0 
              0               0               1               0 
1
              1               0               0               0 
              0               1               0               0 
              0               0               1               0 
1
              1               0               0               0 
              0               1               0               0 
              0               0               1               0 
1
              1               0               0               0 
              0               1               0               0 
              0               0               1               0 
1
              1               0               0               0 
              0               1               0               0 
              0               0               1               0 
1
              1               0               0               0 
              0               1               0               0 
              0               0               1               0 
1
              1               0               0               0 
              0               1               0               0 
              0               0               1               0 
2  177 -1 178 1 179 1 180 -1 181 1 182 -1 183 1 184 1 202 -1 203 1 204 -1 205 1 206 1 207 1 208 1 209 1 210 -1 211 -1 212 -1 213 -1 214 -1 215 1 197 -1 175 -1 172 1 173 -1 138 -1 137 -1 136 -1 0
1
              1               0               0               0 
              0               1               0               0 
              0               0               1               0 
1
              1               0               0               0 
              0               1               0               0 
              0               0               1               0 
2  177 -1 178 1 179 1 180 -1 181 1 182 -1 183 1 184 1 202 -1 203 1 204 -1 205 1 206 1 207 1 208 1 217 1 218 -1 211 -1 212 -1 213 -1 214 -1 215 1 197 -1 175 -1 172 1 173 -1 138 -1 137 -1 136 -1 0
1
              1               0               0               0 
              0               1               0               0 
              0               0               1               0 
1
              1               0               0               0 
              0               1               0               0 
              0               0               1               0 
2  220 1 221 -1 138 -1 137 -1 136 -1 0
1
              1               0               0               5 
              0               1               0          -1e-15 
              0               0               1           1e-15 
2  223 -1 220 1 221 -1 138 -1 137 -1 136 -1 0
1
              1               0               0               0 
              0               1               0               0 
              0               0               1               0 
1
              1               0               0               0 
              0               1               0               0 
              0               0               1               0 
1
              1               0               0               0 
              0               1               0               0 
              0               0               1               0 
1
              1               0               0               0 
              0               1               0               0 
              0               0               1               0 
1
              1               0               0               0 
              0               1               0               0 
              0               0               1               0 
1
              1               0               0               0 
              0               1               0               0 
              0               0               1               0 
1
              1               0               0               0 
              0               1               0               0 
              0               0               1               0 
1
              1               0               0               0 
              0               1               0               0 
              0               0               1               0 
1
              1               0               0               0 
              0               1               0               0 
              0               0               1               0 
1
              1               0               0               0 
              0               1               0               0 
              0               0               1               0 
1
              1               0               0               0 
              0               1               0               0 
              0               0               1               0 
1
              1               0               0               0 
              0               1               0               0 
              0               0               1               0 
1
              1               0               0               0 
              0               1               0               0 
              0               0               1               0 
1
              1               0               0               0 
              0               1               0               0 
              0               0               1               0 
1
              1               0               0               0 
              0               1               0               0 
              0               0               1               0 
1
              1               0               0               0 
              0               1               0               0 
              0               0               1               0 
1
              1               0               0               0 
              0               1               0               0 
              0               0               1               0 
1
              1               0               0               0 
              0               1               0               0 
              0               0               1               0 
1
              1               0               0               0 
              0               1               0               0 
              0               0               1               0 
1
              1               0               0               0 
              0               1               0               0 
              0               0               1               0 
1
              1               0               0               0 
              0               1               0               0 
              0               0               1               0 
1
              1               0               0               0 
              0               1               0               0 
              0               0               1               0 
1
              1               0               0               0 
              0               1               0               0 
              0               0               1               0 
2  225 -1 226 1 227 1 228 -1 229 1 230 -1 231 1 232 1 233 -1 234 1 235 -1 236 1 237 1 238 1 239 1 240 1 241 -1 242 -1 243 -1 244 -1 245 -1 246 1 247 -1 223 -1 220 1 221 -1 138 -1 137 -1 136 -1 0
1
              1               0               0               0 
              0               1               0               0 
              0               0               1               0 
1
              1               0               0               0 
              0               1               0               0 
              0               0               1               0 
1
              1               0               0               0 
              0               1               0               0 
              0               0               1               0 
1
              1               0               0               0 
              0               1               0               0 
              0               0               1               0 
1
              1               0               0               0 
              0               1               0               0 
              0               0               1               0 
1
              1               0               0               0 
              0               1               0               0 
              0               0               1               0 
1
              1               0               0               0 
              0               1               0               0 
              0               0               1               0 
1
              1               0               0               0 
              0               1               0               0 
              0               0               1               0 
1
              1               0               0               0 
              0               1               0               0 
              0               0               1               0 
1
              1               0               0               0 
              0               1               0               0 
              0               0               1               0 
1
              1               0               0               0 
              0               1               0               0 
              0               0               1               0 
1
              1               0               0               0 
              0               1               0               0 
              0               0               1               0 
1
              1               0               0               0 
              0               1               0               0 
              0               0               1               0 
1
              1               0               0               0 
              0               1               0               0 
              0               0               1               0 
1
              1               0               0               0 
              0               1               0               0 
              0               0               1               0 
1
              1               0               0               0 
              0               1               0               0 
              0               0               1               0 
1
              1               0               0               0 
              0               1               0               0 
              0               0               1               0 
2  249 -1 250 1 251 1 252 -1 253 1 254 -1 255 1 256 1 257 -1 258 1 259 -1 260 1 261 1 262 1 263 1 264 1 265 -1 242 -1 243 -1 244 -1 245 -1 246 1 247 -1 223 -1 220 1 221 -1 138 -1 137 -1 136 -1 0
1
              1               0               0               0 
              0               1               0               0 
              0               0               1               0 
1
              1               0               0               0 
              0               1               0               0 
              0               0               1               0 
1
              1               0               0               0 
              0               1               0               0 
              0               0               1               0 
1
              1               0               0               0 
              0               1               0               0 
              0               0               1               0 
1
              1               0               0               0 
              0               1               0               0 
              0               0               1               0 
1
              1               0               0               0 
              0               1               0               0 
              0               0               1               0 
1
              1               0               0               0 
              0               1               0               0 
              0               0               1               0 
1
              1               0               0               0 
              0               1               0               0 
              0               0               1               0 
1
              1               0               0               0 
              0               1               0               0 
              0               0               1               0 
1
              1               0               0               0 
              0               1               0               0 
              0               0               1               0 
1
              1               0               0               0 
              0               1               0               0 
              0               0               1               0 
1
              1               0               0               0 
              0               1               0               0 
              0               0               1               0 
1
              1               0               0               0 
              0               1               0               0 
              0               0               1               0 
1
              1               0               0               0 
              0               1               0               0 
              0               0               1               0 
1
              1               0               0               0 
              0               1               0               0 
              0               0               1               0 
1
              1               0               0               0 
              0               1               0               0 
              0               0               1               0 
1
              1               0               0               0 
              0               1               0               0 
              0               0               1               0 
2  267 -1 268 1 269 1 270 -1 271 1 272 -1 273 1 274 1 275 -1 276 1 277 -1 278 1 279 1 280 1 281 1 282 1 283 -1 242 -1 243 -1 244 -1 245 -1 246 1 247 -1 223 -1 220 1 221 -1 138 -1 137 -1 136 -1 0
1
              1               0               0               0 
              0               1               0               0 
              0               0               1               0 
1
              1               0               0               0 
              0               1               0               0 
              0               0               1               0 
1
              1               0               0               0 
              0               1               0               0 
              0               0               1               0 
1
              1               0               0               0 
              0               1               0               0 
              0               0               1               0 
1
              1               0               0               0 
              0               1               0               0 
              0               0               1               0 
1
              1               0               0               0 
              0               1               0               0 
              0               0               1               0 
1
              1               0               0               0 
              0               1               0               0 
              0               0               1               0 
1
              1               0               0               0 
              0               1               0               0 
              0               0               1               0 
1
              1               0               0               0 
              0               1               0               0 
              0               0               1               0 
1
              1               0               0               0 
              0               1               0               0 
              0               0               1               0 
1
              1               0               0               0 
              0               1               0               0 
              0               0               1               0 
1
              1               0               0               0 
              0               1               0               0 
              0               0               1               0 
1
              1               0               0               0 
              0               1               0               0 
              0               0               1               0 
1
              1               0               0               0 
              0               1               0               0 
              0               0               1               0 
2  267 -1 268 1 269 1 285 -1 286 1 287 -1 288 1 289 1 290 -1 291 1 292 -1 293 1 294 1 295 1 296 1 297 1 298 -1 242 -1 243 -1 244 -1 245 -1 246 1 247 -1 223 -1 220 1 221 -1 138 -1 137 -1 136 -1 0
1
              1               0               0               0 
              0               1               0               0 
              0               0               1               0 
1
              1               0               0               0 
              0               1               0               0 
              0               0               1               0 
1
              1               0               0               0 
              0               1               0               0 
              0               0               1               0 
2  267 -1 268 1 269 1 285 -1 286 1 287 -1 288 1 289 1 290 -1 291 1 292 -1 300 1 301 1 302 -1 242 -1 243 -1 244 -1 245 -1 246 1 247 -1 223 -1 220 1 221 -1 138 -1 137 -1 136 -1 0
1
              1               0               0               0 
              0               1               0               0 
              0               0               1               0 
2  267 -1 268 1 269 1 285 -1 286 1 287 -1 288 1 289 1 290 -1 291 1 292 -1 293 1 294 1 295 1 296 1 304 1 302 -1 242 -1 243 -1 244 -1 245 -1 246 1 247 -1 223 -1 220 1 221 -1 138 -1 137 -1 136 -1 0
1
              1               0               0               0 
              0               1               0               0 
              0               0               1               0 
1
              1               0               0               0 
              0               1               0               0 
              0               0               1               0 
1
              1               0               0               0 
              0               1               0               0 
              0               0               1               0 
2  267 -1 268 1 269 1 285 -1 286 1 287 -1 288 1 289 1 290 -1 291 1 292 -1 306 1 307 1 308 -1 242 -1 243 -1 244 -1 245 -1 246 1 247 -1 223 -1 220 1 221 -1 138 -1 137 -1 136 -1 0
1
              1               0               0               0 
              0               1               0               0 
              0               0               1               0 
2  267 -1 268 1 269 1 285 -1 286 1 287 -1 288 1 289 1 290 -1 291 1 292 -1 293 1 294 1 295 1 296 1 310 1 308 -1 242 -1 243 -1 244 -1 245 -1 246 1 247 -1 223 -1 220 1 221 -1 138 -1 137 -1 136 -1 0
1
              1               0               0               0 
              0               1               0               0 
              0               0               1               0 
1
              1               0               0               0 
              0               1               0               0 
              0               0               1               0 
2  312 1 313 -1 138 -1 137 -1 136 -1 0
1
              1               0               0            28.5 
              0               1               0          -6e-15 
              0               0               1           6e-15 
2  315 -1 312 1 313 -1 138 -1 137 -1 136 -1 0
1
              1               0               0               0 
              0               1               0               0 
              0               0               1               0 
1
              1               0               0               0 
              0               1               0               0 
              0               0               1               0 
2  317 1 318 -1 138 -1 137 -1 136 -1 0
1
              1               0               0             8.5 
              0               1               0          -2e-15 
              0               0               1           2e-15 
2  320 -1 317 1 318 -1 138 -1 137 -1 136 -1 0
2  140 1 139 -1 138 -1 137 -1 136 -1 0
2  141 -1 140 1 139 -1 138 -1 137 -1 136 -1 0
2  144 -1 143 1 142 -1 141 -1 140 1 139 -1 138 -1 137 -1 136 -1 0
2  136 -1 0
2  40 1 29 1 30 1 11 -1 0
2  40 1 29 1 30 1 11 -1 33 1 0
2  126 -1 13 1 12 -1 33 -1 11 1 30 -1 29 -1 40 -1 0
2  12 1 13 -1 2 1 3 1 4 -1 0
1
              1               0               0               0 
              0               1               0               0 
              0               0               1               0 
2  330 1 29 1 30 1 11 -1 33 1 12 1 13 -1 2 1 3 1 4 -1 0
2  126 -1 13 1 12 -1 33 -1 11 1 30 -1 29 -1 330 -1 0
2  33 -1 11 1 30 -1 29 -1 330 -1 0
2  2 -1 13 1 12 -1 33 -1 11 1 30 -1 29 -1 330 -1 0
2  10 1 11 -1 12 1 13 -1 2 1 3 1 4 -1 0
2  50 1 51 1 9 -1 0
2  50 1 51 1 9 -1 58 1 0
2  126 -1 13 1 12 -1 11 1 10 -1 0
1
              1               0               0               0 
              0               1               0               0 
              0               0               1               0 
2  339 1 50 1 51 1 9 -1 58 1 10 1 11 -1 12 1 13 -1 2 1 3 1 4 -1 0
2  9 1 51 -1 50 -1 339 -1 0
2  58 -1 9 1 51 -1 50 -1 339 -1 0
2  51 -1 50 -1 339 -1 0
2  8 1 51 -1 50 -1 339 -1 0
2  2 -1 13 1 12 -1 11 1 10 -1 58 -1 9 1 51 -1 50 -1 339 -1 0
2  339 -1 0
1
              1               0               0               0 
              0               1               0               0 
              0               0               1               0 
1
             -0               0               1            10.5 
              1              -0               0               0 
              0               1               0           2e-15 
2  347 1 348 1 4 -1 0
2  4 1 348 -1 347 -1 0
1
              1               0               0 8779.62769109413 
              0               1               0        9.75e-13 
              0               0               1        9.75e-13 
2  351 -1 4 1 348 -1 347 -1 0
2  348 -1 347 -1 0
2  3 1 348 -1 347 -1 0
2  47 1 48 1 13 -1 0
2  10 1 11 -1 12 1 13 -1 2 1 0
2  50 1 51 1 9 -1 58 1 10 1 11 -1 12 1 13 -1 2 1 0
2  55 1 50 1 51 1 9 -1 0
2  55 1 50 1 51 1 9 -1 58 1 0
2  63 1 50 1 51 1 9 -1 0
2  63 1 50 1 51 1 9 -1 58 1 0
2  70 1 50 1 51 1 9 -1 0
2  70 1 50 1 51 1 9 -1 58 1 0
2  2 1 3 1 4 -1 0
2  47 1 48 1 13 -1 2 1 3 1 4 -1 0
2  10 1 11 -1 12 1 13 -1 0
2  4 1 3 -1 2 -1 0
2  4 1 3 -1 2 -1 13 1 12 -1 33 -1 11 1 30 -1 29 -1 28 -1 0
2  126 -1 2 1 3 1 4 -1 5 1 6 -1 0
2  330 1 29 1 30 1 11 -1 33 1 12 1 13 -1 2 1 3 1 4 -1 5 1 6 -1 0
2  40 1 29 1 30 1 11 -1 33 1 12 1 13 -1 2 1 3 1 4 -1 5 1 6 -1 0
2  126 -1 2 1 3 1 4 -1 0
1
              1               0               0               0 
              0               1               0               0 
              0               0               1               0 
1
             -0               0              -1              18 
             -1               0               0          -1e-15 
              0               1              -0           3e-15 
2  373 1 374 1 5 -1 0
1
              1               0               0               0 
              0               1               0               0 
              0               0               1               0 
2  376 1 29 1 30 1 11 -1 33 1 12 1 13 -1 2 1 3 1 4 -1 5 1 6 -1 0
2  126 -1 13 1 12 -1 33 -1 11 1 30 -1 29 -1 376 -1 0
2  10 1 11 -1 33 -1 11 1 30 -1 29 -1 376 -1 0
2  4 1 3 -1 2 -1 13 1 12 -1 33 -1 11 1 30 -1 29 -1 376 -1 0
1
              1               0               0               0 
              0               1               0               0 
              0               0               1               0 
2  381 1 29 1 30 1 11 -1 33 1 12 1 13 -1 2 1 3 1 4 -1 5 1 6 -1 0
2  126 -1 13 1 12 -1 33 -1 11 1 30 -1 29 -1 381 -1 0
2  10 1 11 -1 33 -1 11 1 30 -1 29 -1 381 -1 0
2  142 1 143 -1 144 1 18 -1 8 1 9 -1 10 1 11 -1 12 1 13 -1 2 1 3 1 4 -1 5 1 6 -1 0
2  137 1 138 1 139 1 140 -1 141 1 0
1
              0              -0               1               0 
              1               0              -0               0 
             -0               1               0               0 
1
              1               0               0               0 
              0               1               0               0 
              0               0               1               0 
1
              1               0               0               0 
              0               1               0               0 
              0               0               1               0 
1
              1               0               0               0 
              0               1               0               0 
              0               0               1               0 
1
              1               0               0               0 
              0               1               0               0 
              0               0               1               0 
1
              1               0               0               0 
              0               1               0               0 
              0               0               1               0 
1
              1               0               0               0 
              0               1               0               0 
              0               0               1               0 
1
              1               0               0               0 
              0               1               0               0 
              0               0               1               0 
1
              1               0               0               0 
              0               1               0               0 
              0               0               1               0 
2  387 1 388 1 389 1 390 1 391 -1 392 1 393 -1 394 1 395 1 140 -1 0
1
              1               0               0               0 
              0               1               0               0 
              0               0               1               0 
1
              1               0               0               0 
              0               1               0               0 
              0               0               1               0 
2  397 1 398 -1 389 -1 388 -1 387 -1 0
1
              1               0               0            -1.8 
              0               1               0               0 
              0               0               1              -0 
2  400 -1 397 1 398 -1 389 -1 388 -1 387 -1 0
2  388 -1 387 -1 0
1
              1               0               0               0 
              0               1               0               0 
              0               0               1               0 
1
              1               0               0               0 
              0               1               0               0 
              0               0               1               0 
2  403 1 404 -1 389 -1 388 -1 387 -1 0
1
              1               0               0               0 
              0               1               0               0 
              0               0               1               0 
1
              1               0               0               0 
              0               1               0               0 
              0               0               1               0 
2  406 1 407 -1 389 -1 388 -1 387 -1 0
1
              1               0               0               0 
              0               1               0               0 
              0               0               1               0 
1
              1               0               0               0 
              0               1               0               0 
              0               0               1               0 
2  409 1 410 -1 389 -1 388 -1 387 -1 0
1
              1               0               0               0 
              0               1               0               0 
              0               0               1               0 
1
              1               0               0               0 
              0               1               0               0 
              0               0               1               0 
2  412 1 413 -1 389 -1 388 -1 387 -1 0
1
              1               0               0               0 
              0               1               0               0 
              0               0               1               0 
1
              1               0               0               0 
              0               1               0               0 
              0               0               1               0 
2  415 1 416 -1 389 -1 388 -1 387 -1 0
1
              1               0               0               0 
              0               1               0               0 
              0               0               1               0 
1
              1               0               0               0 
              0               1               0               0 
              0               0               1               0 
2  418 1 419 -1 389 -1 388 -1 387 -1 0
1
              1               0               0            -1.8 
              0               1               0               0 
              0               0               1              -0 
2  421 -1 418 1 419 -1 389 -1 388 -1 387 -1 0
1
              1               0               0               0 
              0               1               0               0 
              0               0               1               0 
1
              1               0               0               0 
              0               1               0               0 
              0               0               1               0 
2  423 1 424 -1 389 -1 388 -1 387 -1 0
1
              1               0               0            -1.8 
              0               1               0               0 
              0               0               1              -0 
2  426 -1 423 1 424 -1 389 -1 388 -1 387 -1 0
1
              1               0               0               0 
              0               1               0               0 
              0               0               1               0 
1
              1               0               0               0 
              0               1               0               0 
              0               0               1               0 
2  428 1 429 -1 389 -1 388 -1 387 -1 0
1
              1               0               0            -1.8 
              0               1               0               0 
              0               0               1              -0 
2  431 -1 428 1 429 -1 389 -1 388 -1 387 -1 0
1
              1               0               0               0 
              0               1               0               0 
              0               0               1               0 
1
              1               0               0               0 
              0               1               0               0 
              0               0               1               0 
2  433 1 434 -1 389 -1 388 -1 387 -1 0
1
              1               0               0            -1.8 
              0               1               0               0 
              0               0               1              -0 
2  436 -1 433 1 434 -1 389 -1 388 -1 387 -1 0
1
              1               0               0               0 
              0               1               0               0 
              0               0               1               0 
1
              1               0               0               0 
              0               1               0               0 
              0               0               1               0 
2  438 1 439 -1 389 -1 388 -1 387 -1 0
1
              1               0               0            -1.8 
              0               1               0               0 
              0               0               1              -0 
2  441 -1 438 1 439 -1 389 -1 388 -1 387 -1 0
1
              1               0               0               0 
              0               1               0               0 
              0               0               1               0 
1
              1               0               0               0 
              0               1               0               0 
              0               0               1               0 
2  443 1 444 -1 389 -1 388 -1 387 -1 0
1
              1               0               0            -1.8 
              0               1               0               0 
              0               0               1              -0 
2  446 -1 443 1 444 -1 389 -1 388 -1 387 -1 0
1
              1               0               0               0 
              0               1               0               0 
              0               0               1               0 
1
              1               0               0               0 
              0               1               0               0 
              0               0               1               0 
2  448 1 449 -1 389 -1 388 -1 387 -1 0
1
              1               0               0            -1.8 
              0               1               0               0 
              0               0               1              -0 
2  451 -1 448 1 449 -1 389 -1 388 -1 387 -1 0
1
              1               0               0               0 
              0               1               0               0 
              0               0               1               0 
1
              1               0               0               0 
              0               1               0               0 
              0               0               1               0 
2  453 1 454 -1 389 -1 388 -1 387 -1 0
1
              1               0               0            -1.8 
              0               1               0               0 
              0               0               1              -0 
2  456 -1 453 1 454 -1 389 -1 388 -1 387 -1 0
1
              1               0               0               0 
              0               1               0               0 
              0               0               1               0 
1
              1               0               0               0 
              0               1               0               0 
              0               0               1               0 
2  458 1 459 -1 389 -1 388 -1 387 -1 0
1
              1               0               0            -1.8 
              0               1               0               0 
              0               0               1              -0 
2  461 -1 458 1 459 -1 389 -1 388 -1 387 -1 0
1
              1               0               0               0 
              0               1               0               0 
              0               0               1               0 
1
              1               0               0               0 
              0               1               0               0 
              0               0               1               0 
2  463 1 464 -1 389 -1 388 -1 387 -1 0
1
              1               0               0            -1.8 
              0               1               0               0 
              0               0               1              -0 
2  466 -1 463 1 464 -1 389 -1 388 -1 387 -1 0
1
              1               0               0               0 
              0               1               0               0 
              0               0               1               0 
1
              1               0               0               0 
              0               1               0               0 
              0               0               1               0 
2  468 1 469 -1 389 -1 388 -1 387 -1 0
1
              1               0               0            -1.8 
              0               1               0               0 
              0               0               1              -0 
2  471 -1 468 1 469 -1 389 -1 388 -1 387 -1 0
1
              1               0               0               0 
              0               1               0               0 
              0               0               1               0 
1
              1               0               0               0 
              0               1               0               0 
              0               0               1               0 
2  473 1 474 -1 389 -1 388 -1 387 -1 0
1
              1               0               0            -1.8 
              0               1               0               0 
              0               0               1              -0 
2  476 -1 473 1 474 -1 389 -1 388 -1 387 -1 0
1
              1               0               0               0 
              0               1               0               0 
              0               0               1               0 
1
              1               0               0               0 
              0               1               0               0 
              0               0               1               0 
2  478 1 479 -1 389 -1 388 -1 387 -1 0
1
              1               0               0            -1.8 
              0               1               0               0 
              0               0               1              -0 
2  481 -1 478 1 479 -1 389 -1 388 -1 387 -1 0
1
              1               0               0               0 
              0               1               0               0 
              0               0               1               0 
1
              1               0               0               0 
              0               1               0               0 
              0               0               1               0 
2  483 1 484 -1 389 -1 388 -1 387 -1 0
1
              1               0               0            -1.8 
              0               1               0               0 
              0               0               1              -0 
2  486 -1 483 1 484 -1 389 -1 388 -1 387 -1 0
1
              1               0               0               0 
              0               1               0               0 
              0               0               1               0 
1
              1               0               0               0 
              0               1               0               0 
              0               0               1               0 
2  488 1 489 -1 389 -1 388 -1 387 -1 0
1
              1               0               0            -1.8 
              0               1               0               0 
              0               0               1              -0 
2  491 -1 488 1 489 -1 389 -1 388 -1 387 -1 0
1
              1               0               0               0 
              0               1               0               0 
              0               0               1               0 
1
              1               0               0               0 
              0               1               0               0 
              0               0               1               0 
2  493 1 494 -1 389 -1 388 -1 387 -1 0
1
              1               0               0            -1.8 
              0               1               0               0 
              0               0               1              -0 
2  496 -1 493 1 494 -1 389 -1 388 -1 387 -1 0
1
              1               0               0               0 
              0               1               0               0 
              0               0               1               0 
1
              1               0               0               0 
              0               1               0               0 
              0               0               1               0 
2  498 1 499 -1 389 -1 388 -1 387 -1 0
1
              1               0               0            -1.8 
              0               1               0               0 
              0               0               1              -0 
2  501 -1 498 1 499 -1 389 -1 388 -1 387 -1 0
1
              1               0               0               0 
              0               1               0               0 
              0               0               1               0 
1
              1               0               0               0 
              0               1               0               0 
              0               0               1               0 
2  503 1 504 -1 389 -1 388 -1 387 -1 0
1
              1               0               0            -1.8 
              0               1               0               0 
              0               0               1              -0 
2  506 -1 503 1 504 -1 389 -1 388 -1 387 -1 0
1
              1               0               0               0 
              0               1               0               0 
              0               0               1               0 
1
              1               0               0               0 
              0               1               0               0 
              0               0               1               0 
2  508 1 509 -1 389 -1 388 -1 387 -1 0
1
              1               0               0            -1.8 
              0               1               0               0 
              0               0               1              -0 
2  511 -1 508 1 509 -1 389 -1 388 -1 387 -1 0
1
              1               0               0               0 
              0               1               0               0 
              0               0               1               0 
1
              1               0               0               0 
              0               1               0               0 
              0               0               1               0 
2  513 1 514 -1 389 -1 388 -1 387 -1 0
1
              1               0               0            -1.8 
              0               1               0               0 
              0               0               1              -0 
2  516 -1 513 1 514 -1 389 -1 388 -1 387 -1 0
1
              1               0               0               0 
              0               1               0               0 
              0               0               1               0 
1
              1               0               0               0 
              0               1               0               0 
              0               0               1               0 
2  518 1 519 -1 389 -1 388 -1 387 -1 0
1
              1               0               0            -1.8 
              0               1               0               0 
              0               0               1              -0 
2  521 -1 518 1 519 -1 389 -1 388 -1 387 -1 0
1
              1               0               0               0 
              0               1               0               0 
              0               0               1               0 
1
              1               0               0               0 
              0               1               0               0 
              0               0               1               0 
2  523 1 524 -1 389 -1 388 -1 387 -1 0
1
              1               0               0               0 
              0               1               0               0 
              0               0               1               0 
1
              1               0               0               0 
              0               1               0               0 
              0               0               1               0 
2  526 1 527 -1 389 -1 388 -1 387 -1 0
1
              1               0               0            -1.8 
              0               1               0               0 
              0               0               1              -0 
2  529 -1 526 1 527 -1 389 -1 388 -1 387 -1 0
1
              1               0               0               0 
              0               1               0               0 
              0               0               1               0 
1
              1               0               0               0 
              0               1               0               0 
              0               0               1               0 
2  531 1 532 -1 389 -1 388 -1 387 -1 0
1
              1               0               0               0 
              0               1               0               0 
              0               0               1               0 
1
              1               0               0               0 
              0               1               0               0 
              0               0               1               0 
2  534 1 535 -1 389 -1 388 -1 387 -1 0
1
              1               0               0               0 
              0               1               0               0 
              0               0               1               0 
1
              1               0               0               0 
              0               1               0               0 
              0               0               1               0 
2  537 1 538 -1 389 -1 388 -1 387 -1 0
1
              1               0               0            -1.8 
              0               1               0               0 
              0               0               1              -0 
2  540 -1 537 1 538 -1 389 -1 388 -1 387 -1 0
1
              1               0               0               0 
              0               1               0               0 
              0               0               1               0 
1
              1               0               0               0 
              0               1               0               0 
              0               0               1               0 
2  542 1 543 -1 389 -1 388 -1 387 -1 0
1
              1               0               0            -1.8 
              0               1               0               0 
              0               0               1              -0 
2  545 -1 542 1 543 -1 389 -1 388 -1 387 -1 0
1
              1               0               0               0 
              0               1               0               0 
              0               0               1               0 
1
              1               0               0               0 
              0               1               0               0 
              0               0               1               0 
2  547 1 548 -1 389 -1 388 -1 387 -1 0
1
              1               0               0            -1.8 
              0               1               0               0 
              0               0               1              -0 
2  550 -1 547 1 548 -1 389 -1 388 -1 387 -1 0
1
              1               0               0               0 
              0               1               0               0 
              0               0               1               0 
1
              1               0               0               0 
              0               1               0               0 
              0               0               1               0 
2  552 1 553 -1 389 -1 388 -1 387 -1 0
1
              1               0               0            -1.8 
              0               1               0               0 
              0               0               1              -0 
2  555 -1 552 1 553 -1 389 -1 388 -1 387 -1 0
1
              1               0               0               0 
              0               1               0               0 
              0               0               1               0 
1
              1               0               0               0 
              0               1               0               0 
              0               0               1               0 
2  557 1 558 -1 389 -1 388 -1 387 -1 0
1
              1               0               0            -1.8 
              0               1               0               0 
              0               0               1              -0 
2  560 -1 557 1 558 -1 389 -1 388 -1 387 -1 0
1
              1               0               0               0 
              0               1               0               0 
              0               0               1               0 
1
              1               0               0               0 
              0               1               0               0 
              0               0               1               0 
2  562 1 563 -1 389 -1 388 -1 387 -1 0
1
              1               0               0            -1.8 
              0               1               0               0 
              0               0               1              -0 
2  565 -1 562 1 563 -1 389 -1 388 -1 387 -1 0
1
              1               0               0               0 
              0               1               0               0 
              0               0               1               0 
1
              1               0               0               0 
              0               1               0               0 
              0               0               1               0 
2  567 1 568 -1 389 -1 388 -1 387 -1 0
1
              1               0               0               0 
              0               1               0               0 
              0               0               1               0 
1
              1               0               0               0 
              0               1               0               0 
              0               0               1               0 
2  570 1 571 -1 389 -1 388 -1 387 -1 0
1
              1               0               0               0 
              0               1               0               0 
              0               0               1               0 
1
              1               0               0               0 
              0               1               0               0 
              0               0               1               0 
2  573 1 574 -1 389 -1 388 -1 387 -1 0
2  391 1 390 -1 389 -1 388 -1 387 -1 0
2  140 1 395 -1 394 -1 393 1 392 -1 391 1 390 -1 389 -1 388 -1 387 -1 0
2  138 1 139 1 395 -1 394 -1 393 1 392 -1 391 1 390 -1 389 -1 388 -1 387 -1 0
2  136 1 137 1 138 1 139 1 140 -1 141 1 0
2  10 1 11 -1 0
2  381 1 29 1 30 1 11 -1 33 1 0
1
              1               0               0               0 
              0               1               0               0 
              0               0               1               0 
2  582 1 50 1 51 1 9 -1 58 1 10 1 11 -1 0
2  9 1 51 -1 50 -1 582 -1 0
2  58 -1 9 1 51 -1 50 -1 582 -1 0
2  51 -1 50 -1 582 -1 0
2  8 1 51 -1 50 -1 582 -1 0
2  582 -1 0
2  9 -1 58 1 10 1 11 -1 12 1 13 -1 2 1 3 1 4 -1 5 1 6 -1 0
2  50 1 51 1 0
1
              1               0               0               0 
              0               1               0               0 
              0               0               1               0 
2  9 1 51 -1 50 -1 591 -1 0
2  58 -1 9 1 51 -1 50 -1 591 -1 0
2  51 -1 50 -1 591 -1 0
2  8 1 51 -1 50 -1 591 -1 0
2  2 -1 13 1 12 -1 11 1 10 -1 58 -1 9 1 51 -1 50 -1 591 -1 0
2  591 -1 0
1
              1               0               0               0 
              0               1               0               0 
              0               0               1               0 
2  9 1 51 -1 50 -1 598 -1 0
2  58 -1 9 1 51 -1 50 -1 598 -1 0
2  51 -1 50 -1 598 -1 0
2  8 1 51 -1 50 -1 598 -1 0
2  598 -1 0
1
              1               0               0               0 
              0               1               0               0 
              0               0               1               0 
2  9 1 51 -1 50 -1 604 -1 0
2  58 -1 9 1 51 -1 50 -1 604 -1 0
2  51 -1 50 -1 604 -1 0
2  8 1 51 -1 50 -1 604 -1 0
2  604 -1 0
2  4 -1 5 1 6 -1 0
2  347 1 348 1 0
2  591 1 50 1 51 1 9 -1 58 1 10 1 11 -1 12 1 13 -1 2 1 3 1 4 -1 5 1 6 -1 0
2  6 1 5 -1 4 1 3 -1 2 -1 13 1 12 -1 11 1 10 -1 0
2  373 1 374 1 6 -1 0
2  6 1 374 -1 373 -1 0
1
              1               0               0 8779.62769109413 
              0               1               0       -9.75e-13 
              0               0               1        9.75e-13 
2  616 -1 6 1 374 -1 373 -1 0
2  374 -1 373 -1 0
1
              1               0               0               0 
              0               1               0               0 
              0               0               1               0 
2  619 1 29 1 30 1 11 -1 33 1 12 1 13 -1 2 1 3 1 4 -1 5 1 6 -1 0
2  126 -1 13 1 12 -1 33 -1 11 1 30 -1 29 -1 619 -1 0
2  10 1 11 -1 33 -1 11 1 30 -1 29 -1 619 -1 0
2  4 1 3 -1 2 -1 13 1 12 -1 33 -1 11 1 30 -1 29 -1 619 -1 0
2  6 1 5 -1 4 1 3 -1 2 -1 13 1 12 -1 33 -1 11 1 30 -1 29 -1 619 -1 0
2  373 1 374 1 5 -1 4 1 3 -1 2 -1 13 1 12 -1 33 -1 11 1 30 -1 29 -1 619 -1 0
2  5 1 374 -1 373 -1 0
2  376 1 29 1 30 1 11 -1 33 1 12 1 13 -1 2 1 3 1 4 -1 0
2  604 1 50 1 51 1 9 -1 58 1 10 1 11 -1 12 1 13 -1 2 1 3 1 4 -1 0
2  392 1 393 -1 394 1 395 1 140 -1 0
2  140 1 395 -1 394 -1 393 1 392 -1 0
1
              1               0               0            -1.8 
              0               1               0               0 
              0               0               1              -0 
2  387 1 388 1 389 1 390 1 391 -1 631 1 392 1 393 -1 394 1 395 1 140 -1 0
2  631 -1 391 1 390 -1 389 -1 388 -1 387 -1 0
2  598 1 50 1 51 1 9 -1 58 1 10 1 11 -1 12 1 13 -1 2 1 3 1 4 -1 5 1 6 -1 0
2  6 -1 0
2  373 1 374 1 0
2  395 1 140 -1 142 1 143 -1 144 1 18 -1 8 1 9 -1 10 1 11 -1 12 1 13 -1 2 1 3 1 4 -1 5 1 6 -1 0
2  392 1 393 -1 394 1 0
2  387 1 388 1 389 1 390 1 391 -1 631 1 392 1 393 -1 394 1 0
2  2 -1 13 1 12 -1 11 1 10 -1 9 1 8 -1 18 1 144 -1 143 1 142 -1 140 1 395 -1 0
2  392 1 393 -1 394 1 395 1 140 -1 142 1 143 -1 144 1 18 -1 8 1 9 -1 10 1 11 -1 12 1 13 -1 2 1 0
1
              1               0               0               0 
              0               1               0               0 
              0               0               1               0 
1
             -0               0              -1            -1.8 
             -1               0               0               0 
              0               1              -0              -0 
1
              1               0               0               0 
              0               1               0               0 
              0               0               1               0 
1
              1               0               0               0 
              0 -0.104528463267654 0.994521895368273 -31.5925043278086 
              0 -0.994521895368273 -0.104528463267654 83.9539813337442 
2  642 1 643 1 393 -1 644 1 645 1 395 1 140 -1 142 1 143 -1 144 1 18 -1 8 1 9 -1 10 1 11 -1 12 1 13 -1 2 1 0
1
              1               0               0               0 
              0 0.104528463267653 0.994521895368273 -36.1917567115853 
              0 -0.994521895368273 0.104528463267653 72.2049820624599 
2  642 1 643 1 393 -1 644 1 647 1 395 1 140 -1 142 1 143 -1 144 1 18 -1 8 1 9 -1 10 1 11 -1 12 1 13 -1 2 1 0
2  642 1 643 1 393 -1 644 1 647 1 0
2  393 1 643 -1 642 -1 0
1
              1               0               0            -0.7 
              0               1               0               0 
              0               0               1              -0 
2  651 -1 393 1 643 -1 642 -1 0
2  643 -1 642 -1 0
2  392 1 643 -1 642 -1 0
1
              1               0               0               0 
              0 0.978147600733806 -0.207911690817759 12.1653898078143 
              0 0.207911690817759 0.978147600733806 -3.34595235923059 
2  392 1 393 -1 394 1 655 -1 644 -1 393 1 643 -1 642 -1 0
1
              1               0               0               0 
              0 0.913545457642601 -0.4067366430758 24.7605992727228 
              0 0.4067366430758 0.913545457642601 -4.08946086718177 
2  392 1 393 -1 394 1 657 -1 644 -1 393 1 643 -1 642 -1 0
1
              1               0               0               0 
              0 0.809016994374947 -0.587785252292473 37.2351573025881 
              0 0.587785252292473 0.809016994374947 -2.19803063430646 
2  392 1 393 -1 394 1 659 -1 644 -1 393 1 643 -1 642 -1 0
1
              1               0               0               0 
              0 0.669130606358858 -0.743144825477394 49.0438658519347 
              0 0.743144825477394 0.669130606358858 2.2456737621295 
2  392 1 393 -1 394 1 661 -1 644 -1 393 1 643 -1 642 -1 0
1
              1               0               0               0 
              0             0.5 -0.866025403784439 59.6706276926854 
              0 0.866025403784439             0.5 9.04744111674235 
2  392 1 393 -1 394 1 663 -1 644 -1 393 1 643 -1 642 -1 0
1
              1               0               0               0 
              0 0.309016994374947 -0.951056516295154 68.6510023395388 
              0 0.951056516295154 0.309016994374947 17.9100015576346 
2  392 1 393 -1 394 1 665 -1 644 -1 393 1 643 -1 642 -1 0
1
              1               0               0               0 
              0 0.104528463267654 -0.994521895368273 75.5925043278086 
              0 0.994521895368273 0.104528463267654 28.4460186662559 
2  392 1 393 -1 394 1 667 -1 644 -1 393 1 643 -1 642 -1 0
1
              1               0               0               0 
              0 -0.104528463267653 -0.994521895368273 80.1917567115853 
              0 0.994521895368273 -0.104528463267653 40.1950179375401 
2  392 1 393 -1 394 1 669 -1 644 -1 393 1 643 -1 642 -1 0
1
              1               0               0               0 
              0 -0.309016994374947 -0.951056516295154 82.2477500920365 
              0 0.951056516295154 -0.309016994374947 52.6435117253787 
2  392 1 393 -1 394 1 671 -1 644 -1 393 1 643 -1 642 -1 0
1
              1               0               0               0 
              0            -0.5 -0.866025403784439 81.6706276926855 
              0 0.866025403784439            -0.5 65.2474411167423 
2  392 1 393 -1 394 1 673 -1 644 -1 393 1 643 -1 642 -1 0
1
              1               0               0               0 
              0 -0.669130606358858 -0.743144825477394 78.4856125317244 
              0 0.743144825477394 -0.669130606358858 77.4559539168651 
2  392 1 393 -1 394 1 675 -1 644 -1 393 1 643 -1 642 -1 0
1
              1               0               0               0 
              0 -0.809016994374947 -0.587785252292473 72.8319050550858 
              0 0.587785252292473 -0.809016994374947 88.7354795334376 
2  392 1 393 -1 394 1 677 -1 644 -1 393 1 643 -1 642 -1 0
1
              1               0               0               0 
              0 -0.913545457642601 -0.4067366430758 64.9565994089972 
              0 0.4067366430758 -0.913545457642601 98.5930485718466 
2  392 1 393 -1 394 1 679 -1 644 -1 393 1 643 -1 642 -1 0
1
              1               0               0               0 
              0 -0.978147600733806 -0.20791169081776 55.2038842401018 
              0 0.20791169081776 -0.978147600733806 106.597837963249 
2  392 1 393 -1 394 1 681 -1 644 -1 393 1 643 -1 642 -1 0
1
              1               0               0               0 
              0              -1              -0              44 
              0               0              -1           112.4 
2  392 1 393 -1 394 1 683 -1 644 -1 393 1 643 -1 642 -1 0
1
              1               0               0               0 
              0 -0.978147600733806 0.207911690817759 31.8346101921857 
              0 -0.207911690817759 -0.978147600733806 115.745952359231 
2  392 1 393 -1 394 1 685 -1 644 -1 393 1 643 -1 642 -1 0
1
              1               0               0               0 
              0 -0.913545457642601 0.4067366430758 19.2394007272773 
              0 -0.4067366430758 -0.913545457642601 116.489460867182 
2  392 1 393 -1 394 1 687 -1 644 -1 393 1 643 -1 642 -1 0
1
              1               0               0               0 
              0 -0.809016994374947 0.587785252292473 6.76484269741186 
              0 -0.587785252292473 -0.809016994374947 114.598030634306 
2  392 1 393 -1 394 1 689 -1 644 -1 393 1 643 -1 642 -1 0
1
              1               0               0               0 
              0 -0.669130606358858 0.743144825477394 -5.04386585193466 
              0 -0.743144825477394 -0.669130606358858 110.154326237871 
2  392 1 393 -1 394 1 691 -1 644 -1 393 1 643 -1 642 -1 0
1
              1               0               0               0 
              0            -0.5 0.866025403784438 -15.6706276926854 
              0 -0.866025403784438            -0.5 103.352558883258 
2  392 1 393 -1 394 1 693 -1 644 -1 393 1 643 -1 642 -1 0
1
              1               0               0               0 
              0 -0.309016994374947 0.951056516295154 -24.6510023395388 
              0 -0.951056516295154 -0.309016994374947 94.4899984423654 
2  392 1 393 -1 394 1 695 -1 644 -1 393 1 643 -1 642 -1 0
2  392 1 393 -1 394 1 645 -1 644 -1 393 1 643 -1 642 -1 0
2  392 1 393 -1 394 1 647 -1 644 -1 393 1 643 -1 642 -1 0
1
              1               0               0               0 
              0 0.309016994374947 0.951056516295154 -38.2477500920365 
              0 -0.951056516295154 0.309016994374947 59.7564882746213 
2  392 1 393 -1 394 1 699 -1 644 -1 393 1 643 -1 642 -1 0
1
              1               0               0               0 
              0 0.499999999999999 0.866025403784439 -37.6706276926855 
              0 -0.866025403784439 0.499999999999999 47.1525588832577 
2  392 1 393 -1 394 1 701 -1 644 -1 393 1 643 -1 642 -1 0
1
              1               0               0               0 
              0 0.669130606358858 0.743144825477395 -34.4856125317244 
              0 -0.743144825477395 0.669130606358858 34.9440460831349 
2  392 1 393 -1 394 1 703 -1 644 -1 393 1 643 -1 642 -1 0
1
              1               0               0               0 
              0 0.809016994374947 0.587785252292473 -28.8319050550858 
              0 -0.587785252292473 0.809016994374947 23.6645204665624 
2  392 1 393 -1 394 1 705 -1 644 -1 393 1 643 -1 642 -1 0
1
              1               0               0               0 
              0 0.913545457642601 0.406736643075801 -20.9565994089972 
              0 -0.406736643075801 0.913545457642601 13.8069514281535 
2  392 1 393 -1 394 1 707 -1 644 -1 393 1 643 -1 642 -1 0
1
              1               0               0               0 
              0 0.978147600733806 0.20791169081776 -11.2038842401018 
              0 -0.20791169081776 0.978147600733806 5.80216203675084 
2  392 1 393 -1 394 1 709 -1 644 -1 393 1 643 -1 642 -1 0
2  642 1 643 1 393 -1 644 1 699 1 395 1 140 -1 142 1 143 -1 144 1 18 -1 8 1 9 -1 10 1 11 -1 12 1 13 -1 2 1 0
2  642 1 643 1 393 -1 644 1 699 1 0
2  642 1 643 1 393 -1 644 1 701 1 395 1 140 -1 142 1 143 -1 144 1 18 -1 8 1 9 -1 10 1 11 -1 12 1 13 -1 2 1 0
2  642 1 643 1 393 -1 644 1 701 1 0
2  642 1 643 1 393 -1 644 1 703 1 395 1 140 -1 142 1 143 -1 144 1 18 -1 8 1 9 -1 10 1 11 -1 12 1 13 -1 2 1 0
2  642 1 643 1 393 -1 644 1 703 1 0
2  642 1 643 1 393 -1 644 1 705 1 395 1 140 -1 142 1 143 -1 144 1 18 -1 8 1 9 -1 10 1 11 -1 12 1 13 -1 2 1 0
2  642 1 643 1 393 -1 644 1 705 1 0
2  642 1 643 1 393 -1 644 1 707 1 395 1 140 -1 142 1 143 -1 144 1 18 -1 8 1 9 -1 10 1 11 -1 12 1 13 -1 2 1 0
2  642 1 643 1 393 -1 644 1 707 1 0
2  642 1 643 1 393 -1 644 1 709 1 395 1 140 -1 142 1 143 -1 144 1 18 -1 8 1 9 -1 10 1 11 -1 12 1 13 -1 2 1 0
2  642 1 643 1 393 -1 644 1 709 1 0
2  642 1 643 1 393 -1 394 1 395 1 140 -1 142 1 143 -1 144 1 18 -1 8 1 9 -1 10 1 11 -1 12 1 13 -1 2 1 0
2  642 1 643 1 393 -1 394 1 0
2  642 1 643 1 393 -1 644 1 655 1 395 1 140 -1 142 1 143 -1 144 1 18 -1 8 1 9 -1 10 1 11 -1 12 1 13 -1 2 1 0
2  642 1 643 1 393 -1 644 1 655 1 0
2  642 1 643 1 393 -1 644 1 657 1 395 1 140 -1 142 1 143 -1 144 1 18 -1 8 1 9 -1 10 1 11 -1 12 1 13 -1 2 1 0
2  642 1 643 1 393 -1 644 1 657 1 0
2  642 1 643 1 393 -1 644 1 659 1 395 1 140 -1 142 1 143 -1 144 1 18 -1 8 1 9 -1 10 1 11 -1 12 1 13 -1 2 1 0
2  642 1 643 1 393 -1 644 1 659 1 0
2  642 1 643 1 393 -1 644 1 661 1 395 1 140 -1 142 1 143 -1 144 1 18 -1 8 1 9 -1 10 1 11 -1 12 1 13 -1 2 1 0
2  642 1 643 1 393 -1 644 1 661 1 0
2  642 1 643 1 393 -1 644 1 663 1 395 1 140 -1 142 1 143 -1 144 1 18 -1 8 1 9 -1 10 1 11 -1 12 1 13 -1 2 1 0
2  642 1 643 1 393 -1 644 1 663 1 0
2  642 1 643 1 393 -1 644 1 665 1 395 1 140 -1 142 1 143 -1 144 1 18 -1 8 1 9 -1 10 1 11 -1 12 1 13 -1 2 1 0
2  642 1 643 1 393 -1 644 1 665 1 0
2  642 1 643 1 393 -1 644 1 667 1 395 1 140 -1 142 1 143 -1 144 1 18 -1 8 1 9 -1 10 1 11 -1 12 1 13 -1 2 1 0
2  642 1 643 1 393 -1 644 1 667 1 0
2  642 1 643 1 393 -1 644 1 669 1 395 1 140 -1 142 1 143 -1 144 1 18 -1 8 1 9 -1 10 1 11 -1 12 1 13 -1 2 1 0
2  642 1 643 1 393 -1 644 1 669 1 0
2  642 1 643 1 393 -1 644 1 671 1 395 1 140 -1 142 1 143 -1 144 1 18 -1 8 1 9 -1 10 1 11 -1 12 1 13 -1 2 1 0
2  642 1 643 1 393 -1 644 1 671 1 0
2  642 1 643 1 393 -1 644 1 673 1 395 1 140 -1 142 1 143 -1 144 1 18 -1 8 1 9 -1 10 1 11 -1 12 1 13 -1 2 1 0
2  642 1 643 1 393 -1 644 1 673 1 0
2  642 1 643 1 393 -1 644 1 675 1 395 1 140 -1 142 1 143 -1 144 1 18 -1 8 1 9 -1 10 1 11 -1 12 1 13 -1 2 1 0
2  642 1 643 1 393 -1 644 1 675 1 0
2  642 1 643 1 393 -1 644 1 677 1 395 1 140 -1 142 1 143 -1 144 1 18 -1 8 1 9 -1 10 1 11 -1 12 1 13 -1 2 1 0
2  642 1 643 1 393 -1 644 1 677 1 0
2  642 1 643 1 393 -1 644 1 679 1 395 1 140 -1 142 1 143 -1 144 1 18 -1 8 1 9 -1 10 1 11 -1 12 1 13 -1 2 1 0
2  642 1 643 1 393 -1 644 1 679 1 0
2  642 1 643 1 393 -1 644 1 681 1 395 1 140 -1 142 1 143 -1 144 1 18 -1 8 1 9 -1 10 1 11 -1 12 1 13 -1 2 1 0
2  642 1 643 1 393 -1 644 1 681 1 0
2  642 1 643 1 393 -1 644 1 683 1 395 1 140 -1 142 1 143 -1 144 1 18 -1 8 1 9 -1 10 1 11 -1 12 1 13 -1 2 1 0
2  642 1 643 1 393 -1 644 1 683 1 0
2  642 1 643 1 393 -1 644 1 685 1 395 1 140 -1 142 1 143 -1 144 1 18 -1 8 1 9 -1 10 1 11 -1 12 1 13 -1 2 1 0
2  642 1 643 1 393 -1 644 1 685 1 0
2  642 1 643 1 393 -1 644 1 687 1 395 1 140 -1 142 1 143 -1 144 1 18 -1 8 1 9 -1 10 1 11 -1 12 1 13 -1 2 1 0
2  642 1 643 1 393 -1 644 1 687 1 0
2  642 1 643 1 393 -1 644 1 689 1 395 1 140 -1 142 1 143 -1 144 1 18 -1 8 1 9 -1 10 1 11 -1 12 1 13 -1 2 1 0
2  642 1 643 1 393 -1 644 1 689 1 0
2  642 1 643 1 393 -1 644 1 691 1 395 1 140 -1 142 1 143 -1 144 1 18 -1 8 1 9 -1 10 1 11 -1 12 1 13 -1 2 1 0
2  642 1 643 1 393 -1 644 1 691 1 0
2  642 1 643 1 393 -1 644 1 693 1 395 1 140 -1 142 1 143 -1 144 1 18 -1 8 1 9 -1 10 1 11 -1 12 1 13 -1 2 1 0
2  642 1 643 1 393 -1 644 1 693 1 0
2  642 1 643 1 393 -1 644 1 695 1 395 1 140 -1 142 1 143 -1 144 1 18 -1 8 1 9 -1 10 1 11 -1 12 1 13 -1 2 1 0
2  642 1 643 1 393 -1 644 1 695 1 0
2  642 1 643 1 393 -1 644 1 645 1 0
2  393 -1 651 1 644 1 695 1 395 1 140 -1 142 1 143 -1 144 1 18 -1 8 1 9 -1 10 1 11 -1 12 1 13 -1 2 1 0
2  642 1 643 1 393 -1 651 1 644 1 695 1 395 1 140 -1 142 1 143 -1 144 1 18 -1 8 1 9 -1 10 1 11 -1 12 1 13 -1 2 1 0
2  644 1 695 1 395 1 140 -1 142 1 143 -1 144 1 18 -1 8 1 9 -1 10 1 11 -1 12 1 13 -1 2 1 0
2  644 1 693 1 395 1 140 -1 142 1 143 -1 144 1 18 -1 8 1 9 -1 10 1 11 -1 12 1 13 -1 2 1 0
2  642 1 643 1 393 -1 651 1 644 1 693 1 395 1 140 -1 142 1 143 -1 144 1 18 -1 8 1 9 -1 10 1 11 -1 12 1 13 -1 2 1 0
2  393 -1 651 1 644 1 693 1 395 1 140 -1 142 1 143 -1 144 1 18 -1 8 1 9 -1 10 1 11 -1 12 1 13 -1 2 1 0
2  644 1 691 1 395 1 140 -1 142 1 143 -1 144 1 18 -1 8 1 9 -1 10 1 11 -1 12 1 13 -1 2 1 0
2  642 1 643 1 393 -1 651 1 644 1 691 1 395 1 140 -1 142 1 143 -1 144 1 18 -1 8 1 9 -1 10 1 11 -1 12 1 13 -1 2 1 0
2  393 -1 651 1 644 1 691 1 395 1 140 -1 142 1 143 -1 144 1 18 -1 8 1 9 -1 10 1 11 -1 12 1 13 -1 2 1 0
2  644 1 689 1 395 1 140 -1 142 1 143 -1 144 1 18 -1 8 1 9 -1 10 1 11 -1 12 1 13 -1 2 1 0
2  642 1 643 1 393 -1 651 1 644 1 689 1 395 1 140 -1 142 1 143 -1 144 1 18 -1 8 1 9 -1 10 1 11 -1 12 1 13 -1 2 1 0
2  393 -1 651 1 644 1 689 1 395 1 140 -1 142 1 143 -1 144 1 18 -1 8 1 9 -1 10 1 11 -1 12 1 13 -1 2 1 0
2  644 1 687 1 395 1 140 -1 142 1 143 -1 144 1 18 -1 8 1 9 -1 10 1 11 -1 12 1 13 -1 2 1 0
2  642 1 643 1 393 -1 651 1 644 1 687 1 395 1 140 -1 142 1 143 -1 144 1 18 -1 8 1 9 -1 10 1 11 -1 12 1 13 -1 2 1 0
2  393 -1 651 1 644 1 687 1 395 1 140 -1 142 1 143 -1 144 1 18 -1 8 1 9 -1 10 1 11 -1 12 1 13 -1 2 1 0
2  644 1 685 1 395 1 140 -1 142 1 143 -1 144 1 18 -1 8 1 9 -1 10 1 11 -1 12 1 13 -1 2 1 0
2  642 1 643 1 393 -1 651 1 644 1 685 1 395 1 140 -1 142 1 143 -1 144 1 18 -1 8 1 9 -1 10 1 11 -1 12 1 13 -1 2 1 0
2  393 -1 651 1 644 1 685 1 395 1 140 -1 142 1 143 -1 144 1 18 -1 8 1 9 -1 10 1 11 -1 12 1 13 -1 2 1 0
2  644 1 683 1 395 1 140 -1 142 1 143 -1 144 1 18 -1 8 1 9 -1 10 1 11 -1 12 1 13 -1 2 1 0
2  642 1 643 1 393 -1 651 1 644 1 683 1 395 1 140 -1 142 1 143 -1 144 1 18 -1 8 1 9 -1 10 1 11 -1 12 1 13 -1 2 1 0
2  393 -1 651 1 644 1 683 1 395 1 140 -1 142 1 143 -1 144 1 18 -1 8 1 9 -1 10 1 11 -1 12 1 13 -1 2 1 0
2  644 1 681 1 395 1 140 -1 142 1 143 -1 144 1 18 -1 8 1 9 -1 10 1 11 -1 12 1 13 -1 2 1 0
2  642 1 643 1 393 -1 651 1 644 1 681 1 395 1 140 -1 142 1 143 -1 144 1 18 -1 8 1 9 -1 10 1 11 -1 12 1 13 -1 2 1 0
2  393 -1 651 1 644 1 681 1 395 1 140 -1 142 1 143 -1 144 1 18 -1 8 1 9 -1 10 1 11 -1 12 1 13 -1 2 1 0
2  644 1 679 1 395 1 140 -1 142 1 143 -1 144 1 18 -1 8 1 9 -1 10 1 11 -1 12 1 13 -1 2 1 0
2  642 1 643 1 393 -1 651 1 644 1 679 1 395 1 140 -1 142 1 143 -1 144 1 18 -1 8 1 9 -1 10 1 11 -1 12 1 13 -1 2 1 0
2  393 -1 651 1 644 1 679 1 395 1 140 -1 142 1 143 -1 144 1 18 -1 8 1 9 -1 10 1 11 -1 12 1 13 -1 2 1 0
2  644 1 677 1 395 1 140 -1 142 1 143 -1 144 1 18 -1 8 1 9 -1 10 1 11 -1 12 1 13 -1 2 1 0
2  642 1 643 1 393 -1 651 1 644 1 677 1 395 1 140 -1 142 1 143 -1 144 1 18 -1 8 1 9 -1 10 1 11 -1 12 1 13 -1 2 1 0
2  393 -1 651 1 644 1 677 1 395 1 140 -1 142 1 143 -1 144 1 18 -1 8 1 9 -1 10 1 11 -1 12 1 13 -1 2 1 0
2  644 1 675 1 395 1 140 -1 142 1 143 -1 144 1 18 -1 8 1 9 -1 10 1 11 -1 12 1 13 -1 2 1 0
2  642 1 643 1 393 -1 651 1 644 1 675 1 395 1 140 -1 142 1 143 -1 144 1 18 -1 8 1 9 -1 10 1 11 -1 12 1 13 -1 2 1 0
2  393 -1 651 1 644 1 675 1 395 1 140 -1 142 1 143 -1 144 1 18 -1 8 1 9 -1 10 1 11 -1 12 1 13 -1 2 1 0
2  644 1 673 1 395 1 140 -1 142 1 143 -1 144 1 18 -1 8 1 9 -1 10 1 11 -1 12 1 13 -1 2 1 0
2  642 1 643 1 393 -1 651 1 644 1 673 1 395 1 140 -1 142 1 143 -1 144 1 18 -1 8 1 9 -1 10 1 11 -1 12 1 13 -1 2 1 0
2  393 -1 651 1 644 1 673 1 395 1 140 -1 142 1 143 -1 144 1 18 -1 8 1 9 -1 10 1 11 -1 12 1 13 -1 2 1 0
2  644 1 671 1 395 1 140 -1 142 1 143 -1 144 1 18 -1 8 1 9 -1 10 1 11 -1 12 1 13 -1 2 1 0
2  642 1 643 1 393 -1 651 1 644 1 671 1 395 1 140 -1 142 1 143 -1 144 1 18 -1 8 1 9 -1 10 1 11 -1 12 1 13 -1 2 1 0
2  393 -1 651 1 644 1 671 1 395 1 140 -1 142 1 143 -1 144 1 18 -1 8 1 9 -1 10 1 11 -1 12 1 13 -1 2 1 0
2  644 1 669 1 395 1 140 -1 142 1 143 -1 144 1 18 -1 8 1 9 -1 10 1 11 -1 12 1 13 -1 2 1 0
2  642 1 643 1 393 -1 651 1 644 1 669 1 395 1 140 -1 142 1 143 -1 144 1 18 -1 8 1 9 -1 10 1 11 -1 12 1 13 -1 2 1 0
2  393 -1 651 1 644 1 669 1 395 1 140 -1 142 1 143 -1 144 1 18 -1 8 1 9 -1 10 1 11 -1 12 1 13 -1 2 1 0
2  644 1 667 1 395 1 140 -1 142 1 143 -1 144 1 18 -1 8 1 9 -1 10 1 11 -1 12 1 13 -1 2 1 0
2  642 1 643 1 393 -1 651 1 644 1 667 1 395 1 140 -1 142 1 143 -1 144 1 18 -1 8 1 9 -1 10 1 11 -1 12 1 13 -1 2 1 0
2  393 -1 651 1 644 1 667 1 395 1 140 -1 142 1 143 -1 144 1 18 -1 8 1 9 -1 10 1 11 -1 12 1 13 -1 2 1 0
2  644 1 665 1 395 1 140 -1 142 1 143 -1 144 1 18 -1 8 1 9 -1 10 1 11 -1 12 1 13 -1 2 1 0
2  642 1 643 1 393 -1 651 1 644 1 665 1 395 1 140 -1 142 1 143 -1 144 1 18 -1 8 1 9 -1 10 1 11 -1 12 1 13 -1 2 1 0
2  393 -1 651 1 644 1 665 1 395 1 140 -1 142 1 143 -1 144 1 18 -1 8 1 9 -1 10 1 11 -1 12 1 13 -1 2 1 0
2  644 1 663 1 395 1 140 -1 142 1 143 -1 144 1 18 -1 8 1 9 -1 10 1 11 -1 12 1 13 -1 2 1 0
2  642 1 643 1 393 -1 651 1 644 1 663 1 395 1 140 -1 142 1 143 -1 144 1 18 -1 8 1 9 -1 10 1 11 -1 12 1 13 -1 2 1 0
2  393 -1 651 1 644 1 663 1 395 1 140 -1 142 1 143 -1 144 1 18 -1 8 1 9 -1 10 1 11 -1 12 1 13 -1 2 1 0
2  644 1 661 1 395 1 140 -1 142 1 143 -1 144 1 18 -1 8 1 9 -1 10 1 11 -1 12 1 13 -1 2 1 0
2  642 1 643 1 393 -1 651 1 644 1 661 1 395 1 140 -1 142 1 143 -1 144 1 18 -1 8 1 9 -1 10 1 11 -1 12 1 13 -1 2 1 0
2  393 -1 651 1 644 1 661 1 395 1 140 -1 142 1 143 -1 144 1 18 -1 8 1 9 -1 10 1 11 -1 12 1 13 -1 2 1 0
2  644 1 659 1 395 1 140 -1 142 1 143 -1 144 1 18 -1 8 1 9 -1 10 1 11 -1 12 1 13 -1 2 1 0
2  642 1 643 1 393 -1 651 1 644 1 659 1 395 1 140 -1 142 1 143 -1 144 1 18 -1 8 1 9 -1 10 1 11 -1 12 1 13 -1 2 1 0
2  393 -1 651 1 644 1 659 1 395 1 140 -1 142 1 143 -1 144 1 18 -1 8 1 9 -1 10 1 11 -1 12 1 13 -1 2 1 0
2  644 1 657 1 395 1 140 -1 142 1 143 -1 144 1 18 -1 8 1 9 -1 10 1 11 -1 12 1 13 -1 2 1 0
2  642 1 643 1 393 -1 651 1 644 1 657 1 395 1 140 -1 142 1 143 -1 144 1 18 -1 8 1 9 -1 10 1 11 -1 12 1 13 -1 2 1 0
2  393 -1 651 1 644 1 657 1 395 1 140 -1 142 1 143 -1 144 1 18 -1 8 1 9 -1 10 1 11 -1 12 1 13 -1 2 1 0
2  644 1 655 1 395 1 140 -1 142 1 143 -1 144 1 18 -1 8 1 9 -1 10 1 11 -1 12 1 13 -1 2 1 0
2  642 1 643 1 393 -1 651 1 644 1 655 1 395 1 140 -1 142 1 143 -1 144 1 18 -1 8 1 9 -1 10 1 11 -1 12 1 13 -1 2 1 0
2  393 -1 651 1 644 1 655 1 395 1 140 -1 142 1 143 -1 144 1 18 -1 8 1 9 -1 10 1 11 -1 12 1 13 -1 2 1 0
2  394 1 395 1 140 -1 142 1 143 -1 144 1 18 -1 8 1 9 -1 10 1 11 -1 12 1 13 -1 2 1 0
2  642 1 643 1 393 -1 651 1 394 1 395 1 140 -1 142 1 143 -1 144 1 18 -1 8 1 9 -1 10 1 11 -1 12 1 13 -1 2 1 0
2  393 -1 651 1 394 1 395 1 140 -1 142 1 143 -1 144 1 18 -1 8 1 9 -1 10 1 11 -1 12 1 13 -1 2 1 0
2  644 1 709 1 395 1 140 -1 142 1 143 -1 144 1 18 -1 8 1 9 -1 10 1 11 -1 12 1 13 -1 2 1 0
2  642 1 643 1 393 -1 651 1 644 1 709 1 395 1 140 -1 142 1 143 -1 144 1 18 -1 8 1 9 -1 10 1 11 -1 12 1 13 -1 2 1 0
2  393 -1 651 1 644 1 709 1 395 1 140 -1 142 1 143 -1 144 1 18 -1 8 1 9 -1 10 1 11 -1 12 1 13 -1 2 1 0
2  644 1 707 1 395 1 140 -1 142 1 143 -1 144 1 18 -1 8 1 9 -1 10 1 11 -1 12 1 13 -1 2 1 0
2  642 1 643 1 393 -1 651 1 644 1 707 1 395 1 140 -1 142 1 143 -1 144 1 18 -1 8 1 9 -1 10 1 11 -1 12 1 13 -1 2 1 0
2  393 -1 651 1 644 1 707 1 395 1 140 -1 142 1 143 -1 144 1 18 -1 8 1 9 -1 10 1 11 -1 12 1 13 -1 2 1 0
2  644 1 705 1 395 1 140 -1 142 1 143 -1 144 1 18 -1 8 1 9 -1 10 1 11 -1 12 1 13 -1 2 1 0
2  642 1 643 1 393 -1 651 1 644 1 705 1 395 1 140 -1 142 1 143 -1 144 1 18 -1 8 1 9 -1 10 1 11 -1 12 1 13 -1 2 1 0
2  393 -1 651 1 644 1 705 1 395 1 140 -1 142 1 143 -1 144 1 18 -1 8 1 9 -1 10 1 11 -1 12 1 13 -1 2 1 0
2  644 1 703 1 395 1 140 -1 142 1 143 -1 144 1 18 -1 8 1 9 -1 10 1 11 -1 12 1 13 -1 2 1 0
2  642 1 643 1 393 -1 651 1 644 1 703 1 395 1 140 -1 142 1 143 -1 144 1 18 -1 8 1 9 -1 10 1 11 -1 12 1 13 -1 2 1 0
2  393 -1 651 1 644 1 703 1 395 1 140 -1 142 1 143 -1 144 1 18 -1 8 1 9 -1 10 1 11 -1 12 1 13 -1 2 1 0
2  644 1 701 1 395 1 140 -1 142 1 143 -1 144 1 18 -1 8 1 9 -1 10 1 11 -1 12 1 13 -1 2 1 0
2  642 1 643 1 393 -1 651 1 644 1 701 1 395 1 140 -1 142 1 143 -1 144 1 18 -1 8 1 9 -1 10 1 11 -1 12 1 13 -1 2 1 0
2  393 -1 651 1 644 1 701 1 395 1 140 -1 142 1 143 -1 144 1 18 -1 8 1 9 -1 10 1 11 -1 12 1 13 -1 2 1 0
2  644 1 699 1 395 1 140 -1 142 1 143 -1 144 1 18 -1 8 1 9 -1 10 1 11 -1 12 1 13 -1 2 1 0
2  642 1 643 1 393 -1 651 1 644 1 699 1 395 1 140 -1 142 1 143 -1 144 1 18 -1 8 1 9 -1 10 1 11 -1 12 1 13 -1 2 1 0
2  393 -1 651 1 644 1 699 1 395 1 140 -1 142 1 143 -1 144 1 18 -1 8 1 9 -1 10 1 11 -1 12 1 13 -1 2 1 0
2  644 1 647 1 395 1 140 -1 142 1 143 -1 144 1 18 -1 8 1 9 -1 10 1 11 -1 12 1 13 -1 2 1 0
2  642 1 643 1 393 -1 651 1 644 1 647 1 395 1 140 -1 142 1 143 -1 144 1 18 -1 8 1 9 -1 10 1 11 -1 12 1 13 -1 2 1 0
2  393 -1 651 1 644 1 647 1 395 1 140 -1 142 1 143 -1 144 1 18 -1 8 1 9 -1 10 1 11 -1 12 1 13 -1 2 1 0
2  644 1 645 1 395 1 140 -1 142 1 143 -1 144 1 18 -1 8 1 9 -1 10 1 11 -1 12 1 13 -1 2 1 0
2  393 -1 651 1 644 1 645 1 395 1 140 -1 142 1 143 -1 144 1 18 -1 8 1 9 -1 10 1 11 -1 12 1 13 -1 2 1 0
2  138 1 139 1 140 -1 142 1 143 -1 144 1 18 -1 8 1 9 -1 10 1 11 -1 12 1 13 -1 2 1 0
2  644 1 647 1 395 1 140 -1 142 1 143 -1 144 1 18 -1 8 1 9 -1 10 1 11 -1 12 1 13 -1 2 1 3 1 4 -1 5 1 6 -1 0
2  2 -1 13 1 12 -1 11 1 10 -1 9 1 8 -1 18 1 144 -1 143 1 142 -1 140 1 395 -1 647 -1 644 -1 0
2  642 1 643 1 393 -1 0
2  642 1 643 1 393 -1 651 1 0
2  644 1 699 1 395 1 140 -1 142 1 143 -1 144 1 18 -1 8 1 9 -1 10 1 11 -1 12 1 13 -1 2 1 3 1 4 -1 5 1 6 -1 0
2  2 -1 13 1 12 -1 11 1 10 -1 9 1 8 -1 18 1 144 -1 143 1 142 -1 140 1 395 -1 699 -1 644 -1 0
2  644 1 701 1 395 1 140 -1 142 1 143 -1 144 1 18 -1 8 1 9 -1 10 1 11 -1 12 1 13 -1 2 1 3 1 4 -1 5 1 6 -1 0
2  2 -1 13 1 12 -1 11 1 10 -1 9 1 8 -1 18 1 144 -1 143 1 142 -1 140 1 395 -1 701 -1 644 -1 0
2  644 1 703 1 395 1 140 -1 142 1 143 -1 144 1 18 -1 8 1 9 -1 10 1 11 -1 12 1 13 -1 2 1 3 1 4 -1 5 1 6 -1 0
2  2 -1 13 1 12 -1 11 1 10 -1 9 1 8 -1 18 1 144 -1 143 1 142 -1 140 1 395 -1 703 -1 644 -1 0
2  644 1 705 1 395 1 140 -1 142 1 143 -1 144 1 18 -1 8 1 9 -1 10 1 11 -1 12 1 13 -1 2 1 3 1 4 -1 5 1 6 -1 0
2  2 -1 13 1 12 -1 11 1 10 -1 9 1 8 -1 18 1 144 -1 143 1 142 -1 140 1 395 -1 705 -1 644 -1 0
2  644 1 707 1 395 1 140 -1 142 1 143 -1 144 1 18 -1 8 1 9 -1 10 1 11 -1 12 1 13 -1 2 1 3 1 4 -1 5 1 6 -1 0
2  2 -1 13 1 12 -1 11 1 10 -1 9 1 8 -1 18 1 144 -1 143 1 142 -1 140 1 395 -1 707 -1 644 -1 0
2  644 1 709 1 395 1 140 -1 142 1 143 -1 144 1 18 -1 8 1 9 -1 10 1 11 -1 12 1 13 -1 2 1 3 1 4 -1 5 1 6 -1 0
2  2 -1 13 1 12 -1 11 1 10 -1 9 1 8 -1 18 1 144 -1 143 1 142 -1 140 1 395 -1 709 -1 644 -1 0
2  394 1 395 1 140 -1 142 1 143 -1 144 1 18 -1 8 1 9 -1 10 1 11 -1 12 1 13 -1 2 1 3 1 4 -1 5 1 6 -1 0
2  2 -1 13 1 12 -1 11 1 10 -1 9 1 8 -1 18 1 144 -1 143 1 142 -1 140 1 395 -1 394 -1 0
2  644 1 655 1 395 1 140 -1 142 1 143 -1 144 1 18 -1 8 1 9 -1 10 1 11 -1 12 1 13 -1 2 1 3 1 4 -1 5 1 6 -1 0
2  2 -1 13 1 12 -1 11 1 10 -1 9 1 8 -1 18 1 144 -1 143 1 142 -1 140 1 395 -1 655 -1 644 -1 0
2  644 1 657 1 395 1 140 -1 142 1 143 -1 144 1 18 -1 8 1 9 -1 10 1 11 -1 12 1 13 -1 2 1 3 1 4 -1 5 1 6 -1 0
2  2 -1 13 1 12 -1 11 1 10 -1 9 1 8 -1 18 1 144 -1 143 1 142 -1 140 1 395 -1 657 -1 644 -1 0
2  644 1 659 1 395 1 140 -1 142 1 143 -1 144 1 18 -1 8 1 9 -1 10 1 11 -1 12 1 13 -1 2 1 3 1 4 -1 5 1 6 -1 0
2  2 -1 13 1 12 -1 11 1 10 -1 9 1 8 -1 18 1 144 -1 143 1 142 -1 140 1 395 -1 659 -1 644 -1 0
2  644 1 661 1 395 1 140 -1 142 1 143 -1 144 1 18 -1 8 1 9 -1 10 1 11 -1 12 1 13 -1 2 1 3 1 4 -1 5 1 6 -1 0
2  2 -1 13 1 12 -1 11 1 10 -1 9 1 8 -1 18 1 144 -1 143 1 142 -1 140 1 395 -1 661 -1 644 -1 0
2  644 1 663 1 395 1 140 -1 142 1 143 -1 144 1 18 -1 8 1 9 -1 10 1 11 -1 12 1 13 -1 2 1 3 1 4 -1 5 1 6 -1 0
2  2 -1 13 1 12 -1 11 1 10 -1 9 1 8 -1 18 1 144 -1 143 1 142 -1 140 1 395 -1 663 -1 644 -1 0
2  644 1 665 1 395 1 140 -1 142 1 143 -1 144 1 18 -1 8 1 9 -1 10 1 11 -1 12 1 13 -1 2 1 3 1 4 -1 5 1 6 -1 0
2  2 -1 13 1 12 -1 11 1 10 -1 9 1 8 -1 18 1 144 -1 143 1 142 -1 140 1 395 -1 665 -1 644 -1 0
2  644 1 667 1 395 1 140 -1 142 1 143 -1 144 1 18 -1 8 1 9 -1 10 1 11 -1 12 1 13 -1 2 1 3 1 4 -1 5 1 6 -1 0
2  2 -1 13 1 12 -1 11 1 10 -1 9 1 8 -1 18 1 144 -1 143 1 142 -1 140 1 395 -1 667 -1 644 -1 0
2  644 1 669 1 395 1 140 -1 142 1 143 -1 144 1 18 -1 8 1 9 -1 10 1 11 -1 12 1 13 -1 2 1 3 1 4 -1 5 1 6 -1 0
2  2 -1 13 1 12 -1 11 1 10 -1 9 1 8 -1 18 1 144 -1 143 1 142 -1 140 1 395 -1 669 -1 644 -1 0
2  644 1 671 1 395 1 140 -1 142 1 143 -1 144 1 18 -1 8 1 9 -1 10 1 11 -1 12 1 13 -1 2 1 3 1 4 -1 5 1 6 -1 0
2  2 -1 13 1 12 -1 11 1 10 -1 9 1 8 -1 18 1 144 -1 143 1 142 -1 140 1 395 -1 671 -1 644 -1 0
2  644 1 673 1 395 1 140 -1 142 1 143 -1 144 1 18 -1 8 1 9 -1 10 1 11 -1 12 1 13 -1 2 1 3 1 4 -1 5 1 6 -1 0
2  2 -1 13 1 12 -1 11 1 10 -1 9 1 8 -1 18 1 144 -1 143 1 142 -1 140 1 395 -1 673 -1 644 -1 0
2  644 1 675 1 395 1 140 -1 142 1 143 -1 144 1 18 -1 8 1 9 -1 10 1 11 -1 12 1 13 -1 2 1 3 1 4 -1 5 1 6 -1 0
2  2 -1 13 1 12 -1 11 1 10 -1 9 1 8 -1 18 1 144 -1 143 1 142 -1 140 1 395 -1 675 -1 644 -1 0
2  644 1 677 1 395 1 140 -1 142 1 143 -1 144 1 18 -1 8 1 9 -1 10 1 11 -1 12 1 13 -1 2 1 3 1 4 -1 5 1 6 -1 0
2  2 -1 13 1 12 -1 11 1 10 -1 9 1 8 -1 18 1 144 -1 143 1 142 -1 140 1 395 -1 677 -1 644 -1 0
2  644 1 679 1 395 1 140 -1 142 1 143 -1 144 1 18 -1 8 1 9 -1 10 1 11 -1 12 1 13 -1 2 1 3 1 4 -1 5 1 6 -1 0
2  2 -1 13 1 12 -1 11 1 10 -1 9 1 8 -1 18 1 144 -1 143 1 142 -1 140 1 395 -1 679 -1 644 -1 0
2  644 1 681 1 395 1 140 -1 142 1 143 -1 144 1 18 -1 8 1 9 -1 10 1 11 -1 12 1 13 -1 2 1 3 1 4 -1 5 1 6 -1 0
2  2 -1 13 1 12 -1 11 1 10 -1 9 1 8 -1 18 1 144 -1 143 1 142 -1 140 1 395 -1 681 -1 644 -1 0
2  644 1 683 1 395 1 140 -1 142 1 143 -1 144 1 18 -1 8 1 9 -1 10 1 11 -1 12 1 13 -1 2 1 3 1 4 -1 5 1 6 -1 0
2  2 -1 13 1 12 -1 11 1 10 -1 9 1 8 -1 18 1 144 -1 143 1 142 -1 140 1 395 -1 683 -1 644 -1 0
2  644 1 685 1 395 1 140 -1 142 1 143 -1 144 1 18 -1 8 1 9 -1 10 1 11 -1 12 1 13 -1 2 1 3 1 4 -1 5 1 6 -1 0
2  2 -1 13 1 12 -1 11 1 10 -1 9 1 8 -1 18 1 144 -1 143 1 142 -1 140 1 395 -1 685 -1 644 -1 0
2  644 1 687 1 395 1 140 -1 142 1 143 -1 144 1 18 -1 8 1 9 -1 10 1 11 -1 12 1 13 -1 2 1 3 1 4 -1 5 1 6 -1 0
2  2 -1 13 1 12 -1 11 1 10 -1 9 1 8 -1 18 1 144 -1 143 1 142 -1 140 1 395 -1 687 -1 644 -1 0
2  644 1 689 1 395 1 140 -1 142 1 143 -1 144 1 18 -1 8 1 9 -1 10 1 11 -1 12 1 13 -1 2 1 3 1 4 -1 5 1 6 -1 0
2  2 -1 13 1 12 -1 11 1 10 -1 9 1 8 -1 18 1 144 -1 143 1 142 -1 140 1 395 -1 689 -1 644 -1 0
2  644 1 691 1 395 1 140 -1 142 1 143 -1 144 1 18 -1 8 1 9 -1 10 1 11 -1 12 1 13 -1 2 1 3 1 4 -1 5 1 6 -1 0
2  2 -1 13 1 12 -1 11 1 10 -1 9 1 8 -1 18 1 144 -1 143 1 142 -1 140 1 395 -1 691 -1 644 -1 0
2  644 1 693 1 395 1 140 -1 142 1 143 -1 144 1 18 -1 8 1 9 -1 10 1 11 -1 12 1 13 -1 2 1 3 1 4 -1 5 1 6 -1 0
2  2 -1 13 1 12 -1 11 1 10 -1 9 1 8 -1 18 1 144 -1 143 1 142 -1 140 1 395 -1 693 -1 644 -1 0
2  644 1 695 1 395 1 140 -1 142 1 143 -1 144 1 18 -1 8 1 9 -1 10 1 11 -1 12 1 13 -1 2 1 3 1 4 -1 5 1 6 -1 0
2  2 -1 13 1 12 -1 11 1 10 -1 9 1 8 -1 18 1 144 -1 143 1 142 -1 140 1 395 -1 695 -1 644 -1 0
2  644 1 645 1 395 1 140 -1 142 1 143 -1 144 1 18 -1 8 1 9 -1 10 1 11 -1 12 1 13 -1 2 1 3 1 4 -1 5 1 6 -1 0
2  2 -1 13 1 12 -1 11 1 10 -1 9 1 8 -1 18 1 144 -1 143 1 142 -1 140 1 395 -1 645 -1 644 -1 0
2  2 -1 13 1 12 -1 11 1 10 -1 9 1 8 -1 18 1 144 -1 143 1 142 -1 140 1 395 -1 645 -1 644 -1 651 -1 393 1 643 -1 642 -1 0
2  393 -1 651 1 644 1 695 1 395 1 140 -1 142 1 143 -1 144 1 18 -1 8 1 9 -1 10 1 11 -1 12 1 13 -1 2 1 3 1 4 -1 5 1 6 -1 0
2  642 1 643 1 0
2  2 -1 13 1 12 -1 11 1 10 -1 9 1 8 -1 18 1 144 -1 143 1 142 -1 140 1 395 -1 695 -1 644 -1 651 -1 393 1 643 -1 642 -1 0
2  393 -1 651 1 644 1 693 1 395 1 140 -1 142 1 143 -1 144 1 18 -1 8 1 9 -1 10 1 11 -1 12 1 13 -1 2 1 3 1 4 -1 5 1 6 -1 0
2  2 -1 13 1 12 -1 11 1 10 -1 9 1 8 -1 18 1 144 -1 143 1 142 -1 140 1 395 -1 693 -1 644 -1 651 -1 393 1 643 -1 642 -1 0
2  393 -1 651 1 644 1 691 1 395 1 140 -1 142 1 143 -1 144 1 18 -1 8 1 9 -1 10 1 11 -1 12 1 13 -1 2 1 3 1 4 -1 5 1 6 -1 0
2  2 -1 13 1 12 -1 11 1 10 -1 9 1 8 -1 18 1 144 -1 143 1 142 -1 140 1 395 -1 691 -1 644 -1 651 -1 393 1 643 -1 642 -1 0
2  393 -1 651 1 644 1 689 1 395 1 140 -1 142 1 143 -1 144 1 18 -1 8 1 9 -1 10 1 11 -1 12 1 13 -1 2 1 3 1 4 -1 5 1 6 -1 0
2  2 -1 13 1 12 -1 11 1 10 -1 9 1 8 -1 18 1 144 -1 143 1 142 -1 140 1 395 -1 689 -1 644 -1 651 -1 393 1 643 -1 642 -1 0
2  393 -1 651 1 644 1 687 1 395 1 140 -1 142 1 143 -1 144 1 18 -1 8 1 9 -1 10 1 11 -1 12 1 13 -1 2 1 3 1 4 -1 5 1 6 -1 0
2  2 -1 13 1 12 -1 11 1 10 -1 9 1 8 -1 18 1 144 -1 143 1 142 -1 140 1 395 -1 687 -1 644 -1 651 -1 393 1 643 -1 642 -1 0
2  393 -1 651 1 644 1 685 1 395 1 140 -1 142 1 143 -1 144 1 18 -1 8 1 9 -1 10 1 11 -1 12 1 13 -1 2 1 3 1 4 -1 5 1 6 -1 0
2  2 -1 13 1 12 -1 11 1 10 -1 9 1 8 -1 18 1 144 -1 143 1 142 -1 140 1 395 -1 685 -1 644 -1 651 -1 393 1 643 -1 642 -1 0
2  393 -1 651 1 644 1 683 1 395 1 140 -1 142 1 143 -1 144 1 18 -1 8 1 9 -1 10 1 11 -1 12 1 13 -1 2 1 3 1 4 -1 5 1 6 -1 0
2  2 -1 13 1 12 -1 11 1 10 -1 9 1 8 -1 18 1 144 -1 143 1 142 -1 140 1 395 -1 683 -1 644 -1 651 -1 393 1 643 -1 642 -1 0
2  393 -1 651 1 644 1 681 1 395 1 140 -1 142 1 143 -1 144 1 18 -1 8 1 9 -1 10 1 11 -1 12 1 13 -1 2 1 3 1 4 -1 5 1 6 -1 0
2  2 -1 13 1 12 -1 11 1 10 -1 9 1 8 -1 18 1 144 -1 143 1 142 -1 140 1 395 -1 681 -1 644 -1 651 -1 393 1 643 -1 642 -1 0
2  393 -1 651 1 644 1 679 1 395 1 140 -1 142 1 143 -1 144 1 18 -1 8 1 9 -1 10 1 11 -1 12 1 13 -1 2 1 3 1 4 -1 5 1 6 -1 0
2  2 -1 13 1 12 -1 11 1 10 -1 9 1 8 -1 18 1 144 -1 143 1 142 -1 140 1 395 -1 679 -1 644 -1 651 -1 393 1 643 -1 642 -1 0
2  393 -1 651 1 644 1 677 1 395 1 140 -1 142 1 143 -1 144 1 18 -1 8 1 9 -1 10 1 11 -1 12 1 13 -1 2 1 3 1 4 -1 5 1 6 -1 0
2  2 -1 13 1 12 -1 11 1 10 -1 9 1 8 -1 18 1 144 -1 143 1 142 -1 140 1 395 -1 677 -1 644 -1 651 -1 393 1 643 -1 642 -1 0
2  393 -1 651 1 644 1 675 1 395 1 140 -1 142 1 143 -1 144 1 18 -1 8 1 9 -1 10 1 11 -1 12 1 13 -1 2 1 3 1 4 -1 5 1 6 -1 0
2  2 -1 13 1 12 -1 11 1 10 -1 9 1 8 -1 18 1 144 -1 143 1 142 -1 140 1 395 -1 675 -1 644 -1 651 -1 393 1 643 -1 642 -1 0
2  393 -1 651 1 644 1 673 1 395 1 140 -1 142 1 143 -1 144 1 18 -1 8 1 9 -1 10 1 11 -1 12 1 13 -1 2 1 3 1 4 -1 5 1 6 -1 0
2  2 -1 13 1 12 -1 11 1 10 -1 9 1 8 -1 18 1 144 -1 143 1 142 -1 140 1 395 -1 673 -1 644 -1 651 -1 393 1 643 -1 642 -1 0
2  393 -1 651 1 644 1 671 1 395 1 140 -1 142 1 143 -1 144 1 18 -1 8 1 9 -1 10 1 11 -1 12 1 13 -1 2 1 3 1 4 -1 5 1 6 -1 0
2  2 -1 13 1 12 -1 11 1 10 -1 9 1 8 -1 18 1 144 -1 143 1 142 -1 140 1 395 -1 671 -1 644 -1 651 -1 393 1 643 -1 642 -1 0
2  393 -1 651 1 644 1 669 1 395 1 140 -1 142 1 143 -1 144 1 18 -1 8 1 9 -1 10 1 11 -1 12 1 13 -1 2 1 3 1 4 -1 5 1 6 -1 0
2  2 -1 13 1 12 -1 11 1 10 -1 9 1 8 -1 18 1 144 -1 143 1 142 -1 140 1 395 -1 669 -1 644 -1 651 -1 393 1 643 -1 642 -1 0
2  393 -1 651 1 644 1 667 1 395 1 140 -1 142 1 143 -1 144 1 18 -1 8 1 9 -1 10 1 11 -1 12 1 13 -1 2 1 3 1 4 -1 5 1 6 -1 0
2  2 -1 13 1 12 -1 11 1 10 -1 9 1 8 -1 18 1 144 -1 143 1 142 -1 140 1 395 -1 667 -1 644 -1 651 -1 393 1 643 -1 642 -1 0
2  393 -1 651 1 644 1 665 1 395 1 140 -1 142 1 143 -1 144 1 18 -1 8 1 9 -1 10 1 11 -1 12 1 13 -1 2 1 3 1 4 -1 5 1 6 -1 0
2  2 -1 13 1 12 -1 11 1 10 -1 9 1 8 -1 18 1 144 -1 143 1 142 -1 140 1 395 -1 665 -1 644 -1 651 -1 393 1 643 -1 642 -1 0
2  393 -1 651 1 644 1 663 1 395 1 140 -1 142 1 143 -1 144 1 18 -1 8 1 9 -1 10 1 11 -1 12 1 13 -1 2 1 3 1 4 -1 5 1 6 -1 0
2  2 -1 13 1 12 -1 11 1 10 -1 9 1 8 -1 18 1 144 -1 143 1 142 -1 140 1 395 -1 663 -1 644 -1 651 -1 393 1 643 -1 642 -1 0
2  393 -1 651 1 644 1 661 1 395 1 140 -1 142 1 143 -1 144 1 18 -1 8 1 9 -1 10 1 11 -1 12 1 13 -1 2 1 3 1 4 -1 5 1 6 -1 0
2  2 -1 13 1 12 -1 11 1 10 -1 9 1 8 -1 18 1 144 -1 143 1 142 -1 140 1 395 -1 661 -1 644 -1 651 -1 393 1 643 -1 642 -1 0
2  393 -1 651 1 644 1 659 1 395 1 140 -1 142 1 143 -1 144 1 18 -1 8 1 9 -1 10 1 11 -1 12 1 13 -1 2 1 3 1 4 -1 5 1 6 -1 0
2  2 -1 13 1 12 -1 11 1 10 -1 9 1 8 -1 18 1 144 -1 143 1 142 -1 140 1 395 -1 659 -1 644 -1 651 -1 393 1 643 -1 642 -1 0
2  393 -1 651 1 644 1 657 1 395 1 140 -1 142 1 143 -1 144 1 18 -1 8 1 9 -1 10 1 11 -1 12 1 13 -1 2 1 3 1 4 -1 5 1 6 -1 0
2  2 -1 13 1 12 -1 11 1 10 -1 9 1 8 -1 18 1 144 -1 143 1 142 -1 140 1 395 -1 657 -1 644 -1 651 -1 393 1 643 -1 642 -1 0
2  393 -1 651 1 644 1 655 1 395 1 140 -1 142 1 143 -1 144 1 18 -1 8 1 9 -1 10 1 11 -1 12 1 13 -1 2 1 3 1 4 -1 5 1 6 -1 0
2  2 -1 13 1 12 -1 11 1 10 -1 9 1 8 -1 18 1 144 -1 143 1 142 -1 140 1 395 -1 655 -1 644 -1 651 -1 393 1 643 -1 642 -1 0
2  393 -1 651 1 394 1 395 1 140 -1 142 1 143 -1 144 1 18 -1 8 1 9 -1 10 1 11 -1 12 1 13 -1 2 1 3 1 4 -1 5 1 6 -1 0
2  2 -1 13 1 12 -1 11 1 10 -1 9 1 8 -1 18 1 144 -1 143 1 142 -1 140 1 395 -1 394 -1 651 -1 393 1 643 -1 642 -1 0
2  393 -1 651 1 644 1 709 1 395 1 140 -1 142 1 143 -1 144 1 18 -1 8 1 9 -1 10 1 11 -1 12 1 13 -1 2 1 3 1 4 -1 5 1 6 -1 0
2  2 -1 13 1 12 -1 11 1 10 -1 9 1 8 -1 18 1 144 -1 143 1 142 -1 140 1 395 -1 709 -1 644 -1 651 -1 393 1 643 -1 642 -1 0
2  393 -1 651 1 644 1 707 1 395 1 140 -1 142 1 143 -1 144 1 18 -1 8 1 9 -1 10 1 11 -1 12 1 13 -1 2 1 3 1 4 -1 5 1 6 -1 0
2  2 -1 13 1 12 -1 11 1 10 -1 9 1 8 -1 18 1 144 -1 143 1 142 -1 140 1 395 -1 707 -1 644 -1 651 -1 393 1 643 -1 642 -1 0
2  393 -1 651 1 644 1 705 1 395 1 140 -1 142 1 143 -1 144 1 18 -1 8 1 9 -1 10 1 11 -1 12 1 13 -1 2 1 3 1 4 -1 5 1 6 -1 0
2  2 -1 13 1 12 -1 11 1 10 -1 9 1 8 -1 18 1 144 -1 143 1 142 -1 140 1 395 -1 705 -1 644 -1 651 -1 393 1 643 -1 642 -1 0
2  393 -1 651 1 644 1 703 1 395 1 140 -1 142 1 143 -1 144 1 18 -1 8 1 9 -1 10 1 11 -1 12 1 13 -1 2 1 3 1 4 -1 5 1 6 -1 0
2  2 -1 13 1 12 -1 11 1 10 -1 9 1 8 -1 18 1 144 -1 143 1 142 -1 140 1 395 -1 703 -1 644 -1 651 -1 393 1 643 -1 642 -1 0
2  393 -1 651 1 644 1 701 1 395 1 140 -1 142 1 143 -1 144 1 18 -1 8 1 9 -1 10 1 11 -1 12 1 13 -1 2 1 3 1 4 -1 5 1 6 -1 0
2  2 -1 13 1 12 -1 11 1 10 -1 9 1 8 -1 18 1 144 -1 143 1 142 -1 140 1 395 -1 701 -1 644 -1 651 -1 393 1 643 -1 642 -1 0
2  393 -1 651 1 644 1 699 1 395 1 140 -1 142 1 143 -1 144 1 18 -1 8 1 9 -1 10 1 11 -1 12 1 13 -1 2 1 3 1 4 -1 5 1 6 -1 0
2  2 -1 13 1 12 -1 11 1 10 -1 9 1 8 -1 18 1 144 -1 143 1 142 -1 140 1 395 -1 699 -1 644 -1 651 -1 393 1 643 -1 642 -1 0
2  393 -1 651 1 644 1 647 1 395 1 140 -1 142 1 143 -1 144 1 18 -1 8 1 9 -1 10 1 11 -1 12 1 13 -1 2 1 3 1 4 -1 5 1 6 -1 0
2  2 -1 13 1 12 -1 11 1 10 -1 9 1 8 -1 18 1 144 -1 143 1 142 -1 140 1 395 -1 647 -1 644 -1 651 -1 393 1 643 -1 642 -1 0
2  393 -1 651 1 644 1 645 1 395 1 140 -1 142 1 143 -1 144 1 18 -1 8 1 9 -1 10 1 11 -1 12 1 13 -1 2 1 3 1 4 -1 5 1 6 -1 0
2  144 1 18 -1 8 1 9 -1 10 1 11 -1 12 1 13 -1 2 1 3 1 4 -1 5 1 6 -1 0
2  138 1 139 1 140 -1 142 1 143 -1 0
2  2 -1 13 1 12 -1 11 1 10 -1 9 1 8 -1 18 1 144 -1 0
1
              1               0               0             8.5 
              0               1               0              22 
              0               0               1            56.2 
1
              1               0               0               0 
              0               1               0               0 
              0               0               1               0 
1
              1               0               0               0 
              0               1               0               0 
              0               0               1               0 
1
              1               0               0               0 
              0               1               0               0 
              0               0               1               0 
1
              1               0               0               0 
              0               1               0               0 
              0               0               1               0 
2  985 -1 986 -1 987 -1 988 -1 144 -1 0
1
              1               0               0               0 
              0               1               0               0 
              0               0               1               0 
1
              1               0               0               0 
              0               1               0               0 
              0               0               1               0 
1
              1               0               0               0 
              0               1               0               0 
              0               0               1               0 
1
              1               0               0               0 
              0               1               0               0 
              0               0               1               0 
2  990 -1 991 -1 992 -1 993 -1 144 -1 0
2  984 -1 0
2  984 1 144 1 18 -1 8 1 9 -1 10 1 11 -1 12 1 13 -1 2 1 3 1 4 -1 5 1 6 -1 0
2  138 1 139 1 140 -1 141 1 142 1 143 -1 984 -1 0
2  144 -1 984 -1 0
2  984 1 144 1 18 -1 0
Curve2ds 397
1 42.5 27.500000000000007 -0 -1 
1 0 0 1 0 
1 2.2e-16 -12.999999999999998 1 0 
1 0 0 0 1 
1 18.700000000000003 -13 0 1 
1 55 -2.2e-16 0 -1 
1 0 -34.999999999999993 1 0 
1 4.1067796610169474 4.5567796610169484 0 -1 
1 22.000000000000004 -10.399999999999995 -1 -2.2e-16 
1 -40.902933043637198 -10.619996091451979 0 1 
1 -4.293220338983053 4.5567796610169484 1 0 
1 -5.9000000000000002e-16 -35 1 0 
1 22 -1.9999999999999951 2.2e-16 -1 
1 0 0 0 -1 
1 85 6.7000000000000004e-16 0 -1 
1 2.0000000000000004 -1.9999999999999996 1 2.2e-16 
1 39.395412843669376 7.4857245405328348 0 -1 
1 4.1999999999999993 -13 0 1 
1 -2.8000000000000001e-16 -82 1 0 
1 -3.4885106382978748 -5.8461702127659576 1 0 
1 2.0000000000000004 -1.9999999999999996 2.2e-16 -1 
1 0 -82 1 0 
1 -1.9885106382978748 -5.8461702127659576 0 1 
1 2.0000000000000009 -3.4999999999999996 1 2.2e-16 
1 -1.9885106382978748 -3.646170212765957 1 0 
1 4.200000000000002 -3.4999999999999991 2.2e-16 -1 
1 1.1114893617021249 -5.8461702127659576 0 1 
1 2.0000000000000013 -6.5999999999999996 1 2.2e-16 
1 -1.0885106382978744 -3.646170212765957 0 -1 
1 4.200000000000002 -4.3999999999999995 -1 -2.2e-16 
1 -1.0885106382978744 -5.8461702127659576 1 0 
1 2.0000000000000009 -4.4000000000000004 2.2e-16 -1 
1 -1.1100000000000001e-15 -5 1 0 
1 17.12455948274085 -4.25 -1 0 
1 42.5 14.800000000000004 -1 0 
1 -4.7123889803846897 0 1 0 
2 36.5 8.8000000000000043 0 1 -1 0 6
1 0 -5 1 0 
2 -15.87544051725915 -2.25 -0 -1 1 -0 2
2 9.5 16.800000000000004 -0 -1 1 -0 2
1 -17.875440517259143 -2.25 0 1 
1 2.2e-16 -5 1 0 
1 7.5 16.800000000000004 0 1 
1 42.5 -27.499999999999996 -1 0 
1 2.4544624999989608 52.172213000000006 0 -1 
2 -15.87544051725915 2.2500000000000018 -0 -1 1 -0 2
2 9.5 21.300000000000004 -0 -1 1 -0 2
1 -42.5 -27.499999999999996 0 1 
1 4.2199999999999999e-15 -13 1 0 
1 1.1100000000000001e-15 -5 1 0 
1 -15.87544051725915 4.2500000000000018 1 -0 
1 9.5 23.300000000000004 1 -0 
1 1.4000000000000019 -33 -0 1 
1 -42.5 27.500000000000007 1 -0 
1 6.7000000000000004e-16 -13 1 0 
1 1.5707963267948966 0 0 1 
1 6 3.5500000000000001e-15 0 -1 
1 -4.7123889803846897 2.600000000000005 1 0 
2 3.3000000000000043 -6 1 0 0 -1 6
2 -34.902933043637198 -7.3199960914519746 -0 1 1 0 6
1 8.5 0 0 -1 
1 0 0 -0 -1 
1 9.3000000000000007 0 0 -1 
1 -5.7999999999999996e-16 -2.6000000000000014 1 -0 
1 -40.902933043637198 -1.3199960914519782 1 -0 
8 -0.99000195427685966 1.7099980457241122
1 1.7099980457241122 -8.3999999999999932 -1 -2e-16 
8 -0.99000195427685966 1.7099980457241122
1 -14.212678594010377 -1.7099980457241086 -1.1e-16 -1 
1 -14.212678594010377 -1.7099980457241086 -1.1e-16 -1 
8 -11.261212072191803 -2.9514665218185892
1 -2.9514665218185892 -8.399999999999995 -1 -1.2e-16 
8 -11.261212072191803 -2.9514665218185892
1 -2.9514665218185812 -3.4199960914482208 1 -1.1e-16 
1 -2.9514665218185812 -3.4199960914482208 1 -1.1e-16 
8 -9.6434039622478362 20.452028228500225
1 2.97997570795728 -15.548965281832437 0.30901699437494751 -0.95105651629515364 
8 -9.6434039622478362 20.452028228500225
1 4.106779661016942 15.708807889517162 2.1000000000000001e-16 -1 
1 -25.353967761804761 -7.6400203834946989 0.95105651629515364 0.30901699437494751 
1 8.4000000000000004 -1.8500000000000001e-15 0 -1 
1 -40.902933043637198 -10.619996091451979 1 -0 
1 0 -10 1 0 
2 0 -0 -2.2e-16 -1 1 -2.2e-16 15
1 0 -7 1 0 
1 0 -6 1 0 
2 -1.4962269538608837 0 0 -1 1 0 15
2 -1.4962269538608766 0 0 -1 1 0 15
1 0 -28.5 1 0 
1 0 -8.5 1 0 
2 -1.421e-14 -4.7855099999999999e-12 0 -1 1 0 15.000000000000004
2 -1.421e-14 -1.421e-14 1 0 -0 1 15.000000000000004
2 0 -1.0231800000000001e-12 0 -1 1 0 15.000000000000004
2 7.1100000000000008e-15 -4.7864209999999972 0 -1 1 0 15.000000000000004
1 7.1000000000000014 0 0 -1 
1 39.395412843669376 -12.514275459467168 -1 0 
8 -2.1466101694915309 6.2533898305084694
1 2.1466101694915296 -6.3775431042701323 1 -2.2e-16 
8 -2.1466101694915309 6.2533898305084694
1 -2.1466101694915309 25.352211851764999 1 0 
1 55 -1.5499999999999999e-15 0 -1 
8 -12.235668347969627 10.740414292278889
1 3.7810294570582528 -16.592284104651569 0.30901699437494751 0.95105651629515364 
8 -12.235668347969627 10.740414292278889
1 -4.2932203389830601 14.611797559486108 -2.1000000000000001e-16 1 
1 22.803128739017808 -9.1953049165254193 0.95105651629515364 -0.30901699437494751 
1 39.395412843669376 7.4857245405328348 -1 0 
8 28.229096218214437 82
1 12.9 0 0 -1 
8 28.229096218214437 82
1 1.5 3.2999999999999999e-16 0 -1 
1 39.395412843669376 -5.4142754594671656 -1 0 
1 -3.4885106382978748 -5.8461702127659576 0 1 
1 -42.604587156330624 7.4857245405328348 0 -1 
1 0 -0 1 0 
1 9.7425000000000001e-13 -8779.6276910941342 1 0 
1 1.349999999999997 4.1548727751865897 -1 -1.1e-16 
1 12.705158394042556 -5.3142754594634072 -1.1e-16 1 
1 -5.8100000000000001e-15 -8779.6276910941342 1 0 
1 -1.3499999999999996 4.1548727751865897 1.1e-16 -1 
1 12.705158394042556 -2.6142754594634106 -1 -1.1e-16 
1 0 -0 1 -0 
1 -9.7425000000000001e-13 -8779.6276910941342 1 -0 
1 -1.3499999999999988 -4.1548727751866181 1 1.1e-16 
1 4.395412843669348 -2.6142754594634114 1.1e-16 -1 
1 5.8100000000000001e-15 -8779.6276910941342 1 -0 
1 1.3499999999999988 -4.1548727751866181 -1.1e-16 1 
1 4.395412843669348 -5.314275459463409 1 1.1e-16 
1 3.14159265358979 0 0 -1 
1 3.8000000000000007 -8.4000000000000004e-16 0 -1 
1 -40.902933043637198 7.1800039085480218 1 -0 
1 1.1114893617021249 -3.646170212765957 1 0 
1 4.2000000000000028 -6.5999999999999988 2.2e-16 -1 
1 2.2000000000000006 0 0 -1 
1 1.5 -3.2999999999999999e-16 0 -1 
1 0.90000000000000036 -2e-16 0 -1 
1 2.1999999999999993 -4.8000000000000001e-16 0 -1 
1 6.2831853071795836 0 0 -1 
1 33 -2.2e-16 0 -1 
2 6.4999999999999982 -33 1 -0 0 1 2
1 0 -2.6000000000000014 1 0 
2 -7.9029330436371978 0.68000390854802362 0 -1 -1 -0 2
1 4.7123889803846897 0 0 -1 
1 4.5000000000000018 1.0000000000000001e-15 0 -1 
8 -3.2499999999999996 1.2500000000000022
1 3.2499999999999991 -35 -1 0 
8 -3.2499999999999996 1.2500000000000022
1 3.2499999999999996 -2.6000000000000005 1 2.2e-16 
1 -5.9029330436371978 3.9300039085480236 -0 1 
2 1.9999999999999967 -33 1 -0 0 1 2
2 -7.9029330436371978 5.1800039085480254 0 -1 -1 -0 2
8 -1.2034062533680148 7.1063392970051993
1 7.1063392970051931 -8.3999999999999915 -1 1.2e-16 
8 -1.2034062533680148 7.1063392970051993
1 -7.1063392970051851 -0.71999609144822418 -1 1.1e-16 
1 -7.1063392970051851 -0.71999609144822418 -1 1.1e-16 
8 -3.0599980457241109 -0.35999804572313882
1 -0.35999804572411354 -8.399999999999995 -1 2e-16 
8 -3.0599980457241109 -0.35999804572313882
1 -5.9029330436371694 -0.35999804572411165 1.1e-16 1 
1 -5.9029330436371694 -0.35999804572411165 1.1e-16 1 
1 -13.656285475751844 -0.89999999999998836 1 -1.7e-16 
8 -2.1466101694915274 6.2533898305084685
1 -2.1466101694915274 2.0525224137543447 1 3.5999999999999998e-16 
8 -2.1466101694915274 6.2533898305084685
1 6.4631354280565034 -2.1466101694915265 2.2999999999999999e-16 -1 
1 1.09674e-11 5.3533898305084815 -3.2000000000000002e-16 -1 
8 -19.015099204656757 -11.895749654157184
1 -2.7932203389830583 14.271878865673653 -2.1000000000000001e-16 1 
8 -19.015099204656757 -11.895749654157184
1 5.875988803964475 -16.915565993412443 0.30901699437494751 0.95105651629515364 
8 1.3966101694915256 2.8966101694915274
1 -1.3966101694915309 2.3761292115164414 -1 0 
8 1.3966101694915256 2.8966101694915274
1 -1.3966101694915247 -28.22909621821448 1 2.2e-16 
1 6.2831853071795862 0 0 -1 
1 0 -1.8 1 0 
2 -1.421e-14 -3.5500000000000001e-15 -2.2e-16 -1 1 -2.2e-16 15
2 0 0 1 0 -0 1 15
1 0 1.8 1 0 
8 0 6.2831853071795862
1 0 0 1 0 
2 7.1100000000000008e-15 1.421e-14 0 -1 1 0 15
1 2.8000000000000001e-16 -82 1 0 
1 -1.9885106382978748 7.0538297872340427 -1 -0 
1 14.9 -3.4999999999999969 -2.2e-16 1 
8 28.229096218214451 82
1 0 0 0 -1 
8 28.229096218214451 82
1 2.1999999999999993 0 0 -1 
1 4.9114893617021256 -3.646170212765957 0 1 
1 4.2000000000000037 -10.399999999999999 1 2.2e-16 
1 41.097066956362802 7.1800039085480218 0 -1 
1 4.9114893617021256 4.8538297872340435 -1 -0 
1 12.700000000000003 -10.399999999999997 -2.2e-16 1 
1 -1.9885106382978748 4.8538297872340435 0 1 
1 12.700000000000001 -3.4999999999999973 1 2.2e-16 
1 -3.0713999999999999e-13 -8779.6276910941342 1 0 
1 0.60815183117037996 3.6734158828636367 -0.30901699437494656 -0.95105651629515386 
8 -2.0533898305084755 4.8466101694915249
1 2.0533898305084701 -4.743220338983102 -1 0 
8 -2.0533898305084755 4.8466101694915249
1 2.0533898305084759 -35.000000000000043 1 2.2e-16 
1 0.60000000000375164 -6.3466101694915231 2.2e-16 1 
1 5.8100000000000001e-15 -8779.6276910941342 1 0 
1 0.60815183117037996 -2.7897195452044059 1.1e-16 1 
1 -8.2999999999999998e-16 -7.5000000000000107 1 -0 
1 2.6999999999999975 -5.9999999999999999e-16 -1.1e-16 -1 
1 0 -0 -0 -1 
8 10.729096218214437 17.500000000000014
1 2.0999999999962409 -17.500000000000014 1.1e-16 -1 
8 10.729096218214437 17.500000000000014
1 17.500000000000014 -1.4999999999999967 -1 -1.1e-16 
8 -2.3999999999981187 -0.300000000001865
1 -0.30000000000187566 -35.000000000000028 -1 -1.1e-16 
8 -2.3999999999981187 -0.300000000001865
1 0.30000000000187887 -1.4999999999999982 -1 2.2e-16 
1 6.9000000000000004 1.52e-15 -0 -1 
6 0 1 6.2831853071795862 0  6.2831853071795862 1.8277679013943486  
6 0 1 0 0  0 1.8277679013943486  
1 0 1.8277679013943486 1 0 
2 0 0 1 0 -0 1 15.317388565275238
1 9.7514000000000002e-13 -8779.6276910941342 1 0 
1 -1.491848168829617 -2.7897195452044059 1 -1.1e-16 
1 0.59999999999999176 -7.5000000000000071 1 -4.4e-16 
2 0 0 1 0 -0 1 8.5
1 1.6000000000000001e-16 -0.69999999999999973 1 0 
1 0.6738435653711754 -3.3667617494229063 -0 1 
1 1.421e-14 8.4999999999999858 0 1 
1 -1.767249371950939 8.314254606237327 -0.20791169081775931 0.97814760073380569 
1 -3.4572614661442813 7.7651363899620947 -0.40673664307580021 0.91354545764260098 
1 -4.9961746444860005 6.876644452187044 -0.58778525229247314 0.80901699437494745 
1 -6.3167310165578314 5.6876101540502972 -0.74314482547739424 0.66913060635885835 
1 -7.3612159321677098 4.2500000000000071 -0.8660254037844386 0.50000000000000011 
1 -8.0839803885087846 2.6266444521870653 -0.95105651629515364 0.30901699437494751 
1 -8.4534361106303066 0.88849193777507196 -0.99452189536827329 0.10452846326765364 
1 -8.4534361106303209 -0.88849193777504354 -0.9945218953682734 -0.1045284632676533 
1 -8.0839803885087917 -2.6266444521870369 -0.95105651629515364 -0.30901699437494745 
1 -7.361215932167724 -4.2499999999999858 -0.86602540378443882 -0.49999999999999983 
1 -6.3167310165578527 -5.6876101540502759 -0.74314482547739458 -0.6691306063588579 
1 -4.9961746444860324 -6.8766444521870298 -0.58778525229247325 -0.80901699437494745 
1 -3.4572614661443026 -7.7651363899620804 -0.40673664307580043 -0.91354545764260076 
1 -1.7672493719509745 -8.314254606237327 -0.20791169081775973 -0.97814760073380569 
1 -1.421e-14 -8.4999999999999858 -1.2e-16 -1 
1 1.7672493719509319 -8.3142546062373412 0.20791169081775907 -0.97814760073380569 
1 3.4572614661442813 -7.7651363899620947 0.40673664307579982 -0.9135454576426012 
1 4.9961746444860005 -6.8766444521870369 0.58778525229247314 -0.80901699437494756 
1 6.3167310165578314 -5.6876101540502901 0.74314482547739402 -0.66913060635885846 
1 7.3612159321677098 -4.2500000000000142 0.86602540378443849 -0.50000000000000044 
1 8.0839803885087917 -2.6266444521870724 0.95105651629515364 -0.30901699437494751 
1 8.4534361106303066 -0.88849193777507196 0.99452189536827329 -0.10452846326765419 
1 8.4534361106303137 0.88849193777502933 0.9945218953682734 0.10452846326765297 
1 8.0839803885087989 2.6266444521870369 0.95105651629515364 0.30901699437494723 
1 7.3612159321677311 4.2499999999999716 0.86602540378443904 0.49999999999999933 
1 6.3167310165578527 5.6876101540502759 0.74314482547739469 0.6691306063588579 
1 4.9961746444860324 6.8766444521870298 0.58778525229247336 0.80901699437494734 
1 3.4572614661443168 7.7651363899620804 0.40673664307580093 0.91354545764260053 
1 1.7672493719509674 8.314254606237327 0.20791169081775987 0.97814760073380558 
1 0 -0.69999999999999996 1 0 
2 0.6738435653711754 -11.866761749422899 -1 -0 -0 1 15
2 1.421e-14 -7.1100000000000008e-15 -1 0 0 1 15
2 1.421e-14 -7.1100000000000008e-15 -0.97814760073380569 -0.20791169081775931 -0.20791169081775931 0.97814760073380569 15
2 1.7760000000000001e-14 0 -0.91354545764260098 -0.40673664307580021 -0.40673664307580021 0.91354545764260098 15
2 1.7760000000000001e-14 7.1100000000000008e-15 -0.80901699437494745 -0.58778525229247314 -0.58778525229247314 0.80901699437494745 15.000000000000002
2 1.7760000000000001e-14 7.1100000000000008e-15 -0.66913060635885835 -0.74314482547739424 -0.74314482547739424 0.66913060635885835 14.999999999999998
2 1.421e-14 1.421e-14 -0.50000000000000011 -0.8660254037844386 -0.8660254037844386 0.50000000000000011 15.000000000000002
2 1.421e-14 1.421e-14 -0.30901699437494751 -0.95105651629515364 -0.95105651629515364 0.30901699437494751 15.000000000000002
2 7.1100000000000008e-15 1.421e-14 -0.10452846326765364 -0.99452189536827329 -0.99452189536827329 0.10452846326765364 14.999999999999996
2 7.1100000000000008e-15 1.421e-14 0.1045284632676533 -0.9945218953682734 -0.9945218953682734 -0.1045284632676533 15.000000000000004
2 7.1100000000000008e-15 1.421e-14 0.30901699437494745 -0.95105651629515364 -0.95105651629515364 -0.30901699437494745 15.000000000000002
2 7.1100000000000008e-15 1.421e-14 0.49999999999999983 -0.86602540378443882 -0.86602540378443882 -0.49999999999999983 14.999999999999998
2 0 7.1100000000000008e-15 0.6691306063588579 -0.74314482547739458 -0.74314482547739458 -0.6691306063588579 15
2 -1.421e-14 1.421e-14 0.80901699437494745 -0.58778525229247325 -0.58778525229247325 -0.80901699437494745 15.000000000000004
2 0 1.421e-14 0.91354545764260076 -0.40673664307580043 -0.40673664307580043 -0.91354545764260076 15.000000000000002
2 -1.421e-14 1.421e-14 0.97814760073380569 -0.20791169081775973 -0.20791169081775973 -0.97814760073380569 15.000000000000002
2 -1.421e-14 7.1100000000000008e-15 1 -1.2e-16 -1.2e-16 -1 15
2 -1.421e-14 -0 0.97814760073380569 0.20791169081775907 0.20791169081775907 -0.97814760073380569 15
2 -1.7760000000000001e-14 -0 0.9135454576426012 0.40673664307579982 0.40673664307579982 -0.9135454576426012 15.000000000000002
2 -1.7760000000000001e-14 7.1100000000000008e-15 0.80901699437494756 0.58778525229247314 0.58778525229247314 -0.80901699437494756 14.999999999999996
2 -1.421e-14 -0 0.66913060635885846 0.74314482547739402 0.74314482547739402 -0.66913060635885846 15.000000000000005
2 -1.421e-14 -1.421e-14 0.50000000000000044 0.86602540378443849 0.86602540378443849 -0.50000000000000044 15.000000000000004
2 -7.1100000000000008e-15 -2.1320000000000001e-14 0.30901699437494751 0.95105651629515364 0.95105651629515364 -0.30901699437494751 15.000000000000009
2 -7.1100000000000008e-15 -1.421e-14 0.10452846326765419 0.99452189536827329 0.99452189536827329 -0.10452846326765419 14.999999999999996
2 -7.1100000000000008e-15 -1.421e-14 -0.10452846326765297 0.9945218953682734 0.9945218953682734 0.10452846326765297 14.999999999999995
2 0 -1.421e-14 -0.30901699437494723 0.95105651629515364 0.95105651629515364 0.30901699437494723 15
2 0 -1.421e-14 -0.49999999999999933 0.86602540378443904 0.86602540378443904 0.49999999999999933 14.999999999999995
2 0 -7.1100000000000008e-15 -0.6691306063588579 0.74314482547739469 0.74314482547739469 0.6691306063588579 15.000000000000005
2 1.421e-14 -1.421e-14 -0.80901699437494734 0.58778525229247336 0.58778525229247336 0.80901699437494734 14.999999999999998
2 1.421e-14 -1.421e-14 -0.91354545764260053 0.40673664307580093 0.40673664307580093 0.91354545764260053 14.999999999999998
2 1.421e-14 -7.1100000000000008e-15 -0.97814760073380558 0.20791169081775987 0.20791169081775987 0.97814760073380558 15
1 1.7e-16 -0.69999999999999996 1 0 
1 -0.28838375165603125 -3.4214009761719097 -0.11320321376790701 0.99357185567658746 
1 -0.96222731702719244 8.4453607732509823 -0.11320321376790701 0.99357185567658746 
1 -2.6970895794432685 8.0607510692526745 -0.31730465640509242 0.94832365520619932 
1 -4.314076085165965 7.3238478637529596 -0.50753836296070443 0.86162916044152571 
1 -5.742516764733093 6.26685736288605 -0.67559020761566047 0.73727733681012386 
1 -6.9199819060286885 4.9359751235429883 -0.81411551835631935 0.58070295571093955 
1 -7.795010632273538 3.3893670858646061 -0.91706007438512416 0.39874906892524603 
1 -8.3293599892770303 1.6946274425461851 -0.9799247046208297 0.19936793441719691 
1 -8.4996763460454332 -0.074175551736161083 -0.99996192306417131 -0.0087265354983740596 
1 -8.2985160605194181 -1.8397367184738584 -0.97629600711993336 -0.21643961393810301 
1 -7.7346708024506086 -3.5248925625780103 -0.90996127087654322 -0.4146932426562393 
1 -6.8327833152463455 -5.0559936873863833 -0.80385686061721728 -0.59482278675134137 
1 -5.6322704098337724 -6.3661236267065036 -0.66262004821573772 -0.74895572078900197 
1 -4.1856002608794824 -7.3980234154891278 -0.492423560103467 -0.87035569593989981 
1 -2.5559992957863287 -8.1065940813599013 -0.30070579950427306 -0.95371695074822693 
1 -0.81468889642192011 -8.4608676861209986 -0.095845752520224078 -0.99539619836717885 
1 0.96222731702719244 -8.4453607732509823 0.11320321376790689 -0.99357185567658746 
1 2.697089579443265 -8.0607510692526887 0.31730465640509214 -0.94832365520619932 
1 4.314076085165965 -7.3238478637529738 0.50753836296070398 -0.86162916044152593 
1 5.742516764733093 -6.2668573628860429 0.67559020761566047 -0.73727733681012397 
1 6.9199819060286956 -4.9359751235429883 0.81411551835631923 -0.58070295571093977 
1 7.7950106322735451 -3.3893670858646061 0.91706007438512405 -0.39874906892524642 
1 8.3293599892770374 -1.6946274425461922 0.9799247046208297 -0.19936793441719691 
1 8.4996763460454332 0.074175551736161083 0.99996192306417131 0.0087265354983735201 
1 8.2985160605194253 1.8397367184738584 0.97629600711993347 0.21643961393810268 
1 7.7346708024506157 3.5248925625780103 0.90996127087654322 0.41469324265623908 
1 6.8327833152463526 5.0559936873863762 0.80385686061721762 0.59482278675134093 
1 5.6322704098337724 6.3661236267064965 0.66262004821573772 0.74895572078900197 
1 4.1856002608794824 7.3980234154891278 0.49242356010346711 0.8703556959398997 
1 2.5559992957863358 8.1065940813599013 0.30070579950427356 0.95371695074822682 
1 0.81468889642192011 8.4608676861210057 0.095845752520224245 0.99539619836717885 
2 0.6738435653711754 -11.866761749422899 -1 -0 -0 1 8.4999999999999982
1 7.5398223686155035 2.5000000000000004 -1 0 
1 5.9690260418206087 1.80000000000001 0 1 
1 5.8730329329609177 1.8000000000000091 0 1 
1 7.3303828583761828 2.4999999999999991 -1 0 
1 5.7595865315812844 1.8000000000000089 0 1 
1 5.6635934227216005 1.8000000000000094 0 1 
1 7.1209433481368656 2.4999999999999996 -1 0 
1 5.5501470213419708 1.8000000000000091 0 1 
1 5.4541539124822798 1.8000000000000094 0 1 
1 6.9115038378975449 2.4999999999999996 -1 0 
1 5.3407075111026501 1.8000000000000091 0 1 
1 5.244714402242959 1.8000000000000098 0 1 
1 6.7020643276582241 2.5 -1 0 
1 5.1312680008633293 1.8000000000000096 0 1 
1 5.0352748920036348 1.8000000000000103 0 1 
1 6.4926248174188999 2.5000000000000004 -1 0 
1 4.9218284906240051 1.80000000000001 0 1 
1 4.8258353817643211 1.8000000000000098 0 1 
1 6.2831853071795862 2.5 -1 0 
1 4.7123889803846879 1.8000000000000096 0 1 
1 4.6163958715249969 1.8000000000000103 0 1 
1 6.073745796940262 2.5000000000000004 -1 0 
1 4.5029494701453672 1.80000000000001 0 1 
1 4.4069563612856832 1.8000000000000098 0 1 
1 5.8643062867009483 2.5 -1 0 
1 4.2935099599060536 1.8000000000000096 0 1 
1 4.197516851046359 1.8000000000000094 0 1 
1 5.6548667764616276 2.4999999999999996 -1 0 
1 4.0840704496667293 1.8000000000000091 0 1 
1 3.9880773408070453 1.8000000000000094 0 1 
1 5.4454272662223104 2.4999999999999996 -1 0 
1 3.8746309394274121 1.8000000000000091 0 1 
1 3.7786378305677211 1.8000000000000103 0 1 
1 5.2359877559829862 2.5000000000000004 -1 0 
1 3.6651914291880914 1.80000000000001 0 1 
1 3.5691983203283968 1.8000000000000103 0 1 
1 5.0265482457436619 2.5000000000000004 -1 0 
1 3.4557519189487671 1.80000000000001 0 1 
1 3.3597588100890814 1.8000000000000091 0 1 
1 4.8171087355043483 2.4999999999999991 -1 0 
1 3.2463124087094499 1.8000000000000089 0 1 
1 3.1503192998497607 1.8000000000000094 0 1 
1 4.6076692252650275 2.4999999999999996 -1 0 
1 3.0368728984701292 1.8000000000000091 0 1 
1 2.9408797896104453 1.8000000000000103 0 1 
1 4.3982297150257104 2.5000000000000004 -1 0 
1 2.8274333882308156 1.80000000000001 0 1 
1 2.7314402793711245 1.8000000000000103 0 1 
1 4.1887902047863896 2.5000000000000004 -1 0 
1 2.6179938779914931 1.80000000000001 0 1 
1 2.5220007691318056 1.8000000000000094 0 1 
1 3.9793506945470725 2.4999999999999996 -1 0 
1 2.4085543677521741 1.8000000000000091 0 1 
1 2.3125612588924849 1.8000000000000094 0 1 
1 3.7699111843077517 2.4999999999999996 -1 0 
1 2.1991148575128552 1.8000000000000091 0 1 
1 2.1031217486531624 1.8000000000000098 0 1 
1 3.5604716740684275 2.5 -1 0 
1 1.9896753472735327 1.8000000000000096 0 1 
1 1.8936822384138416 1.8000000000000103 0 1 
1 3.3510321638291067 2.5000000000000004 -1 0 
1 1.7802358370342102 1.80000000000001 0 1 
1 1.6842427281745262 1.8000000000000098 0 1 
1 3.1415926535897913 2.5 -1 0 
1 1.5707963267948948 1.8000000000000096 0 1 
1 1.4748032179352037 1.8000000000000103 0 1 
1 2.9321531433504706 2.5000000000000004 -1 0 
1 1.3613568165555741 1.80000000000001 0 1 
1 1.2653637076958866 1.8000000000000103 0 1 
1 2.7227136331111517 2.5000000000000004 -1 0 
1 1.1519173063162551 1.80000000000001 0 1 
1 1.0559241974565694 1.8000000000000094 0 1 
1 2.5132741228718345 2.4999999999999996 -1 0 
1 0.94247779607693616 1.8000000000000091 0 1 
1 0.84648468721724512 1.8000000000000103 0 1 
1 2.3038346126325102 2.5000000000000004 -1 0 
1 0.73303828583761543 1.80000000000001 0 1 
1 0.63704517697792618 1.8000000000000096 0 1 
1 2.0943951023931895 2.4999999999999996 -1 0 
1 0.52359877559829471 1.8000000000000094 0 1 
1 0.42760566673860545 1.8000000000000103 0 1 
1 1.8849555921538723 2.5000000000000004 -1 0 
1 0.31415926535897398 1.80000000000001 0 1 
1 0.21816615649929005 1.8000000000000091 0 1 
1 1.6755160819145551 2.4999999999999991 -1 0 
1 0.10471975511965859 1.8000000000000089 0 1 
1 0.0087266462599710996 1.8000000000000094 0 1 
1 1.4660765716752362 2.4999999999999996 -1 0 
1 6.2831853071795862 0 0 1 
2 7.1100000000000008e-15 1.421e-14 0 -1 1 0 8.5
1 7.7492618788548224 2.4999999999999996 -1 0 
1 6.1784655520599259 1.8000000000000091 0 1 
1 6.0824724432002384 1.8000000000000103 0 1 
1 1.5707963267948968 0 0 -1 
1 6.5 1.1e-16 0 -1 
1 1.4573499254152651 0 0 -1 
1 6.5000000000000089 4.0000000000000003e-17 0 -1 
2 7.1100000000000008e-15 1.7760000000000001e-14 -1 0 0 1 3.2999999999999994
1 6.2831853071795862 5.1000000000000094 -1 0 
1 6.2831853071795862 5.1000000000000014 -1 0 
1 0 4.8083261120685226 1 0 
2 0 0 -1 0 0 1 6.7000000000000002
2 7.1100000000000008e-15 1.421e-14 -1 0 -0 -1 6.7000000000000028
2 -1.421e-14 -4.7855099999999999e-12 -1 0 -0 -1 6.7000000000000028
2 -1.421e-14 -1.421e-14 0 -1 1 0 6.7000000000000028
2 0 -1.0231800000000001e-12 -1 0 -0 -1 6.7000000000000028
2 7.1100000000000008e-15 -4.7864209999999972 -1 0 -0 -1 6.7000000000000028
Curves 213
1 -5.5000000000010303 98.700000000000003 0 1 0 0 
1 21.499999999999982 13.199999999998965 98.700000000000003 -1 2.2e-16 -2.2e-16 
1 8.4999999999999893 49.49999999999897 98.700000000000003 1 -2.2e-16 2.2e-16 
1 18.899999999999999 16.49999999999897 0 0 -1 0 
1 10.499999999999998 16.49999999999897 0 1 0 0 
1 8.4999999999999769 -5.5000000000010321 98.700000000000003 1 -2.2e-16 2.2e-16 
1 10.499999999999977 -3.5000000000010321 98.700000000000003 0 1 0 
1 21.499999999999979 -1.3000000000010352 98.700000000000003 -1 2.2e-16 -2.2e-16 
1 10.499999999999998 -3.5000000000010321 0 1 0 0 
1 11.999999999999998 -3.5000000000010321 0 0 1 0 
1 11.999999999999998 -1.3000000000010314 0 1 0 0 
1 15.099999999999998 -3.5000000000010321 0 0 1 0 
1 12.899999999999999 -1.3000000000010314 0 0 -1 0 
1 12.899999999999999 -3.5000000000010321 0 1 0 0 
1 7.1999999999989708 98.700000000000003 0 0 -1 0 
8 4.7123889803846897 6.2831853071795862
2 21.499999999999982 13.199999999998965 92.700000000000003 1 -2.2e-16 2.2e-16 -2.2e-16 -1 0 2.2e-16 -4.8400000000000002e-32 -1 6
2 5.1999999999989708 65.700000000000003 0 0 0 1 1 0 -0 -0 1 0 2
1 5.1999999999989708 63.700000000000003 0 -1 0 0 
1 49.49999999999897 98.700000000000003 0 0 -1 0 
2 0.69999999999896922 65.700000000000003 0 0 0 1 1 0 -0 -0 1 0 2
1 49.49999999999897 13.700000000000003 0 -1 0 0 
1 -1.3000000000010308 65.700000000000003 0 0 1 0 
1 -5.5000000000010303 13.700000000000003 0 0 1 0 
1 21.499999999999982 7.1999999999989654 92.700000000000003 -1 2.2e-16 -2.2e-16 
8 4.7123889803846897 6.2831853071795862
2 18.899999999999977 13.199999999998965 92.700000000000003 1 -2.2e-16 2.2e-16 -2.2e-16 -1 0 2.2e-16 -4.8400000000000002e-32 -1 6
1 8.5000000000000071 49.49999999999897 13.700000000000005 1 -2.2e-16 2.2e-16 
1 18.899999999999977 7.199999999998969 98.700000000000003 2.2e-16 0 -1 
1 18.899999999999977 7.5900019542710995 72.009745550373182 -2.0000000000000001e-17 1 1.1e-16 
1 18.899999999999981 9.2999999999952117 60.748533478181386 2.2999999999999999e-16 1.1e-16 -1 
1 18.899999999999981 13.52002429204169 83.151034718167566 2.1000000000000001e-16 -0.30901699437494751 -0.95105651629515364 
1 18.899999999999977 16.49999999999897 98.700000000000003 2.2e-16 0 -1 
2 22 56.200000000000003 0 0 0 1 1 0 -0 -0 1 0 15
1 10.499999999999977 16.49999999999897 98.700000000000003 2.2e-16 0 -1 
1 12.646610169491508 16.499999999998977 92.322456895729871 1 0 0 
1 8.4999999999999964 -5.5000000000010321 13.700000000000005 1 -2.2e-16 2.2e-16 
1 10.499999999999979 13.181029457057221 82.107715895348434 -2.1000000000000001e-16 0.30901699437494751 0.95105651629515364 
1 10.499999999999977 -3.5000000000010321 98.700000000000003 2.2e-16 0 -1 
1 10.499999999999977 9.3999999999989683 98.700000000000003 2.2e-16 0 -1 
1 10.499999999999998 -3.5000000000010321 0 0 1 0 
1 9.2999999999952188 72.009745550373182 0 -1 0 0 
1 6.5999999999952212 72.009745550373182 0 0 -1 0 
1 6.5999999999952212 63.699999999999974 0 1 0 0 
1 9.2999999999952188 63.699999999999974 0 0 1 0 
1 21.499999999999986 -1.3000000000010352 65.700000000000003 -1 2.2e-16 -2.2e-16 
1 18.899999999999977 -1.3000000000010314 98.700000000000003 2.2e-16 0 -1 
1 15.099999999999998 -1.3000000000010314 0 1 0 0 
1 15.099999999999977 -1.3000000000010314 98.700000000000003 2.2e-16 0 -1 
1 11.999999999999977 -3.5000000000010321 98.700000000000003 2.2e-16 0 -1 
1 11.999999999999977 -1.3000000000010314 98.700000000000003 2.2e-16 0 -1 
1 12.899999999999977 -1.3000000000010314 98.700000000000003 2.2e-16 0 -1 
1 15.099999999999977 -3.5000000000010321 98.700000000000003 2.2e-16 0 -1 
1 12.899999999999977 -3.5000000000010321 98.700000000000003 2.2e-16 0 -1 
1 21.499999999999986 7.1999999999989663 65.700000000000003 -1 2.2e-16 -2.2e-16 
2 18.899999999999984 5.1999999999989672 65.700000000000003 1 -2.2e-16 2.2e-16 2.2e-16 1 0 -2.2e-16 4.8400000000000002e-32 1 2
1 21.499999999999986 5.1999999999989663 63.70000000000001 -1 2.2e-16 -2.2e-16 
1 21.499999999999986 0.69999999999896445 63.70000000000001 -1 2.2e-16 -2.2e-16 
1 18.899999999999984 1.9499999999989674 63.700000000000003 -0 -1 0 
2 18.899999999999984 0.69999999999896523 65.700000000000003 1 -2.2e-16 2.2e-16 2.2e-16 1 0 -2.2e-16 4.8400000000000002e-32 1 2
1 18.899999999999977 6.599999999995215 64.90340625336799 -2.2999999999999999e-16 -1.1e-16 1 
1 18.899999999999981 6.2400019542711025 63.699999999999974 2.0000000000000001e-17 -1 -1.1e-16 
1 12.646610169491511 9.2999999999952117 70.163135428056478 1 1.1e-16 3.4e-16 
1 11.99999999999998 13.075988803963444 81.78443400658756 -2.1000000000000001e-16 0.30901699437494751 0.95105651629515364 
1 13.396610169491508 9.3999999999989683 70.470903781785523 -1 0 0 
1 -4.0000000000000003e-15 37.000000000000014 56.199999999999996 1 -2.2e-16 2.2e-16 
2 22 56.200000000000003 0 0 0 1 1 0 -0 -0 1 0 15
1 11.999999999999998 9.3999999999989683 0 -1 0 0 
1 11.999999999999977 9.3999999999989683 98.700000000000003 2.2e-16 0 -1 
1 18.899999999999999 -1.3000000000010314 0 0 1 0 
1 18.899999999999999 7.199999999998969 0 -1 0 0 
1 11.999999999999998 7.199999999998969 0 0 1 0 
1 -9.2999999999951974 70.163135428068017 0 0.30901699437494645 -0.95105651629515386 0 
1 16.846610169491509 7.1999999999989672 63.69999999999996 -1 0 0 
1 -9.2999999999951974 63.699999999999974 0 0 1 0 
1 10.499999999999986 9.2999999999952117 63.699999999999974 1 1.1e-16 1.1e-16 
1 11.99999999999998 9.2999999999952099 81.199999999999989 2.2e-16 1.1e-16 -1 
1 11.999999999999984 6.8999999999970933 63.699999999999974 0 -1 -1.1e-16 
1 11.999999999999977 7.199999999998969 98.700000000000003 2.2e-16 0 -1 
6 0 1 -4.0000000000000003e-15 37.000000000000014 56.199999999999996  -1.8000000000000043 37.317388565275238 56.200000000000003  
2 22 56.200000000000003 -7.5900000000000007e-15 -2.2e-16 2.2e-16 1 1 0 2.2e-16 4.8400000000000002e-32 1 -2.2e-16 15.317388565275238
1 -7.1999999999952013 63.699999999999974 0 -1 0 0 
2 -1.8 22 56.200000000000003 1 0 0 -0 1 0 0 -0 1 8.5
1 -22.000000000000014 64.699999999999989 0 0 1 0 
2 -22.000000000000014 56.199999999999996 0 0 0 1 1 0 -0 -0 1 0 15
1 -21.037772682972808 64.645360773250985 0 0.11320321376790701 0.99357185567658746 0 
2 -1.8 22 56.200000000000003 1 0 0 -0 1 0 0 -0 1 8.5
2 -1.8 22 56.200000000000003 1 0 0 -0 1 0 0 -0 1 8.5
2 -1.8 22 56.200000000000003 1 0 0 -0 1 0 0 -0 1 8.5
2 -1.8 22 56.200000000000003 1 0 0 -0 1 0 0 -0 1 8.5
2 -1.8 22 56.200000000000003 1 0 0 -0 1 0 0 -0 1 8.5
2 -1.8 22 56.200000000000003 1 0 0 -0 1 0 0 -0 1 8.5
2 -1.8 22 56.200000000000003 1 0 0 -0 1 0 0 -0 1 8.5
2 -1.8 22 56.200000000000003 1 0 0 -0 1 0 0 -0 1 8.5
2 -1.8 22 56.200000000000003 1 0 0 -0 1 0 0 -0 1 8.5
2 -1.8 22 56.200000000000003 1 0 0 -0 1 0 0 -0 1 8.5
2 -1.8 22 56.200000000000003 1 0 0 -0 1 0 0 -0 1 8.5
2 -1.8 22 56.200000000000003 1 0 0 -0 1 0 0 -0 1 8.5
2 -1.8 22 56.200000000000003 1 0 0 -0 1 0 0 -0 1 8.5
2 -1.8 22 56.200000000000003 1 0 0 -0 1 0 0 -0 1 8.5
2 -1.8 22 56.200000000000003 1 0 0 -0 1 0 0 -0 1 8.5
2 -1.8 22 56.200000000000003 1 0 0 -0 1 0 0 -0 1 8.5
2 -1.8 22 56.200000000000003 1 0 0 -0 1 0 0 -0 1 8.5
2 -1.8 22 56.200000000000003 1 0 0 -0 1 0 0 -0 1 8.5
2 -1.8 22 56.200000000000003 1 0 0 -0 1 0 0 -0 1 8.5
2 -1.8 22 56.200000000000003 1 0 0 -0 1 0 0 -0 1 8.5
2 -1.8 22 56.200000000000003 1 0 0 -0 1 0 0 -0 1 8.5
2 -1.8 22 56.200000000000003 1 0 0 -0 1 0 0 -0 1 8.5
2 -1.8 22 56.200000000000003 1 0 0 -0 1 0 0 -0 1 8.5
2 -1.8 22 56.200000000000003 1 0 0 -0 1 0 0 -0 1 8.5
2 -1.8 22 56.200000000000003 1 0 0 -0 1 0 0 -0 1 8.5
2 -1.8 22 56.200000000000003 1 0 0 -0 1 0 0 -0 1 8.5
2 -1.8 22 56.200000000000003 1 0 0 -0 1 0 0 -0 1 8.5
2 -1.8 22 56.200000000000003 1 0 0 -0 1 0 0 -0 1 8.5
2 -1.8 22 56.200000000000003 1 0 0 -0 1 0 0 -0 1 8.5
2 -2.5000000000000004 22.000000000000021 56.199999999999996 -1 0 0 0 0.30901699437494695 0.95105651629515375 0 0.95105651629515375 -0.30901699437494695 8.5
1 -1.80000000000001 30.083980388508827 53.573355547812952 -1 -2.8000000000000001e-16 -1.4000000000000001e-16 
1 -1.8000000000000091 29.795010632273531 52.810632914135411 -1 -2.9999999999999999e-16 -8.0000000000000006e-17 
2 -2.4999999999999991 21.999999999999979 56.20000000000001 -1 0 0 0 0.50000000000000033 0.86602540378443849 0 0.86602540378443849 -0.50000000000000033 8.4999999999999947
1 -1.8000000000000089 29.361215932167703 51.95000000000001 -1 -2.9999999999999999e-16 -8.0000000000000006e-17 
1 -1.8000000000000094 28.919981906028703 51.264024876457036 -1 -3.1000000000000001e-16 -2.0000000000000001e-17 
2 -2.4999999999999996 21.999999999999996 56.200000000000024 -1 0 0 0 0.66913060635885824 0.74314482547739424 0 0.74314482547739424 -0.66913060635885824 8.4999999999999964
1 -1.8000000000000091 28.316731016557839 50.512389845949734 -1 -3.1000000000000001e-16 -2.0000000000000001e-17 
1 -1.8000000000000094 27.7425167647331 49.93314263711396 -1 -3.1000000000000001e-16 4.9999999999999999e-17 
2 -2.4999999999999996 21.999999999999993 56.200000000000017 -1 0 0 0 0.80901699437494745 0.58778525229247325 0 0.58778525229247325 -0.80901699437494745 8.4999999999999964
1 -1.8000000000000091 26.996174644486011 49.32335554781298 -1 -3.1000000000000001e-16 4.9999999999999999e-17 
1 -1.8000000000000098 26.314076085165976 48.876152136247043 -1 -2.8999999999999998e-16 1.1e-16 
2 -2.5 21.999999999999996 56.200000000000017 -1 0 0 0 0.91354545764260098 0.40673664307579999 0 0.40673664307579999 -0.91354545764260098 8.4999999999999982
1 -1.8000000000000096 25.457261466144296 48.434863610037908 -1 -2.8999999999999998e-16 1.1e-16 
1 -1.8000000000000103 24.697089579443247 48.1392489307473 -1 -2.5999999999999998e-16 1.7e-16 
2 -2.5000000000000004 21.999999999999972 56.199999999999996 -1 0 0 0 0.9781476007338058 0.20791169081775895 0 0.20791169081775895 -0.9781476007338058 8.5
1 -1.80000000000001 23.767249371950921 47.885745393762647 -1 -2.5999999999999998e-16 1.7e-16 
1 -1.8000000000000098 22.962227317027196 47.754639226749021 -1 -2.2e-16 2.2e-16 
2 -2.5 21.999999999999993 56.20000000000001 -1 0 0 0 1 0 0 0 -1 8.4999999999999982
1 -1.8000000000000096 21.999999999999993 47.700000000000017 -1 -2.2e-16 2.2e-16 
1 -1.8000000000000103 21.185311103578059 47.739132313879004 -1 -1.7e-16 2.5999999999999998e-16 
2 -2.5000000000000004 21.999999999999972 56.20000000000001 -1 0 -0 0 0.97814760073380558 -0.2079116908177599 0 -0.2079116908177599 -0.97814760073380558 8.5
1 -1.80000000000001 20.232750628049018 47.885745393762669 -1 -1.7e-16 2.5999999999999998e-16 
1 -1.8000000000000098 19.444000704213693 48.093405918640073 -1 -1.1e-16 2.8999999999999998e-16 
2 -2.5 22.000000000000014 56.200000000000003 -1 0 -0 0 0.91354545764260098 -0.40673664307579999 0 -0.40673664307579999 -0.91354545764260098 8.4999999999999982
1 -1.8000000000000096 18.542738533855712 48.434863610037901 -1 -1.1e-16 2.8999999999999998e-16 
1 -1.8000000000000094 17.814399739120532 48.801976584510882 -1 -4.9999999999999999e-17 3.1000000000000001e-16 
2 -2.4999999999999996 22 56.200000000000024 -1 0 -0 0 0.80901699437494745 -0.58778525229247325 0 -0.58778525229247325 -0.80901699437494745 8.4999999999999964
1 -1.8000000000000091 17.003825355513982 49.32335554781298 -1 -4.9999999999999999e-17 3.1000000000000001e-16 
1 -1.8000000000000094 16.367729590166242 49.833876373293478 -1 2.0000000000000001e-17 3.1000000000000001e-16 
2 -2.4999999999999996 22.000000000000014 56.199999999999989 -1 0 -0 0 0.66913060635885824 -0.74314482547739424 0 -0.74314482547739424 -0.66913060635885824 8.4999999999999964
1 -1.8000000000000091 15.683268983442161 50.512389845949698 -1 2.0000000000000001e-17 3.1000000000000001e-16 
1 -1.8000000000000103 15.167216684753626 51.144006312613612 -1 8.0000000000000006e-17 2.9999999999999999e-16 
2 -2.5000000000000004 21.999999999999979 56.20000000000001 -1 0 -0 0 0.49999999999999989 -0.86602540378443882 0 -0.86602540378443882 -0.49999999999999989 8.5
1 -1.80000000000001 14.638784067832262 51.950000000000017 -1 8.0000000000000006e-17 2.9999999999999999e-16 
1 -1.8000000000000103 14.265329197549377 52.675107437422028 -1 1.4000000000000001e-16 2.8000000000000001e-16 
2 -2.5000000000000004 21.999999999999993 56.200000000000053 -1 0 -0 0 0.30901699437494695 -0.95105651629515375 0 -0.95105651629515375 -0.30901699437494695 8.5
1 -1.80000000000001 13.916019611491194 53.573355547813001 -1 1.4000000000000001e-16 2.8000000000000001e-16 
1 -1.8000000000000091 13.70148393948061 54.360263281526159 -1 2e-16 2.4e-16 
2 -2.4999999999999991 22.000000000000036 56.200000000000024 -1 0 -0 0 0.10452846326765304 -0.9945218953682734 0 -0.9945218953682734 -0.10452846326765304 8.4999999999999947
1 -1.8000000000000089 13.546563889369722 55.311508062224974 -1 2e-16 2.4e-16 
1 -1.8000000000000094 13.500323653954588 56.125824448263863 -1 2.4e-16 2e-16 
2 -2.4999999999999996 22.000000000000036 56.200000000000031 -1 -0 0 0 -0.10452846326765404 -0.99452189536827329 0 -0.99452189536827329 0.10452846326765404 8.4999999999999964
1 -1.8000000000000091 13.546563889369722 57.088491937775089 -1 2.4e-16 2e-16 
1 -1.8000000000000103 13.670640010722934 57.894627442546174 -1 2.8000000000000001e-16 1.4000000000000001e-16 
2 -2.5000000000000004 21.999999999999986 56.200000000000003 -1 -0 0 0 -0.30901699437494695 -0.95105651629515375 0 -0.95105651629515375 0.30901699437494695 8.5
1 -1.80000000000001 13.91601961149118 58.826644452187047 -1 2.8000000000000001e-16 1.4000000000000001e-16 
1 -1.8000000000000103 14.204989367726441 59.589367085864609 -1 2.9999999999999999e-16 8.0000000000000006e-17 
2 -2.5000000000000004 21.999999999999993 56.20000000000001 -1 -0 0 0 -0.49999999999999989 -0.86602540378443882 0 -0.86602540378443882 0.49999999999999989 8.5
1 -1.80000000000001 14.638784067832269 60.450000000000017 -1 2.9999999999999999e-16 8.0000000000000006e-17 
1 -1.8000000000000094 15.080018093971312 61.135975123542984 -1 3.1000000000000001e-16 2.0000000000000001e-17 
2 -2.4999999999999996 22.000000000000018 56.199999999999996 -1 -0 0 0 -0.66913060635885824 -0.74314482547739424 0 -0.74314482547739424 0.66913060635885824 8.4999999999999964
1 -1.8000000000000091 15.683268983442176 61.887610154050286 -1 3.1000000000000001e-16 2.0000000000000001e-17 
1 -1.8000000000000094 16.257483235266907 62.466857362886053 -1 3.1000000000000001e-16 -4.9999999999999999e-17 
2 -2.4999999999999996 22.000000000000014 56.199999999999996 -1 -0 0 0 -0.80901699437494745 -0.58778525229247325 0 -0.58778525229247325 0.80901699437494745 8.4999999999999964
1 -1.8000000000000091 17.003825355513996 63.076644452187033 -1 3.1000000000000001e-16 -4.9999999999999999e-17 
1 -1.8000000000000098 17.685923914834053 63.523847863752977 -1 2.8999999999999998e-16 -1.1e-16 
2 -2.5 22.000000000000032 56.200000000000003 -1 -0 0 0 -0.91354545764260098 -0.40673664307579999 0 -0.40673664307579999 0.91354545764260098 8.4999999999999982
1 -1.8000000000000096 18.542738533855733 63.965136389962112 -1 2.8999999999999998e-16 -1.1e-16 
1 -1.8000000000000103 19.302910420556763 64.260751069252706 -1 2.5999999999999998e-16 -1.7e-16 
2 -2.5000000000000004 22.000000000000043 56.200000000000003 -1 -0 0 0 -0.9781476007338058 -0.20791169081775895 0 -0.20791169081775895 0.9781476007338058 8.5
1 -1.80000000000001 20.232750628049089 64.514254606237358 -1 2.5999999999999998e-16 -1.7e-16 
1 -1.8000000000000098 21.037772682972811 64.645360773250985 -1 2.2e-16 -2.2e-16 
2 -2.5 22.000000000000014 56.199999999999996 -1 0 0 0 -1 0 0 0 1 8.4999999999999982
1 -1.8000000000000096 22.000000000000014 64.699999999999989 -1 2.2e-16 -2.2e-16 
1 -1.8000000000000103 22.814688896421934 64.660867686121009 -1 1.7e-16 -2.5999999999999998e-16 
2 -2.5000000000000004 22.000000000000021 56.20000000000001 -1 0 0 0 -0.97814760073380558 0.2079116908177599 0 0.2079116908177599 0.97814760073380558 8.5
1 -1.80000000000001 23.767249371950975 64.514254606237358 -1 1.7e-16 -2.5999999999999998e-16 
1 -1.8000000000000103 24.555999295786343 64.306594081359933 -1 1.1e-16 -2.8999999999999998e-16 
2 -2.5000000000000004 22.000000000000021 56.200000000000003 -1 0 0 0 -0.91354545764260064 0.40673664307580082 0 0.40673664307580082 0.91354545764260064 8.5
1 -1.80000000000001 25.457261466144324 63.965136389962105 -1 1.1e-16 -2.8999999999999998e-16 
1 -1.8000000000000094 26.185600260879468 63.598023415489131 -1 4.9999999999999999e-17 -3.1000000000000001e-16 
2 -2.4999999999999996 22 56.199999999999989 -1 0 0 0 -0.80901699437494745 0.58778525229247325 0 0.58778525229247325 0.80901699437494745 8.4999999999999964
1 -1.8000000000000091 26.996174644486018 63.076644452187033 -1 4.9999999999999999e-17 -3.1000000000000001e-16 
1 -1.8000000000000103 27.632270409833808 62.566123626706499 -1 -2.0000000000000001e-17 -3.1000000000000001e-16 
2 -2.5000000000000004 22.000000000000028 56.199999999999989 -1 0 0 0 -0.66913060635885779 0.7431448254773948 0 0.7431448254773948 0.66913060635885779 8.5
1 -1.80000000000001 28.316731016557881 61.887610154050279 -1 -2.0000000000000001e-17 -3.1000000000000001e-16 
1 -1.8000000000000096 28.832783315246338 61.255993687386358 -1 -8.0000000000000006e-17 -2.9999999999999999e-16 
2 -2.4999999999999996 22 56.199999999999967 -1 0 0 0 -0.49999999999999911 0.86602540378443926 0 0.86602540378443926 0.49999999999999911 8.4999999999999964
1 -1.8000000000000094 29.361215932167717 60.44999999999996 -1 -8.0000000000000006e-17 -2.9999999999999999e-16 
1 -1.8000000000000103 29.73467080245063 59.724892562577992 -1 -1.4000000000000001e-16 -2.8000000000000001e-16 
2 -2.5000000000000004 22.000000000000014 56.199999999999967 -1 0 0 0 -0.30901699437494695 0.95105651629515375 0 0.95105651629515375 0.30901699437494695 8.5
1 -1.80000000000001 30.083980388508813 58.826644452187018 -1 -1.4000000000000001e-16 -2.8000000000000001e-16 
1 -1.8000000000000091 30.298516060519397 58.039736718473861 -1 -2e-16 -2.4e-16 
2 -2.4999999999999991 21.999999999999972 56.199999999999996 -1 0 0 0 -0.10452846326765304 0.9945218953682734 0 0.9945218953682734 0.10452846326765304 8.4999999999999947
1 -1.8000000000000089 30.453436110630285 57.088491937775046 -1 -2e-16 -2.4e-16 
1 -1.8000000000000094 30.499676346045426 56.274175551736178 -1 -2.4e-16 -2e-16 
2 -2.4999999999999996 21.999999999999979 56.200000000000003 -1 0 0 0 0.10452846326765404 0.99452189536827329 0 0.99452189536827329 -0.10452846326765404 8.4999999999999964
7 0 0  1 2 2  0 30.5 56.200000000000003  -2.4999999999999996 30.5 56.200000000000003 
 0 2 2.4999999999999996 2
2 0 22 56.200000000000003 1 0 0 -0 1 0 0 -0 1 8.5
2 -2.4999999999999996 21.999999999999979 56.200000000000003 -1 0 0 0 0.10452846326765404 0.99452189536827329 0 0.99452189536827329 -0.10452846326765404 8.4999999999999964
1 -1.8000000000000091 30.453436110630292 55.311508062224945 -1 -2.4e-16 -2e-16 
1 -1.8000000000000103 30.329359989277073 54.505372557453825 -1 -2.8000000000000001e-16 -1.4000000000000001e-16 
1 -1.8000000000000109 22.000000000000014 71.199999999999989 -1 2.2e-16 -2.2e-16 
1 -1.8000000000000114 20.301951793481411 71.103577835148812 -1 2.2e-16 -2.2e-16 
2 -7.9899999999999993e-15 21.999999999999996 56.200000000000003 -1 -0 -0 0 0 -1 0 -1 0 3.2999999999999994
1 -3.399999999999999 0 -3.2999999999999994 -1 0 4.0000000000000003e-17 
2 -3.399999999999999 0 0 1 0 0 0 0 -1 -0 1 0 3.2999999999999994
2 0 0 0 1 0 0 0 0 -1 -0 1 0 6.7000000000000002
1 0 0 -6.7000000000000002 -0.70710678118654746 0 0.70710678118654779 
Polygon3D 0
PolygonOnTriangulations 0
Surfaces 175
1 8.4999999999999769 -5.5000000000010321 98.700000000000003 -2.2e-16 0 1 2.2e-16 1 4.8400000000000002e-32 -1 2.2e-16 -2.2e-16 
1 8.4999999999999911 21.999999999998973 56.200000000000003 1 -2.1000000000000001e-16 2.2e-16 -2.2e-16 0 1 -2.1000000000000001e-16 -1 -4.6200000000000004e-32 
2 21.499999999999982 13.199999999998965 92.700000000000003 -1 2.2e-16 -2.2e-16 -2.2e-16 0 1 -2.2e-16 -1 -4.8400000000000002e-32 6
1 18.899999999999977 16.49999999999897 98.700000000000003 -1 -0 -2.2e-16 0 -1 0 -2.2e-16 0 1 
1 14.79322033898303 11.943220338982021 98.700000000000017 -0 -0 1 1 0 0 -0 1 0 
1 18.899999999999981 5.8800039085469908 57.797066956362805 -1 -2.0000000000000001e-17 -2.2999999999999999e-16 2.2999999999999999e-16 0 -1 2.0000000000000001e-17 -1 4.6000000000000004e-33 
1 10.499999999999977 16.49999999999897 98.700000000000003 0 -1 0 1 0 2.2e-16 -2.2e-16 0 1 
1 8.4999999999999964 -5.5000000000010321 13.700000000000005 -2.2e-16 -1 0 -2.2e-16 4.8400000000000002e-32 1 -1 2.2e-16 -2.2e-16 
1 10.499999999999982 3.9857245405318027 59.304587156330626 1 4.0000000000000003e-17 2.2e-16 -2.2e-16 0 1 4.0000000000000003e-17 -1 8.8000000000000002e-33 
1 10.499999999999977 -3.5000000000010321 98.700000000000003 0 -1 0 1 0 2.2e-16 -2.2e-16 0 1 
1 13.988510638297852 2.3461702127649255 98.699999999999974 0 -0 1 1 0 0 -0 1 0 
1 11.999999999999977 -3.5000000000010321 98.700000000000003 1 -0 2.2e-16 0 1 0 -2.2e-16 0 1 
1 11.999999999999977 -1.3000000000010314 98.700000000000003 0 -1 0 1 0 2.2e-16 -2.2e-16 0 1 
1 15.099999999999977 -3.5000000000010321 98.700000000000003 1 -0 2.2e-16 0 1 0 -2.2e-16 0 1 
1 12.899999999999977 -1.3000000000010314 98.700000000000003 -1 -0 -2.2e-16 0 -1 0 -2.2e-16 0 1 
1 12.899999999999977 -3.5000000000010321 98.700000000000003 0 -1 0 1 0 2.2e-16 -2.2e-16 0 1 
1 21.499999999999979 7.1999999999989663 98.700000000000003 -2.2e-16 -1 0 2.2e-16 -4.8400000000000002e-32 -1 1 -2.2e-16 2.2e-16 
1 21.499999999999989 2.9499999999989663 81.575440517259153 1 -0 2.1000000000000001e-16 -2.1000000000000001e-16 0 1 -0 -1 0 
2 21.499999999999986 5.1999999999989663 65.700000000000003 1 -2.2e-16 2.2e-16 2.2e-16 1 0 -2.2e-16 4.8400000000000002e-32 1 2
1 21.499999999999986 5.1999999999989663 63.70000000000001 -2.2e-16 0 1 -2.2e-16 -1 -4.8400000000000002e-32 1 -2.2e-16 2.2e-16 
1 21.500000000000004 47.045537500000002 46.527786999999996 1 -3.4e-16 2.8000000000000001e-16 3.4e-16 1 0 -2.8000000000000001e-16 9.5200000000000007e-32 1 
1 21.500000000000004 47.045537500000002 46.527786999999996 1 -3.4e-16 2.8000000000000001e-16 3.4e-16 1 0 -2.8000000000000001e-16 9.5200000000000007e-32 1 
2 21.499999999999986 0.69999999999896467 65.700000000000003 1 -2.2e-16 2.2e-16 2.2e-16 1 0 -2.2e-16 4.8400000000000002e-32 1 2
1 8.5000000000000071 49.49999999999897 13.700000000000005 2.2e-16 -0 -1 -2.2e-16 -1 -4.8400000000000002e-32 -1 2.2e-16 -2.2e-16 
1 21.499999999999986 -1.3000000000010352 65.700000000000003 2.2e-16 1 0 -2.2e-16 4.8400000000000002e-32 1 1 -2.2e-16 2.2e-16 
1 15.099999999999977 -1.3000000000010314 98.700000000000003 0 -1 0 1 0 2.2e-16 -2.2e-16 0 1 
1 8.4999999999999893 49.49999999999897 98.700000000000003 2.2e-16 1 0 2.2e-16 -4.8400000000000002e-32 -1 -1 2.2e-16 -2.2e-16 
1 18.899999999999977 -1.3000000000010314 98.700000000000003 1 -0 2.2e-16 0 1 0 -2.2e-16 0 1 
1 18.899999999999977 7.199999999998969 98.700000000000003 0 1 0 -1 0 -2.2e-16 -2.2e-16 0 1 
1 10.499999999999984 9.2999999999952099 72.009745550373182 1.1e-16 1.1e-16 -1 2.2e-16 -1 -1.0999999999999998e-16 -1 -2.2e-16 -1.1000000000000002e-16 
10 -1086.1111034175337 1089.3052373302592 -1088.8281664653484 1056.5881742824445
1 18.899999999999981 5.8800039085469908 57.797066956362805 -1 -2.0000000000000001e-17 -2.2999999999999999e-16 2.2999999999999999e-16 0 -1 2.0000000000000001e-17 -1 4.6000000000000004e-33 
1 10.499999999999986 9.2999999999952117 63.699999999999974 1.1e-16 -1 -1.1e-16 -1.1e-16 -1.1000000000000001e-16 1 -1 -1.0999999999999999e-16 -1.1000000000000001e-16 
1 14.793220338983039 8.6657356928096334 68.21107061161355 0 -0.95105651629515364 0.30901699437494751 1 0 0 -0 0.30901699437494751 0.95105651629515364 
2 -7.5900000000000007e-15 22.000000000000014 56.199999999999996 -1 2.2e-16 -2.2e-16 2.2000000000000005e-16 1 -2.2e-16 -2.1999999999999995e-16 2.2000000000000005e-16 1 15
1 -7.5900000000000007e-15 22.000000000000014 56.199999999999996 1 -2.2e-16 2.2e-16 -2.2e-16 0 1 -2.2e-16 -1 -4.8400000000000002e-32 
2 -7.5900000000000007e-15 22.000000000000014 56.199999999999996 -1 2.2e-16 -2.2e-16 2.2000000000000005e-16 1 -2.2e-16 -2.1999999999999995e-16 2.2000000000000005e-16 1 15
2 -7.5900000000000007e-15 22.000000000000014 56.199999999999996 -1 2.2e-16 -2.2e-16 2.2000000000000005e-16 1 -2.2e-16 -2.1999999999999995e-16 2.2000000000000005e-16 1 15
2 -7.5900000000000007e-15 22.000000000000014 56.199999999999996 -1 2.2e-16 -2.2e-16 2.2000000000000005e-16 1 -2.2e-16 -2.1999999999999995e-16 2.2000000000000005e-16 1 15
2 -7.5900000000000007e-15 22.000000000000014 56.199999999999996 -1 2.2e-16 -2.2e-16 2.2000000000000005e-16 1 -2.2e-16 -2.1999999999999995e-16 2.2000000000000005e-16 1 15
2 0 22 56.200000000000003 -1 -0 -0 0 1 0 -0 -0 1 15
1 4.999999999999992 22 57.696226953860887 1 -2.1000000000000001e-16 2.2e-16 -2.2e-16 0 1 -2.1000000000000001e-16 -1 -4.6200000000000004e-32 
2 0 22 56.200000000000003 -1 -0 -0 0 1 0 -0 -0 1 15
1 4.999999999999992 22 57.696226953860887 1 -2.1000000000000001e-16 2.2e-16 -2.2e-16 0 1 -2.1000000000000001e-16 -1 -4.6200000000000004e-32 
1 4.999999999999992 22 57.696226953860879 1 -2.1000000000000001e-16 2.2e-16 -2.2e-16 0 1 -2.1000000000000001e-16 -1 -4.6200000000000004e-32 
1 4.999999999999992 22 57.696226953860879 1 -2.1000000000000001e-16 2.2e-16 -2.2e-16 0 1 -2.1000000000000001e-16 -1 -4.6200000000000004e-32 
2 0 22 56.200000000000003 -1 -0 -0 0 1 0 -0 -0 1 15
2 0 22 56.200000000000003 -1 -0 -0 0 1 0 -0 -0 1 15
2 0 22 56.200000000000003 -1 -0 -0 0 1 0 -0 -0 1 15
1 8.4999999999999929 21.999999999995211 56.200000000000017 1 -2.1000000000000001e-16 2.2e-16 -2.2e-16 0 1 -2.1000000000000001e-16 -1 -4.6200000000000004e-32 
1 8.4999999999999929 21.999999999995211 56.200000000000017 1 -2.1000000000000001e-16 2.2e-16 -2.2e-16 0 1 -2.1000000000000001e-16 -1 -4.6200000000000004e-32 
1 8.4999999999999929 21.999999999995211 56.200000000000017 1 -2.1000000000000001e-16 2.2e-16 -2.2e-16 0 1 -2.1000000000000001e-16 -1 -4.6200000000000004e-32 
1 8.4999999999999929 21.999999999995211 56.200000000000017 1 -2.1000000000000001e-16 2.2e-16 -2.2e-16 0 1 -2.1000000000000001e-16 -1 -4.6200000000000004e-32 
1 8.4999999999999929 22.000000000000011 56.200000000000017 1 -2.2999999999999999e-16 2.2999999999999999e-16 2.2999999999999999e-16 1 0 -2.2999999999999999e-16 5.2899999999999992e-32 1 
1 8.4999999999999911 21.999999999998973 56.200000000000003 1 -2.1000000000000001e-16 2.2e-16 -2.2e-16 0 1 -2.1000000000000001e-16 -1 -4.6200000000000004e-32 
1 8.4999999999999911 21.999999999998973 56.200000000000003 1 -2.1000000000000001e-16 2.2e-16 -2.2e-16 0 1 -2.1000000000000001e-16 -1 -4.6200000000000004e-32 
1 8.4999999999999911 21.999999999998973 56.200000000000003 1 -2.1000000000000001e-16 2.2e-16 -2.2e-16 0 1 -2.1000000000000001e-16 -1 -4.6200000000000004e-32 
1 8.4999999999999911 17.213578999999999 56.199999999999996 1 -2.2e-16 2.2e-16 -2.2e-16 0 1 -2.2e-16 -1 -4.8400000000000002e-32 
1 8.4999999999999911 21.999999999998973 56.200000000000003 1 -2.1000000000000001e-16 2.2e-16 -2.2e-16 0 1 -2.1000000000000001e-16 -1 -4.6200000000000004e-32 
1 10.499999999999977 9.3999999999989683 98.700000000000003 1 -0 2.2e-16 0 1 0 -2.2e-16 0 1 
1 10.499999999999977 -3.5000000000010321 98.700000000000003 1 -0 2.2e-16 0 1 0 -2.2e-16 0 1 
1 11.999999999999977 9.3999999999989683 98.700000000000003 0 1 0 -1 0 -2.2e-16 -2.2e-16 0 1 
1 10.499999999999988 7.9499999999952129 67.854872775186593 1 3.2999999999999999e-16 1.1e-16 -3.2999999999999999e-16 1 0 -1.1e-16 -3.63e-32 1 
1 10.499999999999986 6.5999999999952133 72.009745550373182 -1.1e-16 1 1.1e-16 1.1e-16 1.1000000000000001e-16 -1 -1 -1.0999999999999999e-16 -1.1000000000000001e-16 
1 10.499999999999986 6.5999999999952141 63.699999999999974 -1.1e-16 -1.1e-16 1 -2.2e-16 1 1.0999999999999998e-16 -1 -2.2e-16 -1.1000000000000002e-16 
1 17.579411764705878 -1.3000000000010323 58.420588235294126 4.4e-16 1 1.0000000000000001e-17 1 -4.4e-16 0 4.4000000000000001e-33 1.0000000000000001e-17 -1 
1 17.999999999999993 9.2999999999952045 70.163135428068017 1.4000000000000001e-16 0.95105651629515386 -0.30901699437494656 4.0000000000000003e-17 -0.30901699437494656 -0.95105651629515386 -1 1.207872325063237e-16 -8.130463986429868e-17 
1 11.999999999999977 7.199999999998969 98.700000000000003 1 -0 2.2e-16 0 1 0 -2.2e-16 0 1 
2 -7.5900000000000007e-15 22.000000000000014 56.199999999999996 1 -2.2e-16 2.2e-16 2.2000000000000005e-16 1 -2.2e-16 -2.1999999999999995e-16 2.2000000000000005e-16 1 15
1 -7.5900000000000007e-15 22.000000000000011 56.20000000000001 1 -2.2e-16 2.2e-16 -2.2e-16 0 1 -2.2e-16 -1 -4.8400000000000002e-32 
10 0 6.2831853071795862 0 1.8277679013943486
3 0 22 56.200000000000003 -1 -0 -0 0 1 0 -0 -0 1 15
0.17453292519943253
1 0 22 56.200000000000003 1 0 0 -0 1 0 0 -0 1 
10 0 6.2831853071795862 0 1.9155199904566491
3 0 22 56.200000000000003 -1 -0 -0 0 1 0 -0 -0 1 15
0.34906585039886479
1 0 22 56.200000000000003 1 0 0 -0 1 0 0 -0 1 
10 0 6.2831853071795862 0 2.0784609690826601
3 0 22 56.200000000000003 -1 -0 -0 0 1 0 -0 -0 1 15
0.52359877559829771
1 0 22 56.200000000000003 1 0 0 -0 1 0 0 -0 1 
10 0 6.2831853071795862 0 1.9155199904566491
3 0 22 56.200000000000003 -1 -0 -0 0 1 0 -0 -0 1 15
0.34906585039886479
1 0 22 56.200000000000003 1 0 0 -0 1 0 0 -0 1 
10 0 6.2831853071795862 0 1.8277679013943486
3 0 22 56.200000000000003 -1 -0 -0 0 1 0 -0 -0 1 15
0.17453292519943253
1 0 22 56.200000000000003 1 0 0 -0 1 0 0 -0 1 
2 0 22 56.200000000000003 1 0 0 -0 1 0 0 -0 1 15
10 0 6.2831853071795862 0 1.8
2 0 22 56.200000000000003 -1 -0 -0 0 1 0 -0 -0 1 15
1 0 22 56.200000000000003 1 0 0 -0 1 0 0 -0 1 
1 -1.8 22 56.200000000000003 1 0 0 -0 1 0 0 -0 1 
10 0 6.2831853071795862 0 1.8
2 0 22 56.200000000000003 -1 -0 -0 0 1 0 -0 -0 1 15
1 0 22 56.200000000000003 1 0 0 -0 1 0 0 -0 1 
1 -1.8 22 56.200000000000003 1 0 0 -0 1 0 0 -0 1 
10 0 6.2831853071795862 0 1.8
2 0 22 56.200000000000003 -1 -0 -0 0 1 0 -0 -0 1 15
1 0 22 56.200000000000003 1 0 0 -0 1 0 0 -0 1 
1 -1.8 22 56.200000000000003 1 0 0 -0 1 0 0 -0 1 
10 0 6.2831853071795862 0 1.8
2 0 22 56.200000000000003 -1 -0 -0 0 1 0 -0 -0 1 15
1 0 22 56.200000000000003 1 0 0 -0 1 0 0 -0 1 
1 -1.8 22 56.200000000000003 1 0 0 -0 1 0 0 -0 1 
10 0 6.2831853071795862 0 1.8
2 0 22 56.200000000000003 -1 -0 -0 0 1 0 -0 -0 1 15
1 0 22 56.200000000000003 1 0 0 -0 1 0 0 -0 1 
1 -1.8 22 56.200000000000003 1 0 0 -0 1 0 0 -0 1 
2 0 22 56.200000000000003 1 0 0 -0 1 0 0 -0 1 15
10 0 6.2831853071795862 0 1.8
2 0 22 56.200000000000003 -1 -0 -0 0 1 0 -0 -0 1 15
1 0 22 56.200000000000003 1 0 0 -0 1 0 0 -0 1 
1 -1.8 22 56.200000000000003 1 0 0 -0 1 0 0 -0 1 
2 0 22 56.200000000000003 1 0 0 -0 1 0 0 -0 1 15
10 0 6.2831853071795862 0 1.8
2 0 22 56.200000000000003 -1 -0 -0 0 1 0 -0 -0 1 15
1 0 22 56.200000000000003 1 0 0 -0 1 0 0 -0 1 
1 -1.8 22 56.200000000000003 1 0 0 -0 1 0 0 -0 1 
2 0 22 56.200000000000003 1 0 0 -0 1 0 0 -0 1 15
10 0 6.2831853071795862 0 1.8
2 0 22 56.200000000000003 -1 -0 -0 0 1 0 -0 -0 1 15
1 0 22 56.200000000000003 1 0 0 -0 1 0 0 -0 1 
1 -1.8 22 56.200000000000003 1 0 0 -0 1 0 0 -0 1 
10 0 6.2831853071795862 0 1.8
2 0 22 56.200000000000003 -1 -0 -0 0 1 0 -0 -0 1 15
1 0 22 56.200000000000003 1 0 0 -0 1 0 0 -0 1 
1 -1.8 22 56.200000000000003 1 0 0 -0 1 0 0 -0 1 
10 0 6.2831853071795862 0 1.8
2 0 22 56.200000000000003 -1 -0 -0 0 1 0 -0 -0 1 15
1 0 22 56.200000000000003 1 0 0 -0 1 0 0 -0 1 
1 -1.8 22 56.200000000000003 1 0 0 -0 1 0 0 -0 1 
10 0 6.2831853071795862 0 1.8
2 0 22 56.200000000000003 -1 -0 -0 0 1 0 -0 -0 1 15
1 0 22 56.200000000000003 1 0 0 -0 1 0 0 -0 1 
1 -1.8 22 56.200000000000003 1 0 0 -0 1 0 0 -0 1 
10 0 6.2831853071795862 0 1.8
2 0 22 56.200000000000003 -1 -0 -0 0 1 0 -0 -0 1 15
1 0 22 56.200000000000003 1 0 0 -0 1 0 0 -0 1 
1 -1.8 22 56.200000000000003 1 0 0 -0 1 0 0 -0 1 
10 0 6.2831853071795862 0 1.8
2 0 22 56.200000000000003 -1 -0 -0 0 1 0 -0 -0 1 15
1 0 22 56.200000000000003 1 0 0 -0 1 0 0 -0 1 
1 -1.8 22 56.200000000000003 1 0 0 -0 1 0 0 -0 1 
10 0 6.2831853071795862 0 1.8
2 0 22 56.200000000000003 -1 -0 -0 0 1 0 -0 -0 1 15
1 0 22 56.200000000000003 1 0 0 -0 1 0 0 -0 1 
1 -1.8 22 56.200000000000003 1 0 0 -0 1 0 0 -0 1 
10 0 6.2831853071795862 0 1.8
2 0 22 56.200000000000003 -1 -0 -0 0 1 0 -0 -0 1 15
1 0 22 56.200000000000003 1 0 0 -0 1 0 0 -0 1 
1 -1.8 22 56.200000000000003 1 0 0 -0 1 0 0 -0 1 
10 0 6.2831853071795862 0 1.8
2 0 22 56.200000000000003 -1 -0 -0 0 1 0 -0 -0 1 15
1 0 22 56.200000000000003 1 0 0 -0 1 0 0 -0 1 
1 -1.8 22 56.200000000000003 1 0 0 -0 1 0 0 -0 1 
2 0 22 56.200000000000003 1 0 0 -0 1 0 0 -0 1 15
10 0 6.2831853071795862 0 1.8277679013943486
3 0 22 56.200000000000003 -1 -0 -0 0 1 0 -0 -0 1 15
0.17453292519943253
1 0 22 56.200000000000003 1 0 0 -0 1 0 0 -0 1 
2 0 22 56.200000000000003 1 0 0 -0 1 0 0 -0 1 15
10 0 6.2831853071795862 0 2.0784609690826601
3 0 22 56.200000000000003 -1 -0 -0 0 1 0 -0 -0 1 15
0.52359877559829771
1 0 22 56.200000000000003 1 0 0 -0 1 0 0 -0 1 
10 0 6.2831853071795862 0 2.3497331207981076
3 0 22 56.200000000000003 -1 -0 -0 0 1 0 -0 -0 1 15
0.6981317007977299
1 0 22 56.200000000000003 1 0 0 -0 1 0 0 -0 1 
2 0 22 56.200000000000003 1 0 0 -0 1 0 0 -0 1 15
10 0 6.2831853071795862 0 1.8
2 0 22 56.200000000000003 -1 -0 -0 0 1 0 -0 -0 1 15
1 0 22 56.200000000000003 1 0 0 -0 1 0 0 -0 1 
1 -1.8 22 56.200000000000003 1 0 0 -0 1 0 0 -0 1 
10 0 6.2831853071795862 0 1.8
2 0 22 56.200000000000003 -1 -0 -0 0 1 0 -0 -0 1 15
1 0 22 56.200000000000003 1 0 0 -0 1 0 0 -0 1 
1 -1.8 22 56.200000000000003 1 0 0 -0 1 0 0 -0 1 
10 0 6.2831853071795862 0 1.8
2 0 22 56.200000000000003 -1 -0 -0 0 1 0 -0 -0 1 15
1 0 22 56.200000000000003 1 0 0 -0 1 0 0 -0 1 
1 -1.8 22 56.200000000000003 1 0 0 -0 1 0 0 -0 1 
10 0 6.2831853071795862 0 1.8
2 0 22 56.200000000000003 -1 -0 -0 0 1 0 -0 -0 1 15
1 0 22 56.200000000000003 1 0 0 -0 1 0 0 -0 1 
1 -1.8 22 56.200000000000003 1 0 0 -0 1 0 0 -0 1 
2 0 22 56.200000000000003 1 0 0 -0 1 0 0 -0 1 15
10 0 6.2831853071795862 0 1.8277679013943486
3 0 22 56.200000000000003 -1 -0 -0 0 1 0 -0 -0 1 15
0.17453292519943253
1 0 22 56.200000000000003 1 0 0 -0 1 0 0 -0 1 
10 0 6.2831853071795862 0 1.8277679013943486
3 0 22 56.200000000000003 -1 -0 -0 0 1 0 -0 -0 1 15
0.17453292519943253
1 0 22 56.200000000000003 1 0 0 -0 1 0 0 -0 1 
10 0 6.2831853071795862 0 1.8277679013943486
3 0 22 56.200000000000003 -1 -0 -0 0 1 0 -0 -0 1 15
0.17453292519943253
1 0 22 56.200000000000003 1 0 0 -0 1 0 0 -0 1 
10 0 6.2831853071795862 0 1.8277679013943486
3 0 22 56.200000000000003 -1 -0 -0 0 1 0 -0 -0 1 15
0.17453292519943253
1 0 22 56.200000000000003 1 0 0 -0 1 0 0 -0 1 
1 17.999999999999996 8.6918481688248246 66.48971954520438 1 -1.69e-15 5.4999999999999996e-16 1.69e-15 1 0 -5.4999999999999996e-16 9.2950000000000003e-31 1 
1 17.999999999999996 9.2999999999952045 63.699999999999974 -1.1e-16 -1 1.1e-16 -1.1e-16 1.1000000000000001e-16 1 -1 1.0999999999999999e-16 -1.1000000000000001e-16 
1 -1.8000000000000076 22 56.200000000000003 1 -2.2e-16 2.2e-16 2.2e-16 1 0 -2.2e-16 4.8400000000000002e-32 1 
1 17.999999999999993 7.1999999999952076 63.699999999999974 -1.1e-16 1.1e-16 1 2.2e-16 1 -1.0999999999999998e-16 -1 2.2e-16 -1.1000000000000002e-16 
10 0 6.2831853071795862 0 2.5000000000000102
2 0 22 56.200000000000003 -1 -0 -0 0 1 0 -0 -0 1 8.5
1 -1.8000000000000096 22.000000000000014 64.699999999999989 2.2e-16 1 0 -2.2e-16 4.8400000000000002e-32 1 1 -2.2e-16 2.2e-16 
1 -1.8000000000000105 21.326156434628839 68.066761749422895 1 -2.5999999999999998e-16 2.1000000000000001e-16 2.5999999999999998e-16 1 0 -2.1000000000000001e-16 5.4599999999999998e-32 1 
2 -1.8000000000000076 22.000000000000014 56.199999999999996 1 -2.2e-16 2.2e-16 -2.2e-16 -1 0 -2.2e-16 4.8400000000000002e-32 1 15
1 -1.8000000000000098 21.037772682972808 64.645360773250985 2e-16 0.99357185567658746 0.11320321376790701 -2.5000000000000002e-16 -0.11320321376790701 0.99357185567658746 1 -2.2701517457729423e-16 2.257523211655655e-16 
2 -3.399999999999999 0 0 -1 -0 -0 0 0 -1 -0 1 -0 3.2999999999999994
2 5.0999999999999925 21.999999999999996 56.200000000000003 -1 2.2e-16 -2.2e-16 2.2e-16 0 -1 2.2e-16 1 4.8400000000000002e-32 3.2999999999999994
2 5.0999999999999925 21.999999999999996 56.200000000000003 -1 2.2e-16 -2.2e-16 2.2e-16 0 -1 2.2e-16 1 4.8400000000000002e-32 3.2999999999999994
3 0 0 0 -1 -0 -0 0 0 -1 -0 1 -0 6.7000000000000002
-0.78539816339744839
1 0 0 0 1 0 0 0 -0 1 -0 1 0 
Triangulations 0

TShapes 558
Ve
1e-07
21.5 13.199999999999 98.7
0 0

0101101
*
Ve
1.00000021e-07
49.499999999999 98.7 0
0 0

0101101
*
Ed
 1e-07 1 1 0
1  1 0 18.7 55
2  1 2 21 18.7 55
2  2 1 22 18.7 55
2  3 1 23 18.7 55
0

0101000
+558 24 -557 0 *
Ve
1.50003578e-07
18.9 13.199999999999 98.7
0 0

0101101
*
Ed
 1e-07 1 1 0
1  2 0 2e-15 2.6
2  4 3 0 2e-15 2.6
2  5 1 25 2e-15 2.6
4 G1 3 0 1 25
0

0101000
+558 0 -555 0 *
Ed
 1e-07 1 1 0
1  3 0 0 13
2  6 1 0 0 13
0

0101000
+557 26 -557 27 *
Ve
1.50003578e-07
18.9 16.499999999999 0
0 0

0101101
*
Ed
 1.50003578e-07 1 1 0
1  4 0 0 3.3
2  2 4 32 0 3.3
2  7 4 34 0 3.3
2  8 5 35 0 3.3
2  9 1 36 0 3.3
2  10 6 37 0 3.3
0

0101000
-555 37 +552 38 *
Ve
1e-07
-5.50000000000103 98.7 0
0 0

0101101
*
Ed
 1e-07 1 1 0
1  1 0 0 55
2  1 2 21 0 55
2  2 1 22 0 55
2  3 1 23 0 55
0

0101000
+550 0 -557 0 *
Ve
1.50003578e-07
10.5 16.499999999999 0
0 0

0101101
*
Ed
 1e-07 1 1 0
1  5 0 0 8.4
2  11 5 42 0 8.4
2  2 7 43 0 8.4
2  12 7 44 0 8.4
2  13 1 45 0 8.4
0

0101000
+548 46 -552 46 *
Ed
 1e-07 1 1 0
1  6 0 0 13
2  14 1 0 0 13
2  15 8 0 0 13
0

0101000
+550 26 -550 27 *
Ve
1.5e-07
-1.30000000000103 98.7 0
0 0

0101101
*
Ed
 1e-07 1 1 0
1  1 0 0 4.2
2  1 2 21 0 4.2
2  2 1 22 0 4.2
2  3 1 23 0 4.2
0

0101000
+550 0 -545 49 *
Ve
1.50003578e-07
10.5 -3.50000000000103 0
0 0

0101101
*
Ed
 1.50003578e-07 1 1 0
1  7 0 0 20
2  16 1 25 0 20
2  17 9 0 0 20
0

0101000
+543 52 -548 53 *
Ve
1.5e-07
15.1 -1.30000000000103 0
0 0

0101101
*
Ed
 1.5e-07 1 1 0
1  8 0 0 6.4
2  18 1 25 0 6.4
0

0101000
+545 54 -541 52 *
Ve
1e-07
12 -3.50000000000103 0
0 0

0101101
*
Ed
 1e-07 1 1 0
1  9 0 0 1.5
2  2 10 57 0 1.5
2  19 10 59 0 1.5
2  20 11 60 0 1.5
2  21 1 61 0 1.5
0

0101000
+543 62 -539 62 *
Ve
1e-07
12 -1.30000000000103 0
0 0

0101101
*
Ed
 1e-07 1 1 0
1  10 0 0 2.2
2  2 12 65 0 2.2
2  22 12 66 0 2.2
2  23 11 67 0 2.2
2  24 1 68 0 2.2
0

0101000
+539 69 -537 69 *
Ve
1e-07
12.9 -1.30000000000103 0
0 0

0101101
*
Ed
 1e-07 1 1 0
1  11 0 0 0.9
2  2 13 72 0 0.9
2  19 13 73 0 0.9
2  25 11 74 0 0.9
2  26 1 75 0 0.9
0

0101000
+537 76 -535 76 *
Ve
1e-07
15.1 -3.50000000000103 0
0 0

0101101
*
Ed
 1e-07 1 1 0
1  12 0 0 2.2
2  2 14 77 0 2.2
2  22 14 78 0 2.2
2  27 11 79 0 2.2
2  28 1 80 0 2.2
0

0101000
+533 0 -541 0 *
Ve
1e-07
12.9 -3.50000000000103 0
0 0

0101101
*
Ed
 1e-07 1 1 0
1  13 0 0 2.2
2  2 15 77 0 2.2
2  22 15 78 0 2.2
2  29 11 79 0 2.2
2  30 1 80 0 2.2
0

0101000
+535 0 -531 0 *
Ed
 1e-07 1 1 0
1  14 0 0 2.2
2  2 16 77 0 2.2
2  19 16 78 0 2.2
2  31 11 79 0 2.2
2  32 1 80 0 2.2
0

0101000
+531 0 -533 0 *
Wi

0101000
+556 20 -554 0 -553 25 +551 31 -549 39 +547 41 +546 25 +544 20 +542 0 +540 0 
-538 56 -536 64 -534 71 -532 52 -530 52 -529 52 *
Fa
0  1e-07 1 14

0111000
+528 15 *
Ve
1.00000004e-07
21.5 7.19999999999896 92.7
0 0

0101101
*
Ve
1.00000004e-07
7.19999999999897 65.7 0
0 0

0101101
*
Ed
 1.00000004e-07 1 1 0
1  15 0 6 33
2  2 17 82 6 33
2  33 17 84 6 33
2  34 18 85 6 33
2  35 2 86 6 33
0

0101000
+526 87 -525 0 *
Ed
 1e-07 1 1 0
1  16 0 4.71238898038469 6.28318530717959
2  36 3 0 4.71238898038469 6.28318530717959
2  37 2 88 4.71238898038469 6.28318530717959
0

0101000
+558 0 -526 0 *
Ve
1.00000004e-07
5.19999999999897 63.7 0
0 0

0101101
*
Ed
 1.00000004e-07 1 1 0
1  17 0 4.71238898038469 6.28318530717958
2  2 19 82 4.71238898038469 6.28318530717958
2  38 19 84 4.71238898038469 6.28318530717958
2  39 18 85 4.71238898038469 6.28318530717958
2  40 2 86 4.71238898038469 6.28318530717958
0

0101000
+522 0 -525 0 *
Ve
1.00000004e-07
0.699999999998969 63.7 0
0 0

0101101
*
Ed
 1.00000004e-07 1 1 0
1  18 0 0 4.5
2  41 18 85 0 4.5
2  2 20 82 0 4.5
2  42 20 84 0 4.5
2  43 2 86 0 4.5
0

0101000
+522 0 -520 0 *
Ve
1.00000014e-07
49.499999999999 13.7 0
0 0

0101101
*
Ed
 1.00000011e-07 1 1 0
1  19 0 0 85
2  44 2 21 0 85
2  45 21 100 0 85
2  45 22 112 0 85
0

0101000
+557 0 -518 0 *
Ve
1.5e-07
-1.30000000000103 65.7 0
0 0

0101101
*
Ed
 1e-07 1 1 0
1  20 0 3.14159265358979 4.71238898038469
2  2 23 82 3.14159265358979 4.71238898038469
2  38 23 84 3.14159265358979 4.71238898038469
2  46 18 85 3.14159265358979 4.71238898038469
2  47 2 86 3.14159265358979 4.71238898038469
0

0101000
+516 0 -520 0 *
Ve
1.5e-07
-5.50000000000103 13.7 0
0 0

0101101
*
Ed
 1e-07 1 1 0
1  21 0 0 55
2  48 2 21 0 55
2  2 24 22 0 55
2  49 24 23 0 55
0

0101000
+518 0 -514 0 *
Ed
 1.5e-07 1 1 0
1  22 0 0 33
2  2 25 82 0 33
2  50 25 84 0 33
2  51 18 85 0 33
2  52 2 86 0 33
2  53 26 113 0 33
0

0101000
+516 0 -545 0 *
Ed
 1e-07 1 1 0
1  23 0 0 85
2  54 2 21 0 85
2  2 8 22 0 85
2  55 8 23 0 85
0

0101000
+514 0 -550 0 *
Wi

0101100
+524 54 +523 0 -521 54 -556 20 +519 54 -517 20 -515 54 -513 20 +512 54 -511 20 
-544 20 *
Fa
0  1e-07 2 81

0111000
+510 15 *
Ve
1.50003578e-07
18.9 7.19999999999897 92.7
0 0

0101101
*
Ed
 1e-07 1 1 0
1  24 0 4e-15 2.6
2  56 3 0 4e-15 2.6
2  57 17 2 4e-15 2.6
4 G1 3 0 17 2
0

0101000
+526 0 -508 0 *
Ed
 1.50003578e-07 1 1 0
1  25 0 4.71238898038469 6.28318530717959
2  58 3 0 4.71238898038469 6.28318530717959
2  59 4 115 4.71238898038469 6.28318530717959
2  60 6 0 4.71238898038469 6.28318530717959
0

0101000
+555 0 -508 0 *
Wi

0101100
+523 0 -554 0 +507 0 -506 0 *
Fa
0  0 3 0

0111000
+505 0 *
Ed
 1e-07 1 1 0
1  26 0 0 13
2  14 24 0 0 13
0

0101000
+518 26 -518 27 *
Wi

0101100
+553 0 -503 0 -517 26 +517 27 *
Fa
0  1e-07 27 0

0111000
+502 0 *
Ve
1.50003578e-07
18.9 7.19999999999897 72.0097455503732
0 0

0101101
*
Ed
 1.50003578e-07 1 1 0
1  27 0 6 26.6902544496268
2  61 28 0 6 26.6902544496268
2  62 29 0 6 26.6902544496268
2  63 4 118 6 26.6902544496268
2  64 17 119 6 26.6902544496268
2  65 6 120 6 26.6902544496268
0

0101000
+508 120 -500 121 *
Ve
1.50000014e-07
18.9 9.29999999999521 72.0097455503732
0 0

0101101
*
Ed
 1.5e-07 1 1 0
1  28 0 -0.39000195427213 1.70999804572411
2  66 30 0 -0.39000195427213 1.70999804572411
2  67 31 0 -0.39000195427213 1.70999804572411
2  68 6 123 -0.39000195427213 1.70999804572411
0

0101000
+500 0 -498 0 *
Ve
1.50005983e-07
18.9 9.2999999999952 70.1631354280623
0 0

0101101
*
Ed
 1.5e-07 1 1 0
1  29 0 -11.2612120721918 -9.41460194987503
2  69 32 0 -11.2612120721918 -9.41460194987503
2  70 31 0 -11.2612120721918 -9.41460194987503
2  71 6 123 -11.2612120721918 -9.41460194987503
0

0101000
+498 0 -496 124 *
Ve
1.50003578e-07
18.9 16.499999999999 92.3224568957299
0 0

0101101
*
Ed
 1.50003578e-07 1 1 0
1  30 127 -9.64340396224784 13.6562854757629
2  72 4 34 -9.64340396224784 13.6562854757629
2  73 33 127 -9.64340396224784 13.6562854757629
2  74 6 128 -9.64340396224784 13.6562854757629
0

0101000
+494 127 -496 129 *
Ed
 1.50003578e-07 1 1 0
1  31 0 0 6.37754310427013
2  14 4 0 0 6.37754310427013
2  75 7 0 0 6.37754310427013
2  76 6 131 0 6.37754310427013
0

0101000
+552 132 -494 133 *
Wi

0101100
-499 117 -497 122 -495 122 +493 125 +492 130 -551 134 -506 114 *
Fa
0  1.5e-07 6 114

0111000
+491 0 *
Wi

0101100
-549 26 -511 26 -517 26 -513 26 *
Ve
1.00000014e-07
-4e-15 37 56.2
0 0

0101101
*
Ed
 1.00000012e-07 1 1 0
1  32 0 0 6.28318530717959
2  2 34 148 0 6.28318530717959
2  77 34 150 0 6.28318530717959
2  78 35 151 0 6.28318530717959
2  2 36 154 0 6.28318530717959
2  79 36 156 0 6.28318530717959
2  2 37 159 0 6.28318530717959
2  80 37 161 0 6.28318530717959
2  2 38 164 0 6.28318530717959
2  38 38 166 0 6.28318530717959
2  2 39 169 0 6.28318530717959
2  38 39 171 0 6.28318530717959
2  2 40 174 0 6.28318530717959
2  38 40 176 0 6.28318530717959
2  81 41 198 0 6.28318530717959
2  81 41 201 0 6.28318530717959
2  81 41 216 0 6.28318530717959
2  81 41 219 0 6.28318530717959
2  2 42 222 0 6.28318530717959
2  38 42 224 0 6.28318530717959
2  81 43 248 0 6.28318530717959
2  82 44 266 0 6.28318530717959
2  82 45 284 0 6.28318530717959
2  82 45 299 0 6.28318530717959
2  82 45 303 0 6.28318530717959
2  82 45 305 0 6.28318530717959
2  82 45 309 0 6.28318530717959
2  82 45 311 0 6.28318530717959
2  2 46 314 0 6.28318530717959
2  83 46 316 0 6.28318530717959
2  2 47 319 0 6.28318530717959
2  84 47 321 0 6.28318530717959
2  2 48 322 0 6.28318530717959
2  84 48 323 0 6.28318530717959
2  85 49 324 0 6.28318530717959
2  85 50 324 0 6.28318530717959
2  85 51 324 0 6.28318530717959
2  85 52 324 0 6.28318530717959
2  86 53 324 0 6.28318530717959
2  87 54 324 0 6.28318530717959
2  87 55 324 0 6.28318530717959
2  87 56 324 0 6.28318530717959
2  88 57 324 0 6.28318530717959
2  87 58 324 0 6.28318530717959
2  87 2 324 0 6.28318530717959
0

0101000
+488 325 -488 325 *
Wi

0101100
-487 145 *
Fa
0  1e-07 2 135

0111000
+489 0 +486 0 *
Ve
1.50003578e-07
10.5 16.499999999999 92.3224568957299
0 0

0101101
*
Ed
 1.50003578e-07 1 1 0
1  33 0 0 6.37754310427013
2  89 59 0 0 6.37754310427013
2  14 7 0 0 6.37754310427013
2  90 9 131 0 6.37754310427013
0

0101000
+548 132 -484 133 *
Ed
 1.50003578e-07 1 1 0
1  34 328 -2.14661016949153 6.25338983050847
2  91 7 44 -2.14661016949153 6.25338983050847
2  92 33 328 -2.14661016949153 6.25338983050847
0

0101000
+484 328 -494 328 *
Wi

0101100
+483 0 -492 0 -547 326 +482 327 *
Fa
0  1e-07 7 0

0111000
+481 0 *
Ed
 1e-07 1 1 0
1  35 0 0 13
2  93 24 0 0 13
2  14 8 0 0 13
0

0101000
+514 26 -514 27 *
Wi

0101100
+479 0 -546 0 -511 26 +511 27 *
Fa
0  1e-07 8 0

0111000
+478 0 *
Ve
1.50003578e-07
10.5 9.39999999999897 70.4709037817856
0 0

0101101
*
Ed
 1.50003578e-07 1 1 0
1  36 332 -12.2356683479696 10.7404142922789
2  94 59 333 -12.2356683479696 10.7404142922789
2  95 33 332 -12.2356683479696 10.7404142922789
2  96 9 334 -12.2356683479696 10.7404142922789
0

0101000
+476 332 -484 332 *
Ed
 1.50003578e-07 1 1 0
1  37 0 0 82
2  14 10 0 0 82
2  14 60 0 0 82
2  97 9 120 0 82
0

0101000
+543 336 -543 337 *
Ve
1.50003578e-07
10.5 9.39999999999897 0
0 0

0101101
*
Ed
 1.50003578e-07 1 1 0
1  38 0 28.2290962182144 82
2  98 60 0 28.2290962182144 82
2  99 61 0 28.2290962182144 82
2  100 9 120 28.2290962182144 82
0

0101000
+476 338 -473 337 *
Ed
 1.50003578e-07 1 1 0
1  39 0 0 12.9
2  2 60 341 0 12.9
2  22 60 342 0 12.9
2  101 11 343 0 12.9
2  16 1 344 0 12.9
2  102 9 345 0 12.9
0

0101000
+543 346 -473 346 *
Wi

0101100
-483 329 -542 123 +475 331 +474 335 -472 335 +471 340 *
Ve
1.00000007e-07
9.29999999999522 72.0097455503732 0
0 0

0101101
*
Ve
1.00000007e-07
6.59999999999522 72.0097455503732 0
0 0

0101101
*
Ed
 1.00000005e-07 1 1 0
1  40 0 0 2.7
2  103 30 350 0 2.7
2  104 30 352 0 2.7
2  105 62 353 0 2.7
2  106 9 354 0 2.7
0

0101000
+469 0 -468 0 *
Ve
1.00000007e-07
6.59999999999522 63.7 0
0 0

0101101
*
Ed
 1.00000007e-07 1 1 0
1  41 0 0 8.30974555037321
2  103 63 350 0 8.30974555037321
2  107 63 352 0 8.30974555037321
2  108 62 353 0 8.30974555037321
2  109 9 354 0 8.30974555037321
0

0101000
+468 0 -466 0 *
Ve
1.00000007e-07
9.29999999999522 63.7 0
0 0

0101101
*
Ed
 1.00000005e-07 1 1 0
1  42 0 0 2.7
2  110 64 350 0 2.7
2  111 64 352 0 2.7
2  112 62 353 0 2.7
2  113 9 354 0 2.7
0

0101000
+466 0 -464 0 *
Ed
 1.00000007e-07 1 1 0
1  43 0 0 8.30974555037321
2  110 32 350 0 8.30974555037321
2  114 32 352 0 8.30974555037321
2  115 62 353 0 8.30974555037321
2  116 9 354 0 8.30974555037321
0

0101000
+464 0 -469 0 *
Wi

0101100
-467 349 -465 349 -463 349 -462 349 *
Fa
0  1e-07 9 123

0111000
+470 0 +461 0 *
Ve
1.50003578e-07
18.9 -1.30000000000103 65.7
0 0

0101101
*
Ed
 1.5e-07 1 1 0
1  44 0 0 2.6
2  117 23 0 0 2.6
4 G1 25 0 23 0
2  14 25 0 0 2.6
0

0101000
+516 355 -459 0 *
Ve
1.50003578e-07
18.9 -1.30000000000103 0
0 0

0101101
*
Ed
 1.50003578e-07 1 1 0
1  45 0 33 82
2  118 26 0 33 82
2  14 28 0 33 82
2  119 6 120 33 82
0

0101000
+459 119 -457 337 *
Ed
 1.5e-07 1 1 0
1  46 0 0 3.8
2  2 26 77 0 3.8
2  19 26 78 0 3.8
2  120 11 79 0 3.8
2  121 1 80 0 3.8
0

0101000
+541 0 -457 0 *
Ed
 1.5e-07 1 1 0
1  47 0 0 82
2  122 14 0 0 82
2  14 26 0 0 82
0

0101000
+541 336 -541 337 *
Wi

0101000
-512 54 +458 2 +456 356 -455 357 -454 356 -540 0 *
Fa
0  1.5e-07 65 0

0111000
+453 0 *
Ed
 1e-07 1 1 0
1  48 0 0 82
2  123 10 0 0 82
2  14 12 0 0 82
0

0101000
+539 336 -539 337 *
Wi

0101100
+474 0 -451 0 -538 358 +538 359 *
Fa
0  1e-07 10 0

0111000
+450 0 *
Ed
 1e-07 1 1 0
1  49 0 0 82
2  122 12 0 0 82
2  14 13 0 0 82
0

0101000
+537 336 -537 337 *
Wi

0101100
+451 0 -448 0 -536 360 +536 361 *
Fa
0  1e-07 12 0

0111000
+447 0 *
Ed
 1e-07 1 1 0
1  50 0 0 82
2  124 13 0 0 82
2  14 15 0 0 82
0

0101000
+535 336 -535 337 *
Wi

0101100
+448 0 -445 0 -534 362 +534 363 *
Fa
0  1e-07 13 0

0111000
+444 0 *
Ed
 1e-07 1 1 0
1  51 0 0 82
2  125 16 0 0 82
2  14 14 0 0 82
0

0101000
+533 336 -533 337 *
Wi

0101100
+442 0 -454 0 -532 336 +532 337 *
Fa
0  1e-07 14 0

0111000
+441 0 *
Ed
 1e-07 1 1 0
1  52 0 0 82
2  122 15 0 0 82
2  14 16 0 0 82
0

0101000
+531 336 -531 337 *
Wi

0101100
+445 0 -439 0 -530 336 +530 337 *
Fa
0  1e-07 15 0

0111000
+438 0 *
Wi

0101100
+439 0 -442 0 -529 336 +529 337 *
Fa
0  1e-07 16 0

0111000
+436 0 *
Ve
1.50003578e-07
18.9 7.19999999999897 65.7
0 0

0101101
*
Ed
 1e-07 1 1 0
1  53 0 0 2.6
2  126 19 0 0 2.6
4 G1 17 0 19 0
2  127 17 0 0 2.6
0

0101000
+525 355 -434 0 *
Ed
 1.50003578e-07 1 1 0
1  27 0 26.6902544496268 33
2  61 28 0 26.6902544496268 33
2  62 29 0 26.6902544496268 33
2  63 4 118 26.6902544496268 33
2  64 17 119 26.6902544496268 33
2  65 6 120 26.6902544496268 33
2  65 31 121 26.6902544496268 33
0

0101000
+500 121 -434 119 *
Wi

0101100
-524 365 +507 123 -433 364 +499 335 +432 335 *
Fa
0  1e-07 17 364

0111000
+431 0 *
Ve
1.50003578e-07
18.9 5.19999999999897 63.7
0 0

0101101
*
Ve
1.50003578e-07
18.9 6.59999999999525 64.2717143142878
0 0

0101101
*
Ed
 1.50003578e-07 1 1 0
1  54 0 4.71238898038469 5.48778647699285
2  128 28 366 4.71238898038469 5.48778647699285
2  129 19 0 4.71238898038469 5.48778647699285
2  130 6 15 4.71238898038469 5.48778647699285
0

0101000
+429 0 -428 367 *
Ed
 1.50003578e-07 1 1 0
1  54 0 5.48778647699285 6.28318530717959
2  128 28 366 5.48778647699285 6.28318530717959
2  129 19 0 5.48778647699285 6.28318530717959
2  130 6 15 5.48778647699285 6.28318530717959
2  130 31 367 5.48778647699285 6.28318530717959
0

0101000
+428 367 -434 0 *
Ed
 1e-07 1 1 0
1  55 0 0 2.6
2  131 19 0 0 2.6
4 G1 19 0 20 0
2  14 20 0 0 2.6
0

0101000
+522 355 -429 0 *
Wi

0101100
-521 365 -433 364 +427 364 +426 364 +425 364 *
Fa
0  1e-07 19 364

0111000
+424 0 *
Ve
1.50003578e-07
18.9 0.699999999998965 63.7
0 0

0101101
*
Ed
 1e-07 1 1 0
1  56 0 0 2.6
2  131 23 0 0 2.6
4 G1 20 0 23 0
2  132 20 0 0 2.6
0

0101000
+520 355 -422 0 *
Ed
 1.50003578e-07 1 1 0
1  57 0 -3.25 1.25
2  133 28 366 -3.25 1.25
2  134 20 0 -3.25 1.25
2  135 6 15 -3.25 1.25
0

0101000
+429 0 -422 0 *
Wi

0101100
-519 355 -421 0 +420 0 +425 0 *
Fa
0  1e-07 20 0

0111000
+419 0 *
Ed
 1.50003578e-07 1 1 0
1  58 0 3.14159265358979 4.71238898038469
2  136 28 366 3.14159265358979 4.71238898038469
2  129 23 0 3.14159265358979 4.71238898038469
2  137 6 15 3.14159265358979 4.71238898038469
0

0101000
+459 0 -422 0 *
Wi

0101100
-515 355 -421 0 +417 0 +458 0 *
Fa
0  1e-07 23 0

0111000
+416 0 *
Wi

0101100
+503 0 -479 0 -513 26 +513 27 *
Fa
0  1e-07 24 0

0111000
+414 0 *
Ve
1.50000973e-07
18.9 6.59999999999522 63.7
0 0

0101101
*
Ed
 1.50000004e-07 1 1 0
1  59 0 -1.20340625336801 -0.63169193908017
2  138 63 0 -1.20340625336801 -0.63169193908017
2  139 31 0 -1.20340625336801 -0.63169193908017
2  140 6 123 -1.20340625336801 -0.63169193908017
0

0101000
+412 0 -428 0 *
Ve
1.50003586e-07
18.9 7.19999999999709 63.7
0 0

0101101
*
Ed
 1.5e-07 1 1 0
1  60 0 -0.959998045727867 -0.359998045723139
2  141 64 0 -0.959998045727867 -0.359998045723139
2  142 31 0 -0.959998045727867 -0.359998045723139
2  143 6 123 -0.959998045727867 -0.359998045723139
0

0101000
+410 124 -412 0 *
Ed
 1.50003578e-07 1 1 0
1  30 127 13.6562854757629 20.4520282285002
2  72 4 34 13.6562854757629 20.4520282285002
2  73 33 127 13.6562854757629 20.4520282285002
2  74 6 128 13.6562854757629 20.4520282285002
2  74 31 368 13.6562854757629 20.4520282285002
2  144 66 129 13.6562854757629 20.4520282285002
0

0101000
+496 129 -410 129 *
Wi

0101100
-432 117 +426 7 +411 122 +409 122 +408 125 +495 122 +497 122 *
Fa
0  1.5e-07 6 114

0111000
+407 0 *
Ve
1.50003578e-07
12 9.29999999999521 70.1631354280564
0 0

0101101
*
Ve
1.50011539e-07
-9.2999999999952 70.163135428068 0
0 0

0101101
*
Ed
 1.50003578e-07 1 1 0
1  61 0 -0.646610169491529 5.35338983050848
2  145 33 372 -0.646610169491529 5.35338983050848
2  146 32 0 -0.646610169491529 5.35338983050848
0

0101000
+405 0 -404 375 *
Ed
 1.5e-07 1 1 0
1  61 0 5.35338983050848 6.25338983050847
2  145 33 372 5.35338983050848 6.25338983050847
2  146 32 0 5.35338983050848 6.25338983050847
2  147 66 124 5.35338983050848 6.25338983050847
0

0101000
+404 375 -496 124 *
Ve
1.50003578e-07
12 9.39999999999897 70.4709037817856
0 0

0101101
*
Ed
 1.50003578e-07 1 1 0
1  62 378 -12.2193564519193 -11.8957496541572
2  148 33 378 -12.2193564519193 -11.8957496541572
2  149 67 379 -12.2193564519193 -11.8957496541572
0

0101000
+405 380 -401 378 *
Ed
 1.50003578e-07 1 1 0
1  63 383 1.39661016949153 2.89661016949153
2  150 33 383 1.39661016949153 2.89661016949153
2  151 61 384 1.39661016949153 2.89661016949153
0

0101000
+401 383 -476 383 *
Wi

0101100
-475 370 -482 371 -493 125 +403 122 +402 122 -400 377 -399 382 *
Fa
0  1e-07 33 369

0111000
+398 0 *
Ve
1.00000025e-07
-4e-15 37 56.2
0 0

0101101
*
Ed
 1.00000012e-07 1 1 0
1  64 0 0 8.5
3  14 152CN 48 0 0 8.5
0

0101000
+396 0 -488 386 *
Ed
 1.00000025e-07 1 1 0
1  65 0 0 6.28318530717959
2  2 68 399 0 6.28318530717959
2  153 68 401 0 6.28318530717959
2  154 69 402 0 6.28318530717959
2  2 70 405 0 6.28318530717959
4 C0 70 405 71 405
2  155 71 405 0 6.28318530717959
2  2 72 408 0 6.28318530717959
4 C0 72 408 73 408
2  155 73 408 0 6.28318530717959
2  2 74 411 0 6.28318530717959
4 C0 74 411 75 411
2  155 75 411 0 6.28318530717959
2  2 76 414 0 6.28318530717959
4 C0 76 414 77 414
2  155 77 414 0 6.28318530717959
2  2 78 417 0 6.28318530717959
4 C0 78 417 79 417
2  155 79 417 0 6.28318530717959
2  2 80 420 0 6.28318530717959
2  153 80 422 0 6.28318530717959
2  2 81 425 0 6.28318530717959
2  156 81 427 0 6.28318530717959
4 C0 81 425 82 425
4 C0 81 427 83 427
2  155 82 425 0 6.28318530717959
2  155 83 427 0 6.28318530717959
2  2 84 430 0 6.28318530717959
2  156 84 432 0 6.28318530717959
4 C0 84 430 85 430
4 C0 84 432 86 432
2  155 85 430 0 6.28318530717959
2  155 86 432 0 6.28318530717959
2  2 87 435 0 6.28318530717959
2  156 87 437 0 6.28318530717959
4 C0 87 435 88 435
4 C0 87 437 89 437
2  155 88 435 0 6.28318530717959
2  155 89 437 0 6.28318530717959
2  2 90 440 0 6.28318530717959
2  156 90 442 0 6.28318530717959
4 C0 90 440 91 440
4 C0 90 442 92 442
2  155 91 440 0 6.28318530717959
2  155 92 442 0 6.28318530717959
2  2 93 445 0 6.28318530717959
2  156 93 447 0 6.28318530717959
4 C0 93 445 94 445
4 C0 93 447 95 447
2  155 94 445 0 6.28318530717959
2  155 95 447 0 6.28318530717959
2  2 96 450 0 6.28318530717959
2  153 96 452 0 6.28318530717959
2  2 97 455 0 6.28318530717959
2  156 97 457 0 6.28318530717959
4 C0 97 455 98 455
4 C0 97 457 99 457
2  155 98 455 0 6.28318530717959
2  155 99 457 0 6.28318530717959
2  2 100 460 0 6.28318530717959
2  153 100 462 0 6.28318530717959
2  2 101 465 0 6.28318530717959
2  156 101 467 0 6.28318530717959
4 C0 101 465 102 465
4 C0 101 467 103 467
2  155 102 465 0 6.28318530717959
2  155 103 467 0 6.28318530717959
2  2 104 470 0 6.28318530717959
2  153 104 472 0 6.28318530717959
2  2 105 475 0 6.28318530717959
2  156 105 477 0 6.28318530717959
4 C0 105 475 106 475
4 C0 105 477 107 477
2  155 106 475 0 6.28318530717959
2  155 107 477 0 6.28318530717959
2  2 108 480 0 6.28318530717959
2  156 108 482 0 6.28318530717959
4 C0 108 480 109 480
4 C0 108 482 110 482
2  155 109 480 0 6.28318530717959
2  155 110 482 0 6.28318530717959
2  2 111 485 0 6.28318530717959
2  156 111 487 0 6.28318530717959
4 C0 111 485 112 485
4 C0 111 487 113 487
2  155 112 485 0 6.28318530717959
2  155 113 487 0 6.28318530717959
2  2 114 490 0 6.28318530717959
2  156 114 492 0 6.28318530717959
4 C0 114 490 115 490
4 C0 114 492 116 492
2  155 115 490 0 6.28318530717959
2  155 116 492 0 6.28318530717959
2  2 117 495 0 6.28318530717959
2  156 117 497 0 6.28318530717959
4 C0 117 495 118 495
4 C0 117 497 119 497
2  155 118 495 0 6.28318530717959
2  155 119 497 0 6.28318530717959
2  2 120 500 0 6.28318530717959
2  156 120 502 0 6.28318530717959
4 C0 120 500 121 500
4 C0 120 502 122 502
2  155 121 500 0 6.28318530717959
2  155 122 502 0 6.28318530717959
2  2 123 505 0 6.28318530717959
2  156 123 507 0 6.28318530717959
4 C0 123 505 124 505
4 C0 123 507 125 507
2  155 124 505 0 6.28318530717959
2  155 125 507 0 6.28318530717959
2  2 126 510 0 6.28318530717959
2  156 126 512 0 6.28318530717959
4 C0 126 510 127 510
4 C0 126 512 128 512
2  155 127 510 0 6.28318530717959
2  155 128 512 0 6.28318530717959
2  2 129 515 0 6.28318530717959
2  156 129 517 0 6.28318530717959
4 C0 129 515 130 515
4 C0 129 517 131 517
2  155 130 515 0 6.28318530717959
2  155 131 517 0 6.28318530717959
2  2 132 520 0 6.28318530717959
2  153 132 522 0 6.28318530717959
2  2 133 525 0 6.28318530717959
4 C0 133 525 134 525
2  155 134 525 0 6.28318530717959
2  2 135 528 0 6.28318530717959
2  153 135 530 0 6.28318530717959
2  2 136 533 0 6.28318530717959
4 C0 136 533 137 533
2  155 137 533 0 6.28318530717959
2  2 138 536 0 6.28318530717959
4 C0 138 536 139 536
2  155 139 536 0 6.28318530717959
2  2 140 539 0 6.28318530717959
2  153 140 541 0 6.28318530717959
2  2 141 544 0 6.28318530717959
2  156 141 546 0 6.28318530717959
4 C0 141 544 142 544
4 C0 141 546 143 546
2  155 142 544 0 6.28318530717959
2  155 143 546 0 6.28318530717959
2  2 144 549 0 6.28318530717959
2  156 144 551 0 6.28318530717959
4 C0 144 549 145 549
4 C0 144 551 146 551
2  155 145 549 0 6.28318530717959
2  155 146 551 0 6.28318530717959
2  2 147 554 0 6.28318530717959
2  156 147 556 0 6.28318530717959
4 C0 147 554 148 554
4 C0 147 556 149 556
2  155 148 554 0 6.28318530717959
2  155 149 556 0 6.28318530717959
2  2 150 559 0 6.28318530717959
2  156 150 561 0 6.28318530717959
4 C0 150 559 151 559
4 C0 150 561 152 561
2  155 151 559 0 6.28318530717959
2  155 152 561 0 6.28318530717959
2  2 153 564 0 6.28318530717959
2  153 153 566 0 6.28318530717959
2  2 154 569 0 6.28318530717959
4 C0 154 569 155 569
2  155 155 569 0 6.28318530717959
2  2 156 572 0 6.28318530717959
4 C0 156 572 157 572
2  155 157 572 0 6.28318530717959
2  2 158 575 0 6.28318530717959
4 C0 158 575 159 575
2  155 159 575 0 6.28318530717959
2  2 160 576 0 6.28318530717959
4 C0 160 576 161 576
2  155 161 576 0 6.28318530717959
2  157 48 577 0 6.28318530717959
2  158 35 578 0 6.28318530717959
0

0101000
+396 577 -396 577 *
Wi

0101100
+395 0 -395 0 -394 396 +487 579 *
Fa
0  1.00000012e-07 48 0

0111000
+393 0 *
Ve
1e-07
12 9.39999999999897 0
0 0

0101101
*
Ed
 1e-07 1 1 0
1  66 0 0 1.5
2  2 61 584 0 1.5
2  159 61 585 0 1.5
2  160 11 586 0 1.5
2  161 1 587 0 1.5
0

0101000
+391 588 -473 588 *
Ed
 1e-07 1 1 0
1  67 0 28.2290962182145 82
2  162 61 0 28.2290962182145 82
2  163 67 0 28.2290962182145 82
0

0101000
+401 338 -391 337 *
Wi

0101100
-399 581 -472 580 +390 583 +389 580 *
Fa
0  1e-07 61 580

0111000
+388 0 *
Ve
1.50003578e-07
18.9 7.19999999999897 0
0 0

0101101
*
Ed
 1.50003578e-07 1 1 0
1  68 0 0 8.5
2  2 28 592 0 8.5
2  22 28 593 0 8.5
2  164 11 594 0 8.5
2  165 1 595 0 8.5
2  166 6 596 0 8.5
0

0101000
+457 597 -386 597 *
Ve
1e-07
12 7.19999999999897 0
0 0

0101101
*
Ed
 1e-07 1 1 0
1  69 0 0 6.9
2  2 29 599 0 6.9
2  159 29 600 0 6.9
2  167 11 601 0 6.9
2  168 1 602 0 6.9
0

0101000
+386 603 -384 603 *
Ed
 1e-07 1 1 0
1  70 0 0 2.2
2  2 67 605 0 2.2
2  22 67 606 0 2.2
2  169 11 607 0 2.2
2  170 1 608 0 2.2
0

0101000
+384 609 -391 609 *
Wi

0101100
+538 55 +536 63 +534 70 +530 0 +529 0 +532 0 +455 0 +385 591 +383 598 +382 604 
+390 582 -471 339 *
Fa
0  1e-07 11 0

0111000
+381 590 *
Wi

0101100
+467 0 +465 0 +463 0 +462 0 *
Fa
0  1e-07 62 0

0111000
+379 611 *
Ed
 1.50003578e-07 1 1 0
1  27 0 35 82
2  61 28 0 35 82
2  62 29 0 35 82
2  65 6 120 35 82
0

0101000
+410 613 -386 337 *
Wi

0101100
+427 7 -420 7 +417 7 -456 117 -385 612 +377 117 -409 122 -411 122 *
Fa
0  1.5e-07 6 114

0111000
+376 0 *
Ve
1.00003774e-07
-7.1999999999952 63.7 0
0 0

0101101
*
Ed
 1e-07 1 1 0
1  71 0 0 6.79574275274957
2  2 66 615 0 6.79574275274957
2  171 66 617 0 6.79574275274957
2  172 162 618 0 6.79574275274957
0

0101000
+404 0 -374 0 *
Ed
 1.0000376e-07 1 1 0
1  72 621 -2.05338983050848 -1.15338983050848
2  173 33 621 -2.05338983050848 -1.15338983050848
2  174 29 622 -2.05338983050848 -1.15338983050848
2  175 64 623 -2.05338983050848 -1.15338983050848
0

0101000
+410 624 -374 625 *
Wi

0101100
-373 614 +372 620 +408 125 +402 122 *
Fa
0  1e-07 66 0

0111000
+371 0 *
Ve
1.00000009e-07
-9.2999999999952 63.7 0
0 0

0101101
*
Ed
 1.00000007e-07 1 1 0
1  73 0 0 6.46313542806804
2  2 163 615 0 6.46313542806804
2  176 163 617 0 6.46313542806804
2  177 162 618 0 6.46313542806804
2  178 32 626 0 6.46313542806804
0

0101000
+369 0 -404 0 *
Ve
1.5e-07
12 9.29999999999521 63.7
0 0

0101101
*
Ed
 1e-07 1 1 0
1  74 0 1.5 7.50000000000001
2  179 64 0 1.5 7.50000000000001
2  180 32 0 1.5 7.50000000000001
0

0101000
+367 0 -369 375 *
Ed
 1.5e-07 1 1 0
1  75 0 11.0368645719435 17.5
2  181 67 335 11.0368645719435 17.5
2  182 32 0 11.0368645719435 17.5
0

0101000
+405 0 -367 0 *
Wi

0101100
-403 122 +368 614 +366 122 +365 122 *
Fa
0  1e-07 32 122

0111000
+364 0 *
Ve
1.50000017e-07
12 7.19999999999897 63.7
0 0

0101101
*
Ed
 1.5e-07 1 1 0
1  76 0 -2.39999999999812 -0.300000000001865
2  183 67 335 -2.39999999999812 -0.300000000001865
2  184 64 0 -2.39999999999812 -0.300000000001865
0

0101000
+367 0 -362 372 *
Ed
 1e-07 1 1 0
1  77 0 35 82
2  185 29 0 35 82
2  14 67 0 35 82
0

0101000
+362 338 -384 337 *
Wi

0101100
+361 0 +365 0 -400 627 -389 335 +382 628 +360 335 *
Fa
0  1e-07 67 335

0111000
+359 0 *
Ve
1e-07
-1.8 37.3173885652752 56.2
0 0

0101101
*
Ed
 1e-07 1 1 0
1  78 0 0 1
3  186 187CN 160 0 0 1
0

0101000
+396 630 -357 0 *
Ed
 1e-07 1 1 0
1  79 0 0 6.28318530717959
2  188 160 633 0 6.28318530717959
4 C0 160 633 164 633
2  189 164 633 0 6.28318530717959
0

0101000
+357 633 -357 633 *
Wi

0101100
+394 396 +356 629 -355 632 -356 629 *
Fa
0  1e-07 160 629

0111000
+354 0 *
Ed
 1.00000014e-07 1 1 0
1  72 621 -1.15338983050848 4.84661016949152
2  173 33 621 -1.15338983050848 4.84661016949152
2  174 29 622 -1.15338983050848 4.84661016949152
2  175 64 623 -1.15338983050848 4.84661016949152
0

0101000
+374 625 -362 621 *
Wi

0101100
-372 620 -352 620 -360 117 +383 634 +377 117 *
Fa
0  1e-07 29 117

0111000
+351 0 *
Ed
 1e-07 1 1 0
1  80 0 0 2.1
2  2 165 615 0 2.1
2  190 165 617 0 2.1
2  191 162 618 0 2.1
2  192 64 626 0 2.1
0

0101000
+374 0 -369 0 *
Wi

0101100
+373 0 +349 0 +368 0 *
Fa
0  1e-07 162 0

0111000
+348 636 *
Wi

0101100
-366 122 +349 614 -352 620 +361 122 *
Fa
0  1e-07 64 122

0111000
+346 0 *
Wi

0101100
+355 639 *
Ve
1.0000005e-07
-21.0377726829728 64.645360773251 0
0 0

0101101
*
Ve
1.0000005e-07
-22 64.7 0
0 0

0101101
*
Ed
 1e-07 1 1 0
1  81 0 0.008726646259969 0.104719755119657
2  193 164 641 0.008726646259969 0.104719755119657
2  156 166 0 0.008726646259969 0.104719755119657
4 C0 164 641 166 0
0

0101000
+343 646 -342 648 *
Ve
1.00000008e-07
-22 71.2 0
0 0

0101101
*
Ed
 1.00000008e-07 1 1 0
1  82 0 0 6.5
2  2 167 650 0 6.5
2  194 167 652 0 6.5
2  195 168 653 0 6.5
2  196 164 654 0 6.5
2  197 164 656 0 6.5
2  198 164 658 0 6.5
2  199 164 660 0 6.5
2  200 164 662 0 6.5
2  201 164 664 0 6.5
2  202 164 666 0 6.5
2  203 164 668 0 6.5
2  204 164 670 0 6.5
2  205 164 672 0 6.5
2  206 164 674 0 6.5
2  207 164 676 0 6.5
2  208 164 678 0 6.5
2  209 164 680 0 6.5
2  210 164 682 0 6.5
2  211 164 684 0 6.5
2  212 164 686 0 6.5
2  213 164 688 0 6.5
2  214 164 690 0 6.5
2  215 164 692 0 6.5
2  216 164 694 0 6.5
2  217 164 696 0 6.5
2  218 164 697 0 6.5
2  219 164 698 0 6.5
2  220 164 700 0 6.5
2  221 164 702 0 6.5
2  222 164 704 0 6.5
2  223 164 706 0 6.5
2  224 164 708 0 6.5
2  225 164 710 0 6.5
0

0101000
+342 0 -340 0 *
Ve
1.00000008e-07
-20.3019517934814 71.1035778351488 0
0 0

0101101
*
Ed
 1.00000008e-07 1 1 0
1  83 0 1.45734992541527 1.5707963267949
2  2 169 650 1.45734992541527 1.5707963267949
2  226 169 652 1.45734992541527 1.5707963267949
2  227 168 653 1.45734992541527 1.5707963267949
2  228 164 654 1.45734992541527 1.5707963267949
2  229 164 656 1.45734992541527 1.5707963267949
2  230 164 658 1.45734992541527 1.5707963267949
2  231 164 660 1.45734992541527 1.5707963267949
2  232 164 662 1.45734992541527 1.5707963267949
2  233 164 664 1.45734992541527 1.5707963267949
2  234 164 666 1.45734992541527 1.5707963267949
2  235 164 668 1.45734992541527 1.5707963267949
2  236 164 670 1.45734992541527 1.5707963267949
2  237 164 672 1.45734992541527 1.5707963267949
2  238 164 674 1.45734992541527 1.5707963267949
2  239 164 676 1.45734992541527 1.5707963267949
2  240 164 678 1.45734992541527 1.5707963267949
2  241 164 680 1.45734992541527 1.5707963267949
2  242 164 682 1.45734992541527 1.5707963267949
2  243 164 684 1.45734992541527 1.5707963267949
2  244 164 686 1.45734992541527 1.5707963267949
2  245 164 688 1.45734992541527 1.5707963267949
2  246 164 690 1.45734992541527 1.5707963267949
2  247 164 692 1.45734992541527 1.5707963267949
2  248 164 694 1.45734992541527 1.5707963267949
2  249 164 696 1.45734992541527 1.5707963267949
2  250 164 697 1.45734992541527 1.5707963267949
2  251 164 698 1.45734992541527 1.5707963267949
2  252 164 700 1.45734992541527 1.5707963267949
2  253 164 702 1.45734992541527 1.5707963267949
2  254 164 704 1.45734992541527 1.5707963267949
2  255 164 706 1.45734992541527 1.5707963267949
2  256 164 708 1.45734992541527 1.5707963267949
2  257 164 710 1.45734992541527 1.5707963267949
0

0101000
+338 0 -340 0 *
Ed
 1.00000008e-07 1 1 0
1  84 0 0 6.50000000000001
2  2 170 650 0 6.50000000000001
2  258 170 652 0 6.50000000000001
2  259 168 653 0 6.50000000000001
2  260 164 654 0 6.50000000000001
2  261 164 656 0 6.50000000000001
2  262 164 658 0 6.50000000000001
2  263 164 660 0 6.50000000000001
2  264 164 662 0 6.50000000000001
2  265 164 664 0 6.50000000000001
2  266 164 666 0 6.50000000000001
2  267 164 668 0 6.50000000000001
2  268 164 670 0 6.50000000000001
2  269 164 672 0 6.50000000000001
2  270 164 674 0 6.50000000000001
2  271 164 676 0 6.50000000000001
2  272 164 678 0 6.50000000000001
2  273 164 680 0 6.50000000000001
2  274 164 682 0 6.50000000000001
2  275 164 684 0 6.50000000000001
2  276 164 686 0 6.50000000000001
2  277 164 688 0 6.50000000000001
2  278 164 690 0 6.50000000000001
2  279 164 692 0 6.50000000000001
2  280 164 694 0 6.50000000000001
2  281 164 696 0 6.50000000000001
2  282 164 697 0 6.50000000000001
2  283 164 698 0 6.50000000000001
2  284 164 700 0 6.50000000000001
2  285 164 702 0 6.50000000000001
2  286 164 704 0 6.50000000000001
2  287 164 706 0 6.50000000000001
2  288 164 708 0 6.50000000000001
2  289 164 710 0 6.50000000000001
0

0101000
+343 0 -338 0 *
Ed
 1e-07 1 1 0
1  85 0 0.218166156499289 0.314159265358978
2  193 164 641 0.218166156499289 0.314159265358978
2  156 166 0 0.218166156499289 0.314159265358978
4 C0 164 641 166 0
0

0101000
+343 648 -342 711 *
Ed
 1e-07 1 1 0
1  86 0 0.427605666738608 0.523598775598296
2  193 164 641 0.427605666738608 0.523598775598296
2  156 166 0 0.427605666738608 0.523598775598296
4 C0 164 641 166 0
0

0101000
+343 711 -342 713 *
Ed
 1e-07 1 1 0
1  87 0 0.637045176977928 0.733038285837617
2  193 164 641 0.637045176977928 0.733038285837617
2  156 166 0 0.637045176977928 0.733038285837617
4 C0 164 641 166 0
0

0101000
+343 713 -342 715 *
Ed
 1e-07 1 1 0
1  88 0 0.846484687217247 0.942477796076935
2  193 164 641 0.846484687217247 0.942477796076935
2  156 166 0 0.846484687217247 0.942477796076935
4 C0 164 641 166 0
0

0101000
+343 715 -342 717 *
Ed
 1e-07 1 1 0
1  89 0 1.05592419745657 1.15191730631626
2  193 164 641 1.05592419745657 1.15191730631626
2  156 166 0 1.05592419745657 1.15191730631626
4 C0 164 641 166 0
0

0101000
+343 717 -342 719 *
Ed
 1e-07 1 1 0
1  90 0 1.26536370769589 1.36135681655557
2  193 164 641 1.26536370769589 1.36135681655557
2  156 166 0 1.26536370769589 1.36135681655557
4 C0 164 641 166 0
0

0101000
+343 719 -342 721 *
Ed
 1e-07 1 1 0
1  91 0 1.47480321793521 1.5707963267949
2  193 164 641 1.47480321793521 1.5707963267949
2  156 166 0 1.47480321793521 1.5707963267949
4 C0 164 641 166 0
0

0101000
+343 721 -342 723 *
Ed
 1e-07 1 1 0
1  92 0 1.68424272817453 1.78023583703422
2  193 164 641 1.68424272817453 1.78023583703422
2  156 166 0 1.68424272817453 1.78023583703422
4 C0 164 641 166 0
0

0101000
+343 723 -342 725 *
Ed
 1e-07 1 1 0
1  93 0 1.89368223841385 1.98967534727353
2  193 164 641 1.89368223841385 1.98967534727353
2  156 166 0 1.89368223841385 1.98967534727353
4 C0 164 641 166 0
0

0101000
+343 725 -342 727 *
Ed
 1e-07 1 1 0
1  94 0 2.10312174865317 2.19911485751285
2  193 164 641 2.10312174865317 2.19911485751285
2  156 166 0 2.10312174865317 2.19911485751285
4 C0 164 641 166 0
0

0101000
+343 727 -342 729 *
Ed
 1e-07 1 1 0
1  95 0 2.31256125889248 2.40855436775217
2  193 164 641 2.31256125889248 2.40855436775217
2  156 166 0 2.31256125889248 2.40855436775217
4 C0 164 641 166 0
0

0101000
+343 729 -342 731 *
Ed
 1e-07 1 1 0
1  96 0 2.5220007691318 2.61799387799149
2  193 164 641 2.5220007691318 2.61799387799149
2  156 166 0 2.5220007691318 2.61799387799149
4 C0 164 641 166 0
0

0101000
+343 731 -342 733 *
Ed
 1e-07 1 1 0
1  97 0 2.73144027937112 2.82743338823081
2  193 164 641 2.73144027937112 2.82743338823081
2  156 166 0 2.73144027937112 2.82743338823081
4 C0 164 641 166 0
0

0101000
+343 733 -342 735 *
Ed
 1e-07 1 1 0
1  98 0 2.94087978961044 3.03687289847013
2  193 164 641 2.94087978961044 3.03687289847013
2  156 166 0 2.94087978961044 3.03687289847013
4 C0 164 641 166 0
0

0101000
+343 735 -342 737 *
Ed
 1e-07 1 1 0
1  99 0 3.15031929984976 3.24631240870945
2  193 164 641 3.15031929984976 3.24631240870945
2  156 166 0 3.15031929984976 3.24631240870945
4 C0 164 641 166 0
0

0101000
+343 737 -342 739 *
Ed
 1e-07 1 1 0
1  100 0 3.35975881008908 3.45575191894877
2  193 164 641 3.35975881008908 3.45575191894877
2  156 166 0 3.35975881008908 3.45575191894877
4 C0 164 641 166 0
0

0101000
+343 739 -342 741 *
Ed
 1e-07 1 1 0
1  101 0 3.5691983203284 3.66519142918809
2  193 164 641 3.5691983203284 3.66519142918809
2  156 166 0 3.5691983203284 3.66519142918809
4 C0 164 641 166 0
0

0101000
+343 741 -342 743 *
Ed
 1e-07 1 1 0
1  102 0 3.77863783056772 3.87463093942741
2  193 164 641 3.77863783056772 3.87463093942741
2  156 166 0 3.77863783056772 3.87463093942741
4 C0 164 641 166 0
0

0101000
+343 743 -342 745 *
Ed
 1e-07 1 1 0
1  103 0 3.98807734080704 4.08407044966673
2  193 164 641 3.98807734080704 4.08407044966673
2  156 166 0 3.98807734080704 4.08407044966673
4 C0 164 641 166 0
0

0101000
+343 745 -342 747 *
Ed
 1e-07 1 1 0
1  104 0 4.19751685104636 4.29350995990605
2  193 164 641 4.19751685104636 4.29350995990605
2  156 166 0 4.19751685104636 4.29350995990605
4 C0 164 641 166 0
0

0101000
+343 747 -342 749 *
Ed
 1e-07 1 1 0
1  105 0 4.40695636128568 4.50294947014537
2  193 164 641 4.40695636128568 4.50294947014537
2  156 166 0 4.40695636128568 4.50294947014537
4 C0 164 641 166 0
0

0101000
+343 749 -342 751 *
Ed
 1e-07 1 1 0
1  106 0 4.616395871525 4.71238898038469
2  193 164 641 4.616395871525 4.71238898038469
2  156 166 0 4.616395871525 4.71238898038469
4 C0 164 641 166 0
0

0101000
+343 751 -342 753 *
Ed
 1e-07 1 1 0
1  107 0 4.82583538176432 4.92182849062401
2  193 164 641 4.82583538176432 4.92182849062401
2  156 166 0 4.82583538176432 4.92182849062401
4 C0 164 641 166 0
0

0101000
+343 753 -342 755 *
Ed
 1e-07 1 1 0
1  108 0 5.03527489200364 5.13126800086333
2  193 164 641 5.03527489200364 5.13126800086333
2  156 166 0 5.03527489200364 5.13126800086333
4 C0 164 641 166 0
0

0101000
+343 755 -342 757 *
Ed
 1e-07 1 1 0
1  109 0 5.24471440224296 5.34070751110265
2  193 164 641 5.24471440224296 5.34070751110265
2  156 166 0 5.24471440224296 5.34070751110265
4 C0 164 641 166 0
0

0101000
+343 757 -342 759 *
Ed
 1e-07 1 1 0
1  110 0 5.45415391248228 5.55014702134197
2  193 164 641 5.45415391248228 5.55014702134197
2  156 166 0 5.45415391248228 5.55014702134197
4 C0 164 641 166 0
0

0101000
+343 759 -342 761 *
Ed
 1e-07 1 1 0
1  111 0 5.6635934227216 5.75958653158128
2  193 164 641 5.6635934227216 5.75958653158128
2  156 166 0 5.6635934227216 5.75958653158128
4 C0 164 641 166 0
0

0101000
+343 761 -342 763 *
Ed
 1e-07 1 1 0
1  112 0 5.87303293296092 5.9690260418206
2  193 164 641 5.87303293296092 5.9690260418206
2  156 166 0 5.87303293296092 5.9690260418206
4 C0 164 641 166 0
0

0101000
+343 763 -342 765 *
Ed
 1e-07 1 1 0
1  113 0 6.08247244320024 6.17846555205992
2  193 164 641 6.08247244320024 6.17846555205992
2  156 166 0 6.08247244320024 6.17846555205992
4 C0 164 641 166 0
0

0101000
+343 765 -342 646 *
Wi

0101100
-341 640 -339 649 +337 649 +336 649 -335 640 -339 712 +337 712 +336 712 -334 640 -339 714 
+337 714 +336 714 -333 640 -339 716 +337 716 +336 716 -332 640 -339 718 +337 718 +336 718 
-331 640 -339 720 +337 720 +336 720 -330 640 -339 722 +337 722 +336 722 -329 640 -339 724 
+337 724 +336 724 -328 640 -339 726 +337 726 +336 726 -327 640 -339 728 +337 728 +336 728 
-326 640 -339 730 +337 730 +336 730 -325 640 -339 732 +337 732 +336 732 -324 640 -339 734 
+337 734 +336 734 -323 640 -339 736 +337 736 +336 736 -322 640 -339 738 +337 738 +336 738 
-321 640 -339 740 +337 740 +336 740 -320 640 -339 742 +337 742 +336 742 -319 640 -339 744 
+337 744 +336 744 -318 640 -339 746 +337 746 +336 746 -317 640 -339 748 +337 748 +336 748 
-316 640 -339 750 +337 750 +336 750 -315 640 -339 752 +337 752 +336 752 -314 640 -339 754 
+337 754 +336 754 -313 640 -339 756 +337 756 +336 756 -312 640 -339 758 +337 758 +336 758 
-311 640 -339 760 +337 760 +336 760 -310 640 -339 762 +337 762 +336 762 -309 640 -339 764 
+337 764 +336 764 -308 640 -339 766 +337 766 +336 766 -307 640 -339 767 +337 767 +336 767 
*
Fa
0  1e-07 164 638

0111000
+344 0 +306 0 *
Ed
 1e-07 1 1 0
1  114 0 1.45734992541527 1.5707963267949
2  290 168 768 1.45734992541527 1.5707963267949
2  291 166 0 1.45734992541527 1.5707963267949
4 C0 168 768 166 0
0

0101000
+343 769 -342 769 *
Ed
 1e-07 1 1 0
1  115 0 0 0.7
2  14 167 770 0 0.7
2  292 166 0 0 0.7
4 C0 167 770 166 0
0

0101000
+342 765 -342 769 *
Ed
 1e-07 1 1 0
1  116 0 0 0.7
2  14 170 771 0 0.7
2  293 166 0 0 0.7
4 C0 170 771 166 0
0

0101000
+343 763 -343 772 *
Ed
 1e-07 1 1 0
1  117 0 1.45734992541527 1.5707963267949
2  290 168 773 1.45734992541527 1.5707963267949
2  294 166 0 1.45734992541527 1.5707963267949
4 C0 168 773 166 0
0

0101000
+343 772 -342 772 *
Ed
 1e-07 1 1 0
1  118 0 0 0.7
2  14 167 771 0 0.7
2  295 166 0 0 0.7
4 C0 167 771 166 0
0

0101000
+342 763 -342 772 *
Ed
 1e-07 1 1 0
1  119 0 0 0.7
2  14 170 774 0 0.7
2  296 166 0 0 0.7
4 C0 170 774 166 0
0

0101000
+343 761 -343 775 *
Ed
 1e-07 1 1 0
1  120 0 1.45734992541527 1.5707963267949
2  290 168 776 1.45734992541527 1.5707963267949
2  297 166 0 1.45734992541527 1.5707963267949
4 C0 168 776 166 0
0

0101000
+343 775 -342 775 *
Ed
 1e-07 1 1 0
1  121 0 0 0.7
2  14 167 774 0 0.7
2  298 166 0 0 0.7
4 C0 167 774 166 0
0

0101000
+342 761 -342 775 *
Ed
 1e-07 1 1 0
1  122 0 0 0.7
2  14 170 777 0 0.7
2  299 166 0 0 0.7
4 C0 170 777 166 0
0

0101000
+343 759 -343 778 *
Ed
 1e-07 1 1 0
1  123 0 1.45734992541527 1.5707963267949
2  290 168 779 1.45734992541527 1.5707963267949
2  300 166 0 1.45734992541527 1.5707963267949
4 C0 168 779 166 0
0

0101000
+343 778 -342 778 *
Ed
 1e-07 1 1 0
1  124 0 0 0.7
2  14 167 777 0 0.7
2  301 166 0 0 0.7
4 C0 167 777 166 0
0

0101000
+342 759 -342 778 *
Ed
 1e-07 1 1 0
1  125 0 0 0.7
2  14 170 780 0 0.7
2  302 166 0 0 0.7
4 C0 170 780 166 0
0

0101000
+343 757 -343 781 *
Ed
 1e-07 1 1 0
1  126 0 1.45734992541527 1.5707963267949
2  290 168 782 1.45734992541527 1.5707963267949
2  303 166 0 1.45734992541527 1.5707963267949
4 C0 168 782 166 0
0

0101000
+343 781 -342 781 *
Ed
 1e-07 1 1 0
1  127 0 0 0.7
2  14 167 780 0 0.7
2  304 166 0 0 0.7
4 C0 167 780 166 0
0

0101000
+342 757 -342 781 *
Ed
 1e-07 1 1 0
1  128 0 0 0.7
2  14 170 783 0 0.7
2  305 166 0 0 0.7
4 C0 170 783 166 0
0

0101000
+343 755 -343 784 *
Ed
 1e-07 1 1 0
1  129 0 1.45734992541527 1.5707963267949
2  290 168 785 1.45734992541527 1.5707963267949
2  306 166 0 1.45734992541527 1.5707963267949
4 C0 168 785 166 0
0

0101000
+343 784 -342 784 *
Ed
 1e-07 1 1 0
1  130 0 0 0.7
2  14 167 783 0 0.7
2  307 166 0 0 0.7
4 C0 167 783 166 0
0

0101000
+342 755 -342 784 *
Ed
 1e-07 1 1 0
1  131 0 0 0.7
2  14 170 786 0 0.7
2  308 166 0 0 0.7
4 C0 170 786 166 0
0

0101000
+343 753 -343 787 *
Ed
 1e-07 1 1 0
1  132 0 1.45734992541527 1.5707963267949
2  290 168 788 1.45734992541527 1.5707963267949
2  309 166 0 1.45734992541527 1.5707963267949
4 C0 168 788 166 0
0

0101000
+343 787 -342 787 *
Ed
 1e-07 1 1 0
1  133 0 0 0.7
2  14 167 786 0 0.7
2  310 166 0 0 0.7
4 C0 167 786 166 0
0

0101000
+342 753 -342 787 *
Ed
 1e-07 1 1 0
1  134 0 0 0.7
2  14 170 789 0 0.7
2  311 166 0 0 0.7
4 C0 170 789 166 0
0

0101000
+343 751 -343 790 *
Ed
 1e-07 1 1 0
1  135 0 1.45734992541527 1.5707963267949
2  290 168 791 1.45734992541527 1.5707963267949
2  312 166 0 1.45734992541527 1.5707963267949
4 C0 168 791 166 0
0

0101000
+343 790 -342 790 *
Ed
 1e-07 1 1 0
1  136 0 0 0.7
2  14 167 789 0 0.7
2  313 166 0 0 0.7
4 C0 167 789 166 0
0

0101000
+342 751 -342 790 *
Ed
 1e-07 1 1 0
1  137 0 0 0.7
2  14 170 792 0 0.7
2  314 166 0 0 0.7
4 C0 170 792 166 0
0

0101000
+343 749 -343 793 *
Ed
 1e-07 1 1 0
1  138 0 1.45734992541527 1.5707963267949
2  290 168 794 1.45734992541527 1.5707963267949
2  315 166 0 1.45734992541527 1.5707963267949
4 C0 168 794 166 0
0

0101000
+343 793 -342 793 *
Ed
 1e-07 1 1 0
1  139 0 0 0.7
2  14 167 792 0 0.7
2  316 166 0 0 0.7
4 C0 167 792 166 0
0

0101000
+342 749 -342 793 *
Ed
 1e-07 1 1 0
1  140 0 0 0.7
2  14 170 795 0 0.7
2  317 166 0 0 0.7
4 C0 170 795 166 0
0

0101000
+343 747 -343 796 *
Ed
 1e-07 1 1 0
1  141 0 1.45734992541527 1.5707963267949
2  290 168 797 1.45734992541527 1.5707963267949
2  318 166 0 1.45734992541527 1.5707963267949
4 C0 168 797 166 0
0

0101000
+343 796 -342 796 *
Ed
 1e-07 1 1 0
1  142 0 0 0.7
2  14 167 795 0 0.7
2  319 166 0 0 0.7
4 C0 167 795 166 0
0

0101000
+342 747 -342 796 *
Ed
 1e-07 1 1 0
1  143 0 0 0.7
2  14 170 798 0 0.7
2  320 166 0 0 0.7
4 C0 170 798 166 0
0

0101000
+343 745 -343 799 *
Ed
 1e-07 1 1 0
1  144 0 1.45734992541527 1.5707963267949
2  290 168 800 1.45734992541527 1.5707963267949
2  321 166 0 1.45734992541527 1.5707963267949
4 C0 168 800 166 0
0

0101000
+343 799 -342 799 *
Ed
 1e-07 1 1 0
1  145 0 0 0.7
2  14 167 798 0 0.7
2  322 166 0 0 0.7
4 C0 167 798 166 0
0

0101000
+342 745 -342 799 *
Ed
 1e-07 1 1 0
1  146 0 0 0.7
2  14 170 801 0 0.7
2  323 166 0 0 0.7
4 C0 170 801 166 0
0

0101000
+343 743 -343 802 *
Ed
 1e-07 1 1 0
1  147 0 1.45734992541527 1.5707963267949
2  290 168 803 1.45734992541527 1.5707963267949
2  324 166 0 1.45734992541527 1.5707963267949
4 C0 168 803 166 0
0

0101000
+343 802 -342 802 *
Ed
 1e-07 1 1 0
1  148 0 0 0.7
2  14 167 801 0 0.7
2  325 166 0 0 0.7
4 C0 167 801 166 0
0

0101000
+342 743 -342 802 *
Ed
 1e-07 1 1 0
1  149 0 0 0.7
2  14 170 804 0 0.7
2  326 166 0 0 0.7
4 C0 170 804 166 0
0

0101000
+343 741 -343 805 *
Ed
 1e-07 1 1 0
1  150 0 1.45734992541527 1.5707963267949
2  290 168 806 1.45734992541527 1.5707963267949
2  327 166 0 1.45734992541527 1.5707963267949
4 C0 168 806 166 0
0

0101000
+343 805 -342 805 *
Ed
 1e-07 1 1 0
1  151 0 0 0.7
2  14 167 804 0 0.7
2  328 166 0 0 0.7
4 C0 167 804 166 0
0

0101000
+342 741 -342 805 *
Ed
 1e-07 1 1 0
1  152 0 0 0.7
2  14 170 807 0 0.7
2  329 166 0 0 0.7
4 C0 170 807 166 0
0

0101000
+343 739 -343 808 *
Ed
 1e-07 1 1 0
1  153 0 1.45734992541527 1.5707963267949
2  290 168 809 1.45734992541527 1.5707963267949
2  330 166 0 1.45734992541527 1.5707963267949
4 C0 168 809 166 0
0

0101000
+343 808 -342 808 *
Ed
 1e-07 1 1 0
1  154 0 0 0.7
2  14 167 807 0 0.7
2  331 166 0 0 0.7
4 C0 167 807 166 0
0

0101000
+342 739 -342 808 *
Ed
 1e-07 1 1 0
1  155 0 0 0.7
2  14 170 810 0 0.7
2  332 166 0 0 0.7
4 C0 170 810 166 0
0

0101000
+343 737 -343 811 *
Ed
 1e-07 1 1 0
1  156 0 1.45734992541527 1.5707963267949
2  290 168 812 1.45734992541527 1.5707963267949
2  333 166 0 1.45734992541527 1.5707963267949
4 C0 168 812 166 0
0

0101000
+343 811 -342 811 *
Ed
 1e-07 1 1 0
1  157 0 0 0.7
2  14 167 810 0 0.7
2  334 166 0 0 0.7
4 C0 167 810 166 0
0

0101000
+342 737 -342 811 *
Ed
 1e-07 1 1 0
1  158 0 0 0.7
2  14 170 813 0 0.7
2  335 166 0 0 0.7
4 C0 170 813 166 0
0

0101000
+343 735 -343 814 *
Ed
 1e-07 1 1 0
1  159 0 1.45734992541527 1.5707963267949
2  290 168 815 1.45734992541527 1.5707963267949
2  336 166 0 1.45734992541527 1.5707963267949
4 C0 168 815 166 0
0

0101000
+343 814 -342 814 *
Ed
 1e-07 1 1 0
1  160 0 0 0.7
2  14 167 813 0 0.7
2  337 166 0 0 0.7
4 C0 167 813 166 0
0

0101000
+342 735 -342 814 *
Ed
 1e-07 1 1 0
1  161 0 0 0.7
2  14 170 816 0 0.7
2  338 166 0 0 0.7
4 C0 170 816 166 0
0

0101000
+343 733 -343 817 *
Ed
 1e-07 1 1 0
1  162 0 1.45734992541527 1.5707963267949
2  290 168 818 1.45734992541527 1.5707963267949
2  339 166 0 1.45734992541527 1.5707963267949
4 C0 168 818 166 0
0

0101000
+343 817 -342 817 *
Ed
 1e-07 1 1 0
1  163 0 0 0.7
2  14 167 816 0 0.7
2  340 166 0 0 0.7
4 C0 167 816 166 0
0

0101000
+342 733 -342 817 *
Ed
 1e-07 1 1 0
1  164 0 0 0.7
2  14 170 819 0 0.7
2  341 166 0 0 0.7
4 C0 170 819 166 0
0

0101000
+343 731 -343 820 *
Ed
 1e-07 1 1 0
1  165 0 1.45734992541527 1.5707963267949
2  290 168 821 1.45734992541527 1.5707963267949
2  342 166 0 1.45734992541527 1.5707963267949
4 C0 168 821 166 0
0

0101000
+343 820 -342 820 *
Ed
 1e-07 1 1 0
1  166 0 0 0.7
2  14 167 819 0 0.7
2  343 166 0 0 0.7
4 C0 167 819 166 0
0

0101000
+342 731 -342 820 *
Ed
 1e-07 1 1 0
1  167 0 0 0.7
2  14 170 822 0 0.7
2  344 166 0 0 0.7
4 C0 170 822 166 0
0

0101000
+343 729 -343 823 *
Ed
 1e-07 1 1 0
1  168 0 1.45734992541527 1.5707963267949
2  290 168 824 1.45734992541527 1.5707963267949
2  345 166 0 1.45734992541527 1.5707963267949
4 C0 168 824 166 0
0

0101000
+343 823 -342 823 *
Ed
 1e-07 1 1 0
1  169 0 0 0.7
2  14 167 822 0 0.7
2  346 166 0 0 0.7
4 C0 167 822 166 0
0

0101000
+342 729 -342 823 *
Ed
 1e-07 1 1 0
1  170 0 0 0.7
2  14 170 825 0 0.7
2  347 166 0 0 0.7
4 C0 170 825 166 0
0

0101000
+343 727 -343 826 *
Ed
 1e-07 1 1 0
1  171 0 1.45734992541527 1.5707963267949
2  290 168 827 1.45734992541527 1.5707963267949
2  348 166 0 1.45734992541527 1.5707963267949
4 C0 168 827 166 0
0

0101000
+343 826 -342 826 *
Ed
 1e-07 1 1 0
1  172 0 0 0.7
2  14 167 825 0 0.7
2  349 166 0 0 0.7
4 C0 167 825 166 0
0

0101000
+342 727 -342 826 *
Ed
 1e-07 1 1 0
1  173 0 0 0.7
2  14 170 828 0 0.7
2  350 166 0 0 0.7
4 C0 170 828 166 0
0

0101000
+343 725 -343 829 *
Ed
 1e-07 1 1 0
1  174 0 1.45734992541527 1.5707963267949
2  290 168 830 1.45734992541527 1.5707963267949
2  351 166 0 1.45734992541527 1.5707963267949
4 C0 168 830 166 0
0

0101000
+343 829 -342 829 *
Ed
 1e-07 1 1 0
1  175 0 0 0.7
2  14 167 828 0 0.7
2  352 166 0 0 0.7
4 C0 167 828 166 0
0

0101000
+342 725 -342 829 *
Ed
 1e-07 1 1 0
1  176 0 0 0.7
2  14 170 831 0 0.7
2  353 166 0 0 0.7
4 C0 170 831 166 0
0

0101000
+343 723 -343 832 *
Ed
 1e-07 1 1 0
1  177 0 1.45734992541527 1.5707963267949
2  290 168 833 1.45734992541527 1.5707963267949
2  354 166 0 1.45734992541527 1.5707963267949
4 C0 168 833 166 0
0

0101000
+343 832 -342 832 *
Ed
 1e-07 1 1 0
1  178 0 0 0.7
2  14 167 831 0 0.7
2  355 166 0 0 0.7
4 C0 167 831 166 0
0

0101000
+342 723 -342 832 *
Ed
 1e-07 1 1 0
1  179 0 0 0.7
2  14 170 834 0 0.7
2  356 166 0 0 0.7
4 C0 170 834 166 0
0

0101000
+343 721 -343 835 *
Ed
 1e-07 1 1 0
1  180 0 1.45734992541527 1.5707963267949
2  290 168 836 1.45734992541527 1.5707963267949
2  357 166 0 1.45734992541527 1.5707963267949
4 C0 168 836 166 0
0

0101000
+343 835 -342 835 *
Ed
 1e-07 1 1 0
1  181 0 0 0.7
2  14 167 834 0 0.7
2  358 166 0 0 0.7
4 C0 167 834 166 0
0

0101000
+342 721 -342 835 *
Ed
 1e-07 1 1 0
1  182 0 0 0.7
2  14 170 837 0 0.7
2  359 166 0 0 0.7
4 C0 170 837 166 0
0

0101000
+343 719 -343 838 *
Ed
 1e-07 1 1 0
1  183 0 1.45734992541527 1.5707963267949
2  290 168 839 1.45734992541527 1.5707963267949
2  360 166 0 1.45734992541527 1.5707963267949
4 C0 168 839 166 0
0

0101000
+343 838 -342 838 *
Ed
 1e-07 1 1 0
1  184 0 0 0.7
2  14 167 837 0 0.7
2  361 166 0 0 0.7
4 C0 167 837 166 0
0

0101000
+342 719 -342 838 *
Ed
 1e-07 1 1 0
1  185 0 0 0.7
2  14 170 840 0 0.7
2  362 166 0 0 0.7
4 C0 170 840 166 0
0

0101000
+343 717 -343 841 *
Ed
 1e-07 1 1 0
1  186 0 1.45734992541527 1.5707963267949
2  290 168 842 1.45734992541527 1.5707963267949
2  363 166 0 1.45734992541527 1.5707963267949
4 C0 168 842 166 0
0

0101000
+343 841 -342 841 *
Ed
 1e-07 1 1 0
1  187 0 0 0.7
2  14 167 840 0 0.7
2  364 166 0 0 0.7
4 C0 167 840 166 0
0

0101000
+342 717 -342 841 *
Ed
 1e-07 1 1 0
1  188 0 0 0.7
2  14 170 843 0 0.7
2  365 166 0 0 0.7
4 C0 170 843 166 0
0

0101000
+343 715 -343 844 *
Ed
 1e-07 1 1 0
1  189 0 1.45734992541527 1.5707963267949
2  290 168 845 1.45734992541527 1.5707963267949
2  366 166 0 1.45734992541527 1.5707963267949
4 C0 168 845 166 0
0

0101000
+343 844 -342 844 *
Ed
 1e-07 1 1 0
1  190 0 0 0.7
2  14 167 843 0 0.7
2  367 166 0 0 0.7
4 C0 167 843 166 0
0

0101000
+342 715 -342 844 *
Ed
 1e-07 1 1 0
1  191 0 0 0.7
2  14 170 846 0 0.7
2  368 166 0 0 0.7
4 C0 170 846 166 0
0

0101000
+343 713 -343 847 *
Ed
 1e-07 1 1 0
1  192 0 1.45734992541527 1.5707963267949
2  290 168 848 1.45734992541527 1.5707963267949
2  369 166 0 1.45734992541527 1.5707963267949
4 C0 168 848 166 0
0

0101000
+343 847 -342 847 *
Ed
 1e-07 1 1 0
1  193 0 0 0.7
2  14 167 846 0 0.7
2  370 166 0 0 0.7
4 C0 167 846 166 0
0

0101000
+342 713 -342 847 *
Ed
 1e-07 1 1 0
1  194 0 0 0.7
2  14 170 849 0 0.7
2  371 166 0 0 0.7
4 C0 170 849 166 0
0

0101000
+343 711 -343 850 *
Ed
 1e-07 1 1 0
1  195 0 1.45734992541527 1.5707963267949
2  290 168 851 1.45734992541527 1.5707963267949
2  372 166 0 1.45734992541527 1.5707963267949
4 C0 168 851 166 0
0

0101000
+343 850 -342 850 *
Ed
 1e-07 1 1 0
1  196 0 0 0.7
2  14 167 849 0 0.7
2  373 166 0 0 0.7
4 C0 167 849 166 0
0

0101000
+342 711 -342 850 *
Ed
 1e-07 1 1 0
1  197 0 0 0.7
2  14 170 852 0 0.7
2  374 166 0 0 0.7
4 C0 170 852 166 0
0

0101000
+343 648 -343 853 *
Ed
 1e-07 1 1 0
1  198 0 1.45734992541527 1.5707963267949
2  290 168 854 1.45734992541527 1.5707963267949
2  375 166 0 1.45734992541527 1.5707963267949
4 C0 168 854 166 0
0

0101000
+343 853 -342 853 *
Ed
 1e-07 1 1 0
1  199 0 0 0.7
2  14 167 852 0 0.7
2  376 166 0 0 0.7
4 C0 167 852 166 0
0

0101000
+342 648 -342 853 *
Ve
1.0000005e-07
-2.5 30.4996763460454 56.2741755517362
0 0

0101101
*
Ed
 1e-07 1 1 0
1  200 0 0 0.7
2  14 170 855 0 0.7
2  377 166 0 0 0.7
4 C0 170 855 166 0
0

0101000
+343 646 -218 0 *
Ve
1e-05
-2.5 30.5 56.2
0 0

0101101
*
Ed
 1e-07 1 1 0
1  201 0 1.45734992541527 1.46607657167524
2  290 168 856 1.45734992541527 1.46607657167524
2  378 166 0 1.45734992541527 1.46607657167524
4 C0 168 856 166 0
0

0101000
+218 0 -216 0 *
Ve
1e-05
-6e-15 30.5 56.2
0 0

0101101
*
Ed
 1e-05 1 1 0
1  202 0 0 2.5
3  379 4C0 166 0 0 2.5
0

0101000
-216 0 +214 0 *
Ed
 1e-07 1 1 0
1  203 0 0 6.28318530717959
2  380 35 857 0 6.28318530717959
2  2 166 0 0 6.28318530717959
4 C0 166 0 35 857
0

0101000
+214 0 -214 0 *
Ve
1.0000005e-07
-2.5 30.4534361106303 55.3115080622249
0 0

0101101
*
Ed
 1e-07 1 1 0
1  204 0 1.46607657167524 1.5707963267949
2  290 168 856 1.46607657167524 1.5707963267949
2  381 166 0 1.46607657167524 1.5707963267949
4 C0 168 856 166 0
0

0101000
+216 0 -211 0 *
Ed
 1e-07 1 1 0
1  205 0 0 0.7
2  14 167 855 0 0.7
2  382 166 0 0 0.7
4 C0 167 855 166 0
0

0101000
+342 646 -211 0 *
Ed
 1e-07 1 1 0
1  206 0 0 0.7
2  14 170 770 0 0.7
2  383 166 0 0 0.7
4 C0 170 770 166 0
0

0101000
+343 765 -343 769 *
Wi

0101100
+304 0 -303 0 -308 0 +302 0 +301 0 -300 0 -309 0 +299 0 +298 0 -297 0 
-310 0 +296 0 +295 0 -294 0 -311 0 +293 0 +292 0 -291 0 -312 0 +290 0 
+289 0 -288 0 -313 0 +287 0 +286 0 -285 0 -314 0 +284 0 +283 0 -282 0 
-315 0 +281 0 +280 0 -279 0 -316 0 +278 0 +277 0 -276 0 -317 0 +275 0 
+274 0 -273 0 -318 0 +272 0 +271 0 -270 0 -319 0 +269 0 +268 0 -267 0 
-320 0 +266 0 +265 0 -264 0 -321 0 +263 0 +262 0 -261 0 -322 0 +260 0 
+259 0 -258 0 -323 0 +257 0 +256 0 -255 0 -324 0 +254 0 +253 0 -252 0 
-325 0 +251 0 +250 0 -249 0 -326 0 +248 0 +247 0 -246 0 -327 0 +245 0 
+244 0 -243 0 -328 0 +242 0 +241 0 -240 0 -329 0 +239 0 +238 0 -237 0 
-330 0 +236 0 +235 0 -234 0 -331 0 +233 0 +232 0 -231 0 -332 0 +230 0 
+229 0 -228 0 -333 0 +227 0 +226 0 -225 0 -334 0 +224 0 +223 0 -222 0 
-335 0 +221 0 +220 0 -219 0 -341 0 +217 0 +215 0 -213 0 +212 0 +213 0 
+210 0 -209 0 -307 0 +208 0 *
Fa
0  1e-07 166 0

0111000
+207 0 *
Ed
 1.00000002e-07 1 1 0
1  207 0 0 0.7
2  384 169 0 0 0.7
2  385 167 0 0 0.7
0

0101000
+340 860 -340 861 *
Wi

0101100
+219 859 -205 0 -339 860 +339 861 *
Fa
0  1e-07 167 0

0111000
+204 0 *
Ed
 1e-07 1 1 0
1  208 0 0 0.7
2  386 169 0 0 0.7
2  387 170 0 0 0.7
0

0101000
+338 860 -338 861 *
Wi

0101100
+202 0 -205 0 -337 860 +337 861 *
Fa
0  1e-07 169 0

0111000
+201 0 *
Wi

0101100
+221 859 -202 0 -336 860 +336 861 *
Fa
0  1e-07 170 0

0111000
+199 0 *
Wi

0101100
+222 863 -205 0 -339 860 +339 861 *
Fa
0  1e-07 167 0

0111000
+197 0 *
Wi

0101100
+224 863 -202 0 -336 860 +336 861 *
Fa
0  1e-07 170 0

0111000
+195 0 *
Wi

0101100
+225 865 -205 0 -339 860 +339 861 *
Fa
0  1e-07 167 0

0111000
+193 0 *
Wi

0101100
+227 865 -202 0 -336 860 +336 861 *
Fa
0  1e-07 170 0

0111000
+191 0 *
Wi

0101100
+228 867 -205 0 -339 860 +339 861 *
Fa
0  1e-07 167 0

0111000
+189 0 *
Wi

0101100
+230 867 -202 0 -336 860 +336 861 *
Fa
0  1e-07 170 0

0111000
+187 0 *
Wi

0101100
+231 869 -205 0 -339 860 +339 861 *
Fa
0  1e-07 167 0

0111000
+185 0 *
Wi

0101100
+233 869 -202 0 -336 860 +336 861 *
Fa
0  1e-07 170 0

0111000
+183 0 *
Wi

0101100
+234 871 -205 0 -339 860 +339 861 *
Fa
0  1e-07 167 0

0111000
+181 0 *
Wi

0101100
+236 871 -202 0 -336 860 +336 861 *
Fa
0  1e-07 170 0

0111000
+179 0 *
Wi

0101100
+237 873 -205 0 -339 860 +339 861 *
Fa
0  1e-07 167 0

0111000
+177 0 *
Wi

0101100
+239 873 -202 0 -336 860 +336 861 *
Fa
0  1e-07 170 0

0111000
+175 0 *
Wi

0101100
+240 875 -205 0 -339 860 +339 861 *
Fa
0  1e-07 167 0

0111000
+173 0 *
Wi

0101100
+242 875 -202 0 -336 860 +336 861 *
Fa
0  1e-07 170 0

0111000
+171 0 *
Wi

0101100
+243 877 -205 0 -339 860 +339 861 *
Fa
0  1e-07 167 0

0111000
+169 0 *
Wi

0101100
+245 877 -202 0 -336 860 +336 861 *
Fa
0  1e-07 170 0

0111000
+167 0 *
Wi

0101100
+246 879 -205 0 -339 860 +339 861 *
Fa
0  1e-07 167 0

0111000
+165 0 *
Wi

0101100
+248 879 -202 0 -336 860 +336 861 *
Fa
0  1e-07 170 0

0111000
+163 0 *
Wi

0101100
+249 881 -205 0 -339 860 +339 861 *
Fa
0  1e-07 167 0

0111000
+161 0 *
Wi

0101100
+251 881 -202 0 -336 860 +336 861 *
Fa
0  1e-07 170 0

0111000
+159 0 *
Wi

0101100
+252 883 -205 0 -339 860 +339 861 *
Fa
0  1e-07 167 0

0111000
+157 0 *
Wi

0101100
+254 883 -202 0 -336 860 +336 861 *
Fa
0  1e-07 170 0

0111000
+155 0 *
Wi

0101100
+255 885 -205 0 -339 860 +339 861 *
Fa
0  1e-07 167 0

0111000
+153 0 *
Wi

0101100
+257 885 -202 0 -336 860 +336 861 *
Fa
0  1e-07 170 0

0111000
+151 0 *
Wi

0101100
+258 887 -205 0 -339 860 +339 861 *
Fa
0  1e-07 167 0

0111000
+149 0 *
Wi

0101100
+260 887 -202 0 -336 860 +336 861 *
Fa
0  1e-07 170 0

0111000
+147 0 *
Wi

0101100
+261 889 -205 0 -339 860 +339 861 *
Fa
0  1e-07 167 0

0111000
+145 0 *
Wi

0101100
+263 889 -202 0 -336 860 +336 861 *
Fa
0  1e-07 170 0

0111000
+143 0 *
Wi

0101100
+264 891 -205 0 -339 860 +339 861 *
Fa
0  1e-07 167 0

0111000
+141 0 *
Wi

0101100
+266 891 -202 0 -336 860 +336 861 *
Fa
0  1e-07 170 0

0111000
+139 0 *
Wi

0101100
+267 893 -205 0 -339 860 +339 861 *
Fa
0  1e-07 167 0

0111000
+137 0 *
Wi

0101100
+269 893 -202 0 -336 860 +336 861 *
Fa
0  1e-07 170 0

0111000
+135 0 *
Wi

0101100
+270 895 -205 0 -339 860 +339 861 *
Fa
0  1e-07 167 0

0111000
+133 0 *
Wi

0101100
+272 895 -202 0 -336 860 +336 861 *
Fa
0  1e-07 170 0

0111000
+131 0 *
Wi

0101100
+273 897 -205 0 -339 860 +339 861 *
Fa
0  1e-07 167 0

0111000
+129 0 *
Wi

0101100
+275 897 -202 0 -336 860 +336 861 *
Fa
0  1e-07 170 0

0111000
+127 0 *
Wi

0101100
+276 899 -205 0 -339 860 +339 861 *
Fa
0  1e-07 167 0

0111000
+125 0 *
Wi

0101100
+278 899 -202 0 -336 860 +336 861 *
Fa
0  1e-07 170 0

0111000
+123 0 *
Wi

0101100
+279 901 -205 0 -339 860 +339 861 *
Fa
0  1e-07 167 0

0111000
+121 0 *
Wi

0101100
+281 901 -202 0 -336 860 +336 861 *
Fa
0  1e-07 170 0

0111000
+119 0 *
Wi

0101100
+282 903 -205 0 -339 860 +339 861 *
Fa
0  1e-07 167 0

0111000
+117 0 *
Wi

0101100
+284 903 -202 0 -336 860 +336 861 *
Fa
0  1e-07 170 0

0111000
+115 0 *
Wi

0101100
+285 905 -205 0 -339 860 +339 861 *
Fa
0  1e-07 167 0

0111000
+113 0 *
Wi

0101100
+287 905 -202 0 -336 860 +336 861 *
Fa
0  1e-07 170 0

0111000
+111 0 *
Wi

0101100
+288 907 -205 0 -339 860 +339 861 *
Fa
0  1e-07 167 0

0111000
+109 0 *
Wi

0101100
+290 907 -202 0 -336 860 +336 861 *
Fa
0  1e-07 170 0

0111000
+107 0 *
Wi

0101100
+291 909 -205 0 -339 860 +339 861 *
Fa
0  1e-07 167 0

0111000
+105 0 *
Wi

0101100
+293 909 -202 0 -336 860 +336 861 *
Fa
0  1e-07 170 0

0111000
+103 0 *
Wi

0101100
+294 911 -205 0 -339 860 +339 861 *
Fa
0  1e-07 167 0

0111000
+101 0 *
Wi

0101100
+296 911 -202 0 -336 860 +336 861 *
Fa
0  1e-07 170 0

0111000
+99 0 *
Wi

0101100
+297 913 -205 0 -339 860 +339 861 *
Fa
0  1e-07 167 0

0111000
+97 0 *
Wi

0101100
+299 913 -202 0 -336 860 +336 861 *
Fa
0  1e-07 170 0

0111000
+95 0 *
Wi

0101100
+300 915 -205 0 -339 860 +339 861 *
Fa
0  1e-07 167 0

0111000
+93 0 *
Wi

0101100
+302 915 -202 0 -336 860 +336 861 *
Fa
0  1e-07 170 0

0111000
+91 0 *
Wi

0101100
+303 917 -205 0 -339 860 +339 861 *
Fa
0  1e-07 167 0

0111000
+89 0 *
Wi

0101100
+208 917 -202 0 -336 860 +336 861 *
Fa
0  1e-07 170 0

0111000
+87 0 *
Ed
 1.00000008e-07 1 1 0
1  82 0 0 6.5
2  2 167 650 0 6.5
2  194 167 652 0 6.5
2  195 168 653 0 6.5
2  196 164 654 0 6.5
2  197 164 656 0 6.5
2  198 164 658 0 6.5
2  199 164 660 0 6.5
2  200 164 662 0 6.5
2  201 164 664 0 6.5
2  202 164 666 0 6.5
2  203 164 668 0 6.5
2  204 164 670 0 6.5
2  205 164 672 0 6.5
2  206 164 674 0 6.5
2  207 164 676 0 6.5
2  208 164 678 0 6.5
2  209 164 680 0 6.5
2  210 164 682 0 6.5
2  211 164 684 0 6.5
2  212 164 686 0 6.5
2  213 164 688 0 6.5
2  214 164 690 0 6.5
2  215 164 692 0 6.5
2  216 164 694 0 6.5
2  217 164 696 0 6.5
2  218 164 697 0 6.5
2  219 164 698 0 6.5
2  220 164 700 0 6.5
2  221 164 702 0 6.5
2  222 164 704 0 6.5
2  223 164 706 0 6.5
2  224 164 708 0 6.5
2  225 164 710 0 6.5
0

0101000
+211 920 -340 0 *
Wi

0101100
+209 919 -205 0 -339 860 +85 861 *
Fa
0  1e-07 167 0

0111000
+84 0 *
Ed
 1.00000008e-07 1 1 0
1  84 0 0 6.50000000000001
2  2 170 650 0 6.50000000000001
2  258 170 652 0 6.50000000000001
2  259 168 653 0 6.50000000000001
2  260 164 654 0 6.50000000000001
2  261 164 656 0 6.50000000000001
2  262 164 658 0 6.50000000000001
2  263 164 660 0 6.50000000000001
2  264 164 662 0 6.50000000000001
2  265 164 664 0 6.50000000000001
2  266 164 666 0 6.50000000000001
2  267 164 668 0 6.50000000000001
2  268 164 670 0 6.50000000000001
2  269 164 672 0 6.50000000000001
2  270 164 674 0 6.50000000000001
2  271 164 676 0 6.50000000000001
2  272 164 678 0 6.50000000000001
2  273 164 680 0 6.50000000000001
2  274 164 682 0 6.50000000000001
2  275 164 684 0 6.50000000000001
2  276 164 686 0 6.50000000000001
2  277 164 688 0 6.50000000000001
2  278 164 690 0 6.50000000000001
2  279 164 692 0 6.50000000000001
2  280 164 694 0 6.50000000000001
2  281 164 696 0 6.50000000000001
2  282 164 697 0 6.50000000000001
2  283 164 698 0 6.50000000000001
2  284 164 700 0 6.50000000000001
2  285 164 702 0 6.50000000000001
2  286 164 704 0 6.50000000000001
2  287 164 706 0 6.50000000000001
2  288 164 708 0 6.50000000000001
2  289 164 710 0 6.50000000000001
0

0101000
+218 920 -338 0 *
Wi

0101100
+217 919 -202 0 -336 860 +82 861 *
Fa
0  1e-07 170 0

0111000
+81 0 *
Wi

0101100
+304 923 +339 0 -337 0 -336 0 *
Fa
0  1e-07 168 0

0111000
+79 922 *
Wi

0101100
+301 925 +339 0 -337 0 -336 0 *
Fa
0  1e-07 168 0

0111000
+77 922 *
Wi

0101100
+298 927 +339 0 -337 0 -336 0 *
Fa
0  1e-07 168 0

0111000
+75 922 *
Wi

0101100
+295 929 +339 0 -337 0 -336 0 *
Fa
0  1e-07 168 0

0111000
+73 922 *
Wi

0101100
+292 931 +339 0 -337 0 -336 0 *
Fa
0  1e-07 168 0

0111000
+71 922 *
Wi

0101100
+289 933 +339 0 -337 0 -336 0 *
Fa
0  1e-07 168 0

0111000
+69 922 *
Wi

0101100
+286 935 +339 0 -337 0 -336 0 *
Fa
0  1e-07 168 0

0111000
+67 922 *
Wi

0101100
+283 937 +339 0 -337 0 -336 0 *
Fa
0  1e-07 168 0

0111000
+65 922 *
Wi

0101100
+280 939 +339 0 -337 0 -336 0 *
Fa
0  1e-07 168 0

0111000
+63 922 *
Wi

0101100
+277 941 +339 0 -337 0 -336 0 *
Fa
0  1e-07 168 0

0111000
+61 922 *
Wi

0101100
+274 943 +339 0 -337 0 -336 0 *
Fa
0  1e-07 168 0

0111000
+59 922 *
Wi

0101100
+271 945 +339 0 -337 0 -336 0 *
Fa
0  1e-07 168 0

0111000
+57 922 *
Wi

0101100
+268 947 +339 0 -337 0 -336 0 *
Fa
0  1e-07 168 0

0111000
+55 922 *
Wi

0101100
+265 949 +339 0 -337 0 -336 0 *
Fa
0  1e-07 168 0

0111000
+53 922 *
Wi

0101100
+262 951 +339 0 -337 0 -336 0 *
Fa
0  1e-07 168 0

0111000
+51 922 *
Wi

0101100
+259 953 +339 0 -337 0 -336 0 *
Fa
0  1e-07 168 0

0111000
+49 922 *
Wi

0101100
+256 955 +339 0 -337 0 -336 0 *
Fa
0  1e-07 168 0

0111000
+47 922 *
Wi

0101100
+253 957 +339 0 -337 0 -336 0 *
Fa
0  1e-07 168 0

0111000
+45 922 *
Wi

0101100
+250 959 +339 0 -337 0 -336 0 *
Fa
0  1e-07 168 0

0111000
+43 922 *
Wi

0101100
+247 961 +339 0 -337 0 -336 0 *
Fa
0  1e-07 168 0

0111000
+41 922 *
Wi

0101100
+244 963 +339 0 -337 0 -336 0 *
Fa
0  1e-07 168 0

0111000
+39 922 *
Wi

0101100
+241 965 +339 0 -337 0 -336 0 *
Fa
0  1e-07 168 0

0111000
+37 922 *
Wi

0101100
+238 967 +339 0 -337 0 -336 0 *
Fa
0  1e-07 168 0

0111000
+35 922 *
Wi

0101100
+235 969 +339 0 -337 0 -336 0 *
Fa
0  1e-07 168 0

0111000
+33 922 *
Wi

0101100
+232 971 +339 0 -337 0 -336 0 *
Fa
0  1e-07 168 0

0111000
+31 922 *
Wi

0101100
+229 973 +339 0 -337 0 -336 0 *
Fa
0  1e-07 168 0

0111000
+29 922 *
Wi

0101100
+226 975 +339 0 -337 0 -336 0 *
Fa
0  1e-07 168 0

0111000
+27 922 *
Wi

0101100
+223 977 +339 0 -337 0 -336 0 *
Fa
0  1e-07 168 0

0111000
+25 922 *
Wi

0101100
+220 979 +339 0 -337 0 -336 0 *
Fa
0  1e-07 168 0

0111000
+23 922 *
Wi

0101100
+215 920 +210 920 +85 0 -337 0 -82 0 *
Fa
0  1e-07 168 0

0111000
+21 922 *
Wi

0101100
+212 983 *
Ve
1.00000001e-07
-7e-15 22 52.9
0 0

0101101
*
Ed
 1e-07 1 1 0
1  209 0 0 6.28318530717959
2  388 35 982 0 6.28318530717959
2  389 171 984 0 6.28318530717959
2  390 172 989 0 6.28318530717959
2  390 173 994 0 6.28318530717959
0

0101000
+18 0 -18 0 *
Wi

0101100
+17 0 *
Fa
0  1e-07 35 982

0111000
+19 0 +16 0 *
Ve
1e-07
-3.4 0 -3.3
0 0

0101101
*
Ed
 1e-07 1 1 0
1  210 0 0 5.10000000000001
3  379 4CN 171 0 0 5.10000000000001
0

0101000
+14 0 -18 995 *
Ed
 1e-07 1 1 0
1  211 0 0 6.28318530717959
2  391 174 0 0 6.28318530717959
2  2 171 0 0 6.28318530717959
0

0101000
+14 0 -14 0 *
Wi

0101100
-13 984 +17 0 +13 984 +12 984 *
Fa
0  1e-07 171 984

0111000
+11 0 *
Ve
1.00000011e-07
0 0 -6.7
0 0

0101101
*
Ed
 1.00000011e-07 1 1 0
1  212 0 0 6.28318530717959
2  392 175 0 0 6.28318530717959
2  2 174 0 0 6.28318530717959
2  393 35 997 0 6.28318530717959
2  394 49 998 0 6.28318530717959
2  394 50 998 0 6.28318530717959
2  394 51 998 0 6.28318530717959
2  394 52 998 0 6.28318530717959
2  395 53 998 0 6.28318530717959
2  396 54 998 0 6.28318530717959
2  396 55 998 0 6.28318530717959
2  396 56 998 0 6.28318530717959
2  397 57 998 0 6.28318530717959
2  396 58 998 0 6.28318530717959
2  396 2 998 0 6.28318530717959
0

0101000
+9 0 -9 0 *
Ed
 1e-07 1 1 0
1  213 0 0 4.80832611206852
3  379 4CN 174 0 0 4.80832611206852
0

0101000
+9 0 -14 0 *
Wi

0101100
+8 0 -12 0 -7 0 +7 0 *
Fa
0  1e-07 174 0

0111000
+6 0 *
Wi

0101100
+8 999 *
Fa
0  1e-07 2 135

0111000
+4 0 *
Sh

0101100
+527 7 +509 7 -504 114 +501 116 +490 0 -485 116 +480 130 +477 116 +460 122 +452 114 
-449 117 -446 117 -443 117 -440 117 -437 117 -435 117 +430 122 -423 122 +418 7 -415 7 
+413 116 +406 0 +397 0 -392 385 -387 130 +380 589 +378 610 +375 0 -370 0 +363 0 
-358 122 -353 385 -350 0 -347 635 +345 0 -305 637 +206 114 +203 858 -200 858 -198 858 
+196 862 -200 862 -194 862 +192 864 -200 864 -190 864 +188 866 -200 866 -186 866 +184 868 
-200 868 -182 868 +180 870 -200 870 -178 870 +176 872 -200 872 -174 872 +172 874 -200 874 
-170 874 +168 876 -200 876 -166 876 +164 878 -200 878 -162 878 +160 880 -200 880 -158 880 
+156 882 -200 882 -154 882 +152 884 -200 884 -150 884 +148 886 -200 886 -146 886 +144 888 
-200 888 -142 888 +140 890 -200 890 -138 890 +136 892 -200 892 -134 892 +132 894 -200 894 
-130 894 +128 896 -200 896 -126 896 +124 898 -200 898 -122 898 +120 900 -200 900 -118 900 
+116 902 -200 902 -114 902 +112 904 -200 904 -110 904 +108 906 -200 906 -106 906 +104 908 
-200 908 -102 908 +100 910 -200 910 -98 910 +96 912 -200 912 -94 912 +92 914 -200 914 
-90 914 +88 916 -200 916 -86 916 +83 918 -200 918 -80 918 -78 921 -76 924 -74 926 
-72 928 -70 930 -68 932 -66 934 -64 936 -62 938 -60 940 -58 942 -56 944 -54 946 
-52 948 -50 950 -48 952 -46 954 -44 956 -42 958 -40 960 -38 962 -36 964 -34 966 
-32 968 -30 970 -28 972 -26 974 -24 976 -22 978 -20 980 -15 981 +10 981 +5 996 
-3 116 *
So

0100000
+2 0 *

+1 1 